year,age,sex,chd_incd_clbr_fctr,stroke_incd_clbr_fctr,t2dm_incd_clbr_fctr,chd_ftlt_clbr_fctr,stroke_ftlt_clbr_fctr,nonmodelled_ftlt_clbr_fctr
2013,30,men,1.21269016204262,1.01375083210304,0.998497310404249,189.721090002464,152.858075574605,0.9769553396742
2013,30,women,1.04711882723913,0.992205607541799,0.97473571757135,170.335311606523,150.287761201915,1.00754113485299
2013,31,men,0.968897065840879,0.968927442633954,0.966979170488261,186.281697346991,168.700085215016,1.00046654687939
2013,31,women,1.03342471342255,0.98897491297389,0.96640378076903,171.584415067902,157.046917726127,1.03789153554255
2013,32,men,0.799917271928243,0.964558429761783,0.981154749056968,187.536399739384,168.17527314285,0.993847454834179
2013,32,women,0.923145773552329,0.976344591440255,1.00128713850157,184.084315507861,113.888201102049,0.976629774354903
2013,33,men,0.76124003234028,0.969287763134085,0.974274013250416,99.9198548613774,95.1546469213137,1.0281067035319
2013,33,women,0.841785900075455,0.953408748344158,1.01461261034831,184.093102596501,93.6876929000929,1.01267165392274
2013,34,men,0.922264478353128,0.918605804594336,0.95101217494969,98.31834837102,96.359440313739,0.987788541967663
2013,34,women,0.944976848936108,0.95675614445714,0.962043104791252,181.608658800138,96.9278432527673,0.964002614206768
2013,35,men,1.02800356011358,0.921834171930857,1.32693852152157,97.5379539736828,102.53533889282,1.02138206040674
2013,35,women,1.01113212624582,0.941104704806602,1.24573929332502,97.5215786081552,100.733744721074,1.00717529449712
2013,36,men,1.14671607146945,0.93911638755211,1.26287038406127,99.9003404488386,77.9323594684897,0.977886208113311
2013,36,women,1.11611705200692,1.00033436544709,1.30527954225419,97.6148556709856,107.374874724667,0.990047704038081
2013,37,men,1.27417242412035,0.924101881074697,1.27248070316102,68.0446206508907,81.334026457964,1.00325736080749
2013,37,women,1.23505689182456,0.953152399111522,1.35759188009968,97.2116235823165,108.159930471625,1.06020358946083
2013,38,men,1.20022139878462,0.925013113117813,1.18871964827497,72.0019295439455,83.2084596068131,0.927019116589937
2013,38,women,1.02453413035228,0.976696840014317,1.21721036420926,101.264858243267,78.8408996054648,1.0455924110788
2013,39,men,1.06621835267616,0.918038844339535,1.1373514248091,55.7659427711421,65.8335018683551,1.08265339455298
2013,39,women,0.958354593027094,0.931451771220026,1.3476659015411,73.2068343542692,77.6172277295973,0.981877686754955
2013,40,men,0.979653041592857,0.929611839378558,1.18990659255453,56.5919300246864,68.2609636645738,0.981972520846718
2013,40,women,1.00000818181658,0.925521317650133,1.02747741639762,102.781356872165,63.3530667467926,0.974643186534894
2013,41,men,0.936562889055163,0.885582482606945,1.09416566204864,46.9534415346927,57.6691539738774,0.971381730595942
2013,41,women,0.956005647021412,0.932569783005926,1.20065245249206,71.1708076147973,56.2860027727857,0.996124790191141
2013,42,men,0.934570063981259,0.927143746187592,1.10902731899409,47.0006712075491,60.4887861935436,0.924932395988385
2013,42,women,0.997526563167647,0.961156308151625,1.22960940366367,71.7553108389965,65.30251926466,1.01804913632769
2013,43,men,0.932493128975798,0.911794603149612,1.3055299742954,47.0223103918673,45.6766822528403,0.969019355142015
2013,43,women,1.02082554193173,0.923041207253512,1.03426082965276,68.6986822724365,59.6724622166366,1.00116302396525
2013,44,men,0.949339946073093,0.896861469948176,1.34166729708576,40.5247105889135,53.6096624114282,1.01511194795335
2013,44,women,1.01215142752364,0.911543255403964,1.11618452111003,70.0075539502839,52.3644435537016,0.981642438492429
2013,45,men,0.89214375844119,0.886585021642588,1.20269427053822,36.2929139355531,41.5343865458662,0.950379885774862
2013,45,women,0.913022466020329,0.912611607352668,1.23733597218734,51.492989665346,46.6499370055013,0.988603552879938
2013,46,men,0.920063447275213,0.883744466449518,1.02361280500282,32.5545716688112,38.5640016576106,0.963624658532087
2013,46,women,0.909227704704514,0.872514810768726,1.31683758865709,51.3632145801354,45.9349874352104,1.06673936268062
2013,47,men,0.865313532647856,0.900507845982633,1.10856120642082,28.900204485317,36.4501101764978,0.965726797666722
2013,47,women,0.957430154371021,0.881028958613963,1.28349601879173,49.4551087908738,40.6686478489714,1.03211868048042
2013,48,men,0.916465361759489,0.88561207036687,1.20196404959554,31.1899780592361,34.8881634874719,0.978966400973756
2013,48,women,0.898527288418695,0.889739147729435,1.43530258077265,45.6116591555612,36.7778678571563,0.98822794108668
2013,49,men,0.869480087961366,0.898869189589869,1.17938293542386,24.7608715431933,29.0142656788793,0.985996855668652
2013,49,women,0.989776851613102,0.869439988271132,1.11297328576943,37.6120319810241,33.2227394300477,0.978309445861861
2013,50,men,0.883654780805892,0.852659267613318,1.34318321880208,25.1566891425544,26.5540493651121,1.00242957756733
2013,50,women,0.921120777349408,0.84695026667462,1.15301456496804,37.027470496966,33.504402046141,0.949114559153972
2013,51,men,0.908364750088782,0.839442663552898,1.16237210177449,24.7697126155265,24.8548687655652,1.00243750338005
2013,51,women,0.995627287205423,0.862650191213958,1.23385372519194,36.3484329167683,32.7123596530673,1.0543884944792
2013,52,men,0.915335329737823,0.87543209836391,1.22515504722591,21.6836140960259,25.6279770392783,0.987286828802351
2013,52,women,0.887332153369754,0.859286202611371,0.96436774674488,33.388788450999,29.9107808864012,0.967597420279126
2013,53,men,0.924224569150208,0.868794185715807,1.48668789330224,21.536120115081,22.0785691051105,0.944533468239246
2013,53,women,0.93053529226614,0.882286028682654,1.28321768403209,27.9886571882872,28.0706937109847,0.982182739591279
2013,54,men,0.870786141449177,0.845323687741967,1.38548475467377,18.6106602453071,20.8489437575722,0.94084976607489
2013,54,women,0.892689204326204,0.848417499155384,1.06542297440975,30.4270830148886,23.6678314781392,0.956906446042072
2013,55,men,0.911816694131892,0.836660379181191,1.12778982411592,15.6104591976519,19.0950673234848,0.952995005017101
2013,55,women,0.915845322401177,0.860574007512647,1.05529818842972,23.592719028444,23.0349497538034,0.978993109562946
2013,56,men,0.881459149878904,0.847809832140409,1.12376575917572,15.4787404713531,16.9664410862603,1.00061907240882
2013,56,women,0.884677993695818,0.845941944971053,1.21264808881888,23.0694745319351,21.0327012309994,0.964723991148608
2013,57,men,0.871068268718505,0.843935301744506,1.32712257647413,14.5879018277408,15.801792172863,0.949180572675363
2013,57,women,0.843020895923658,0.833093679462567,1.07391572932,21.7196900460544,20.1822107891093,0.971253897370458
2013,58,men,0.920100580132433,0.84000095098496,1.27094397983952,13.8526209011346,14.986140000443,0.975844459281769
2013,58,women,0.852163636823499,0.838635073817233,1.2466076191908,17.9180355599751,21.3357961113697,0.949878856089816
2013,59,men,0.903894705923351,0.835540682020756,1.22774871638945,12.5213320913009,13.978477217212,0.965458900591272
2013,59,women,0.883818534497971,0.797449328346321,1.54036627089081,19.6826446047036,17.7363681921223,0.945476266174045
2013,60,men,0.958415775802642,0.94636934247763,1.07387848592555,13.6716762611279,17.0044975277456,0.955962669525909
2013,60,women,0.914014776612378,0.94610210764203,1.21350730794346,19.1194415282939,24.6926916930334,0.94500036822599
2013,61,men,0.92813049763537,0.934086225062188,1.33804485655891,12.2086541267736,15.9879200618746,0.957483878549323
2013,61,women,0.933416873260639,0.90589855347064,1.16769618261265,18.2369315452013,21.5934097619534,0.915375100385407
2013,62,men,0.933223406981745,0.937709447361981,1.17619679848294,12.228319937804,15.1866097257177,0.98350015093695
2013,62,women,0.925453981247508,0.923272863738576,1.27897084054836,17.6049011191234,22.5913295425835,0.927375052233595
2013,63,men,0.946844926410623,0.929387773751734,1.27822926691273,10.8164027442182,14.0713552545231,0.94378813885854
2013,63,women,0.943991402014903,0.918385042337271,1.12908123072417,16.6207186166747,20.5514594195438,0.943656361881543
2013,64,men,0.934982568863305,0.928139362395245,1.11262120273115,11.0296756191004,13.7200720665169,0.963483757075214
2013,64,women,0.930893146109723,0.923254322198556,1.12289460957571,16.0721169101722,18.8747506980891,0.972369700117047
2013,65,men,0.948413720253318,0.922124824499024,1.10835340020746,9.84211315193808,12.571024289538,0.943558229570947
2013,65,women,0.965309755097281,0.913601362692926,1.45515132391715,15.0090228373889,18.6516250848758,0.953665246356685
2013,66,men,0.940171661470443,0.933512384950761,1.25293029845336,10.8641718778676,12.9400102958779,0.959256805734059
2013,66,women,0.90781001794365,0.907886942841172,1.12523729042575,14.1349827624991,17.7971719295164,0.927896124765397
2013,67,men,0.929460143266587,0.948778414909012,1.19932065027089,9.23253837852524,11.6473888524211,0.940931227182909
2013,67,women,0.904577215714804,0.895373419377163,1.10818846492205,13.905770848317,16.1085035675658,0.938228213554216
2013,68,men,0.956211670745309,0.948651423642958,1.15403139915277,8.94207928938095,10.7568667457011,0.910553752132369
2013,68,women,0.93027343263082,0.910748811525135,1.29154687754303,12.8241350764598,16.9083605893552,0.962288737465597
2013,69,men,0.95946065823582,0.941147070165361,1.09625095137672,8.49937440141242,10.6082518752052,0.941772766379091
2013,69,women,0.916354955752497,0.901202665265762,1.29306364033283,10.9595040458803,15.6989274591249,0.935267481382962
2013,70,men,0.963239702309093,0.966069821140177,1.08569054121961,8.88303509226002,10.2274201441859,0.911565829122502
2013,70,women,0.93605228214388,0.930491533723537,1.35626308370299,10.6337831598068,16.2472995673259,0.928148269740772
2013,71,men,0.993345127386684,0.966530348069731,1.15741584540957,8.67711546332045,9.97621493559751,0.922380464360361
2013,71,women,0.973390393705338,0.9218454436946,1.16203099191963,11.8765338338335,13.4314859079246,0.891403557342914
2013,72,men,1.00509933138063,0.969454347258248,1.22128421174546,8.25327422471937,9.38287842454587,0.938340297358966
2013,72,women,0.94768760076614,0.933377663243134,1.2009863564003,9.86808562085099,15.3243898050065,0.914138416833351
2013,73,men,0.957159045577852,0.963487695936853,1.31808866479042,7.52322973802287,9.257817258188,0.913611524316739
2013,73,women,0.973737016865203,0.924912752174118,1.21017353497076,12.0522511036991,13.9857615553288,0.874679924934921
2013,74,men,0.974753396169027,0.982359394352237,1.20747901248426,7.64729545156028,9.67446546811368,0.945182778389062
2013,74,women,0.956045210360509,0.923252398942689,1.15536233793086,9.34432621697918,13.072124274545,0.898620088537293
2013,75,men,0.99902998182851,0.993677115815813,1.39380956260658,7.54209348965795,9.35715629345345,0.944992446715812
2013,75,women,0.9793284443199,0.944927383032006,1.16051307860119,9.77035269230966,12.3997668158872,0.938561243296135
2013,76,men,1.02077877394758,1.00202938496485,1.2635393117271,8.03105155212384,8.93896568571745,0.921979067855374
2013,76,women,0.969657384688791,0.972683583057496,1.4818206011461,9.36396301386363,12.6671809974846,0.957215342971644
2013,77,men,0.991659116381935,0.993559456454806,1.12565954194303,8.29895157815679,8.78999181657845,0.965119612572214
2013,77,women,0.955624925601827,0.972620734549575,1.26974936773029,9.14829496355484,12.2209349319404,0.880694244613387
2013,78,men,1.03229579643308,1.03076985887626,1.26701431121444,8.41568499588376,8.31885729274249,0.926236074724111
2013,78,women,0.975720690445752,0.986310368013795,1.15760860937527,8.98739047489372,11.5722777958701,0.931326589480736
2013,79,men,1.06056558334046,1.02198993739624,1.42919363054613,7.99079445140709,7.88964097794058,0.936328870458864
2013,79,women,0.993006589904348,0.977999675183621,1.2633879131976,8.53985982960761,10.5000411788081,0.949572396291824
2013,80,men,1.04466950939204,1.03129718090722,1.25772206382275,7.23421923571186,7.56595032232918,0.896201770333677
2013,80,women,0.987782931642396,0.98403292455855,1.24455423405437,7.91314853898418,10.444543576037,0.976468209630874
2013,81,men,1.10061571921405,1.03238512750286,1.38227768070991,6.91845663507322,8.17467747311488,0.912402380662838
2013,81,women,1.01320243547205,0.991710864896856,1.31240741495643,8.63987087488485,10.4053875241476,0.926078733709422
2013,82,men,1.10900648405456,1.07695590438887,1.23606905022037,7.09605090500884,7.16768894939795,0.995554901289381
2013,82,women,1.04131401528509,0.990706474799266,1.20691455712305,7.98556392197299,10.4368976105184,0.910589454831667
2013,83,men,1.11543873081167,1.0474142366135,1.48434119670696,7.36641686913518,8.22081896269991,0.930634079360441
2013,83,women,1.04786842471255,1.01079899765007,1.38876009426637,8.42282924049831,11.8719383475477,0.930250004656942
2013,84,men,1.14726483133364,1.06611762327304,1.37369432887881,7.13726793350024,8.33759984037572,1.01187167575006
2013,84,women,1.07049145664367,1.00963799708942,1.27484339753121,7.94966364843554,11.8796326132085,0.949504531639032
2013,85,men,1.15273468582567,1.09537061030224,1.24717935863532,8.00313042488331,8.93692001386797,1.01235890032589
2013,85,women,1.07297145641921,1.03075644648592,1.09782325077668,8.17028617727839,12.4517616347503,0.967332804848953
2013,86,men,1.15941362134314,1.07746262783907,1.26631442676171,6.99457859043023,10.7220444988149,0.928297845615957
2013,86,women,1.06223842367457,1.03703587140875,1.08532272474394,7.99078681203655,13.8731089476121,0.974778905334457
2013,87,men,1.18191781156886,1.07423462603977,0.952392037416254,7.66797125144137,9.01507574419975,0.913147326412954
2013,87,women,1.09772632907713,1.03949340708189,1.13763140508629,9.82092094950886,13.5502484971914,0.992847401441989
2013,88,men,1.2495951760551,1.14008936477523,1.97763118914717,7.1700747501025,9.41917622332896,1.09769042332656
2013,88,women,1.132348859756,1.0541649249072,1.51088984129035,8.17780612734041,12.4541387300151,0.951678587645708
2013,89,men,1.27693213120654,1.08630231614576,0.866942137281621,6.91172926195157,10.2377316417255,1.10036235581222
2013,89,women,1.19701210228166,1.075523327385,1.22034602035192,7.86472062032462,11.8484477755441,0.953953520767076
2014,30,men,1.22430075559437,1.00757072826156,1.03106799128103,194.820908997135,136.176922404472,0.957776952388292
2014,30,women,1.04904240482145,0.987120862509488,1.00385657157934,176.896878244807,142.778742413977,1.0021906287629
2014,31,men,0.983275843622499,0.963612454874211,0.999133722867134,214.246423486674,154.248586145995,0.994259789129393
2014,31,women,1.03563074917943,0.982611051472258,0.995652082060437,190.624279512786,157.62667980541,1.03959585524804
2014,32,men,0.813518723036779,0.957651221647886,1.01348436624643,217.778524953035,173.322472788968,1.00629403937087
2014,32,women,0.920983657427804,0.968886710749283,1.03043267430637,192.256230697602,170.059368181605,1.05441307423628
2014,33,men,0.76924751154601,0.9606383263004,1.00647129271337,113.947435816473,91.9219899853986,0.98510292054591
2014,33,women,0.840950955607195,0.946603595521698,1.04379714280557,208.917856547772,94.1260215804169,1.01827901564317
2014,34,men,0.923546781698301,0.911385394809774,0.982688607842443,111.672297424251,97.4965982434446,1.05322713543933
2014,34,women,0.93908004635474,0.947922656965792,0.990088497689448,198.237348265967,99.3558298109052,0.99471920951256
2014,35,men,1.02897414330307,0.915019728662156,1.33051777261775,112.431150021801,100.803395393968,0.941908374286214
2014,35,women,1.00461200104771,0.934107504222709,1.24454196720927,106.66322776127,103.487451609136,1.04011626361163
2014,36,men,1.14741034502293,0.92962079736527,1.26645499565171,109.402294170849,72.2255649374583,0.967232585012437
2014,36,women,1.10838778952724,0.990286462708466,1.30458279458166,111.210477082073,107.665910790438,0.986823097432844
2014,37,men,1.27497563062262,0.915072941446412,1.27711796701183,78.8977698699539,76.9135288002641,0.993735342102551
2014,37,women,1.22611536153678,0.944659327109849,1.35632926108703,109.25069227742,76.443750998937,0.989847950852417
2014,38,men,1.20130372775117,0.915091950532017,1.19428015421801,78.1177406365107,82.5937871917339,1.03847649176601
2014,38,women,1.01955779106586,0.96830233069203,1.21674207619352,107.713861046872,113.824654826611,1.03320607298389
2014,39,men,1.06276233715316,0.908487578762887,1.141965798173,71.772833594089,65.8056083463449,1.03494520040443
2014,39,women,0.956843274974176,0.92284093276485,1.34587284088784,112.540117411378,79.106068928113,1.00077924852264
2014,40,men,0.979277300781055,0.918308153278515,1.19492687219148,64.0287114566418,68.5726288450267,0.934733482563419
2014,40,women,0.991313127315172,0.915974478946826,1.02737504121846,81.7631779323818,63.1056080660154,1.04279571190512
2014,41,men,0.934475455130644,0.87525910096389,1.09956326198413,61.4951889120272,57.3537850187233,0.949138924018329
2014,41,women,0.949649857113052,0.921992644534201,1.20220170111458,78.4983781979284,65.8103526853055,0.998073895805686
2014,42,men,0.932348116316691,0.914880573529979,1.11516217783255,54.663430352186,50.764756715587,0.955136596961615
2014,42,women,0.991110692747664,0.950355403409093,1.23218453969781,78.5236289344455,66.6491139977844,0.960457432875421
2014,43,men,0.931002745653788,0.899617829051603,1.31343789452091,47.01230151644,46.6336026259105,1.01532155671105
2014,43,women,1.01013263744205,0.913156209243574,1.0365240565693,79.6903473144157,54.9535337306208,0.95844007241927
2014,44,men,0.946021550125568,0.88516425003026,1.35112571396078,41.2287825976066,46.8682590387837,0.98398190519444
2014,44,women,1.00171975519596,0.901483589887661,1.12094506248459,77.0204571495581,51.2179839568726,1.03437972319237
2014,45,men,0.888103323607923,0.874981871710617,1.21395241234454,41.4540588269737,42.4767661615772,0.996499870739932
2014,45,women,0.904576595745813,0.901452472627844,1.24226363964753,59.9574172547179,46.6055674549901,0.933351231600851
2014,46,men,0.915061912330721,0.871681377348736,1.0346518254099,41.0069308367537,39.2736576758102,0.939825898921956
2014,46,women,0.900615985686959,0.861551319150223,1.3233464831965,51.0858576385373,42.1579160504798,1.00467437820387
2014,47,men,0.860323311619807,0.887413901893243,1.12060779325694,33.3247738263421,36.7044646381872,0.984891258899482
2014,47,women,0.947593257732122,0.869946028231012,1.29067635733415,49.0863997678877,41.3454192251221,1.00348846479499
2014,48,men,0.910968854717505,0.873270815375522,1.21587911583269,37.1920614769695,32.5714755905698,0.959341159068897
2014,48,women,0.888573949406721,0.87855486515087,1.44452250818476,44.915701164143,36.7965072309803,0.954200057791741
2014,49,men,0.863192225462989,0.885305228587606,1.19350472272705,28.8346516730283,30.503124335017,0.993501044086978
2014,49,women,0.976232132121247,0.857783055458469,1.12039336688313,42.4683495974704,32.9998496620742,0.975065070466654
2014,50,men,0.877454985250121,0.840265536227228,1.35935886456115,26.2951623190007,26.4527600072628,0.95043214953803
2014,50,women,0.909155643195614,0.834823028747225,1.16116973322513,40.8271420536021,35.3930004362142,0.987539947935856
2014,51,men,0.899868090085734,0.82721303026823,1.17734021748136,24.0765004266155,24.0664715322527,0.945836626062664
2014,51,women,0.980532251835612,0.850563805940878,1.24171058084587,40.5934745606095,27.6977942211785,0.974021955674188
2014,52,men,0.906319843279485,0.861291760135403,1.23998002740573,22.624106830194,22.6431126116128,0.937388360476327
2014,52,women,0.87525677016197,0.846858238183758,0.970409395848399,28.3801841903078,28.5895356561015,0.99615653177057
2014,53,men,0.915571942356942,0.854782386588957,1.50536155293091,21.162058852165,23.1540798219105,1.00742638606174
2014,53,women,0.915664519784254,0.868712618504509,1.29120318107106,28.5013141266246,27.0810762403946,0.961731959655633
2014,54,men,0.862757374155418,0.832688989739938,1.40202817933721,19.4322254624255,18.3635181059296,0.964155698042368
2014,54,women,0.879378648082074,0.835149214220359,1.07248063742255,30.1846975791611,23.7521877060176,1.02187243230227
2014,55,men,0.900166514936278,0.823459589242238,1.14433540707169,18.3225988839039,18.996907865358,0.980481132466862
2014,55,women,0.898652584228118,0.847034073432626,1.06242225924332,26.5290950416538,23.8579584673085,0.978396165993884
2014,56,men,0.871005095566069,0.834776111104203,1.14042708841601,18.1252424214269,18.0587152922406,0.980283802113204
2014,56,women,0.868194209437428,0.832632821221601,1.21973155474369,23.032256162723,20.7161527707587,0.912356412145318
2014,57,men,0.86091324793375,0.831025559224563,1.34606380178424,15.7542258382196,15.7423095316049,0.980273145610779
2014,57,women,0.827840092804691,0.820065206852567,1.08040029721233,20.274762170258,20.4530347746854,0.974424790120024
2014,58,men,0.908209718567391,0.826623739237793,1.28875423749025,15.9890000770264,14.081976473235,0.955843293379371
2014,58,women,0.836111954180051,0.825123042110575,1.25353859372591,18.5780582290623,18.7126876644385,0.954274548151646
2014,59,men,0.89206026176122,0.822503084205297,1.24459875800851,14.5782834490974,13.5838782914947,0.936320305846681
2014,59,women,0.866617345237327,0.784584476636429,1.54804487982146,19.153857841511,17.2334849537522,0.926280168142879
2014,60,men,0.949331407643872,0.936232571322236,1.08746038332017,14.1502526093536,16.6135175648577,0.958913741192946
2014,60,women,0.900946698316412,0.935146025826038,1.21995253870459,18.7427935255204,22.7713769871827,0.908600851764107
2014,61,men,0.919543212572799,0.924464908381687,1.35327250235338,12.5499684841002,16.436209303551,0.938299417167865
2014,61,women,0.919483749222221,0.896187984114952,1.1738588451516,19.7051225154741,21.8707694710395,0.980231959779124
2014,62,men,0.924377227852878,0.928065785696293,1.18908878248163,12.8728431182291,15.6376924789576,0.956608778339702
2014,62,women,0.911970052346016,0.912631752334049,1.28308347420663,19.4606320803659,21.1026207985078,0.934130978415503
2014,63,men,0.936947966601062,0.920312104188131,1.29018625382972,12.2437216837413,14.406270563662,0.957868430831568
2014,63,women,0.929853153374019,0.907230863511301,1.13230155842463,15.8886250937614,20.436252071338,0.939064243177886
2014,64,men,0.925795278763921,0.918826215821215,1.12311102330847,11.4288750124523,13.7693693905956,0.947450952946356
2014,64,women,0.916401603165054,0.911915795205139,1.12359231560953,14.9592400893573,19.480164602741,0.98241913281651
2014,65,men,0.937200769286045,0.913252941228453,1.11962665518302,11.7366034676275,13.1891008979828,0.918844371926849
2014,65,women,0.948743275866324,0.902395200442701,1.45893928750432,14.2819139190953,19.0225904659065,0.901765279672126
2014,66,men,0.929432450186747,0.924101943002161,1.2610156621936,10.1838248729756,11.4469054736892,0.944284617366907
2014,66,women,0.892603912091587,0.89680325878394,1.12602185460408,12.6125617170944,17.4630272952837,0.917247405632897
2014,67,men,0.918813246855281,0.939061928572135,1.20633404825696,10.3359309313448,11.9587897771009,0.934448533445382
2014,67,women,0.891351540560167,0.885306154808981,1.10812113660531,12.2677669659409,17.7020862972106,0.909059045679412
2014,68,men,0.944957527258813,0.93939956012075,1.15914885909133,9.36916919120135,10.7051884793149,0.941882444660992
2014,68,women,0.915382453151405,0.900266298268957,1.28756080332257,12.0303244533532,16.0468944408097,0.895725523674487
2014,69,men,0.947655464420949,0.932927686495708,1.09804537013376,8.98389818597462,10.6678112182801,0.941076950706618
2014,69,women,0.902302356692544,0.891355400339105,1.2892159061656,11.5035235938789,15.0849798704506,0.917500650812338
2014,70,men,0.953352096927661,0.959476598747141,1.08664950767754,8.66437619724767,10.40069673114,0.985428820962065
2014,70,women,0.923320805193884,0.921765993180827,1.34967094955635,10.6868532524757,14.2611577585275,0.93170381898759
2014,71,men,0.982160260594585,0.960330797403705,1.15988677744681,8.06499538611337,10.1362402094463,0.928504959194018
2014,71,women,0.959389700743415,0.913369523636901,1.15641592727163,11.5780999572417,14.0660006211438,0.946370404559865
2014,72,men,0.992881317254398,0.963898413185297,1.22149058408528,8.6075657823848,9.19223107788384,0.937734172553609
2014,72,women,0.934490250468453,0.92507325183245,1.19318002086597,9.89235606010445,13.87631600597,0.95096250656436
2014,73,men,0.945359885573624,0.958815263162657,1.31736334487418,7.73158726331583,9.46850237974612,0.948768950141236
2014,73,women,0.959560292410336,0.916513094206893,1.20324643063362,10.0130558663363,12.6841818448686,0.914000126785469
2014,74,men,0.961934816964281,0.977074879319014,1.20750151856837,7.27930496022858,9.21025108253539,0.903659528801191
2014,74,women,0.941543125211666,0.915273234062833,1.14847703380519,9.75682783110189,12.3522398101449,0.892271403553767
2014,75,men,0.982774559767016,0.988183191860655,1.38815624357091,8.27557081247528,8.59009190127717,0.982580507660768
2014,75,women,0.961920151536992,0.935990482168246,1.15800388852717,8.77697771511769,11.7514482510306,0.880334820310112
2014,76,men,1.00280406521037,0.996378926594237,1.26212527338048,7.31031351581367,7.65557761989956,0.924872550720752
2014,76,women,0.952786518896244,0.962809830894746,1.4701657733467,8.5117778856976,11.5317262103352,0.906275433711003
2014,77,men,0.973976486184272,0.988981845404697,1.12994360801768,7.43096638363216,7.72381047711337,0.933271348139481
2014,77,women,0.938131134787609,0.962954879783324,1.2582785280417,8.50044290546009,10.6768736189697,0.929906737928724
2014,78,men,1.01214110937057,1.02488693469417,1.25910273745991,7.96678309958154,7.50685842795803,0.928917900284067
2014,78,women,0.956898532984977,0.976227331785234,1.15109384263772,8.24168972629185,10.7694652856405,0.904233294067506
2014,79,men,1.03813051395275,1.01696886590041,1.4139101993516,7.43682313828444,7.30108318448341,0.937995743853205
2014,79,women,0.972852488860125,0.968568882254208,1.25021526724222,7.53215560782464,9.59000068255876,0.905952510013741
2014,80,men,1.0242052860875,1.02609953941976,1.24814813721739,6.31353328120582,6.41165108837831,0.932431610093648
2014,80,women,0.967843704728233,0.974842500180077,1.23061745577313,7.71453010173238,8.5479576400194,0.955133186027593
2014,81,men,1.07725724575268,1.028057577946,1.36423044919798,6.96496307481481,7.02945557484677,0.969096053182886
2014,81,women,0.992355551443711,0.98255370799991,1.29283373090209,7.49552141501406,9.02967154680651,0.912138015671364
2014,82,men,1.08519389726311,1.07158408516626,1.2194552055444,6.36498545136912,6.43000256364811,0.934291222954769
2014,82,women,1.0193151987666,0.982379716761975,1.18883680597464,7.79496996851664,9.29594275334239,0.914831332479633
2014,83,men,1.09299962003931,1.0444147890651,1.45476580108147,6.26495050841518,6.79215577481637,0.881944642167968
2014,83,women,1.02745726653824,1.00281350052747,1.36178523314791,7.58799419544995,9.48542188906481,0.89777895037064
2014,84,men,1.12536305175844,1.06386486563845,1.35456253493891,6.19890910881454,7.20557546201438,0.922745060353094
2014,84,women,1.05015590736668,1.00280893223229,1.25774356709254,8.30596453526824,9.9208121782077,0.936473229749183
2014,85,men,1.132743331207,1.09357955313087,1.24017205013088,6.74944568874146,7.7228110109303,0.916077590961222
2014,85,women,1.05383946514068,1.02491918935051,1.0898521485859,8.16937406515756,9.23811662828616,0.952636977239857
2014,86,men,1.14153080387087,1.0777412137084,1.25535755050485,6.73191905766227,7.77434657036896,1.02290579309065
2014,86,women,1.04628088003723,1.03271016190016,1.07972382642898,6.94477436850865,10.0987578519401,0.960286215527966
2014,87,men,1.16605437039379,1.07622081503914,0.955970687816229,6.76466786966577,8.98869646541828,0.990924184730487
2014,87,women,1.08260612121067,1.037067952407,1.12838870201686,8.24793628526015,11.0652387626627,0.987863083051629
2014,88,men,1.2340162732885,1.14107462819861,1.92732539718583,5.65924313175225,9.44523420601082,0.924384776046126
2014,88,women,1.11809937036515,1.05377885978885,1.49296083664082,6.98355561622151,10.5572124151419,0.991423759470305
2014,89,men,1.26312014280412,1.09155471036878,0.87672200238768,5.51640763058247,8.09917393378991,0.926640417138312
2014,89,women,1.18303291260416,1.07602245877312,1.21055051172642,6.38506764495694,9.45710649826517,0.99379342817443
2015,30,men,1.23601666537603,1.00143133983233,1.06468415316241,193.497224225773,136.679484231575,1.02315858346412
2015,30,women,1.05096855855523,0.982064679909216,1.03383232216699,171.214045745841,148.489732611803,0.98315676623799
2015,31,men,0.997860710566784,0.958329238817293,1.03234073367778,217.074290868997,142.81436750095,1.03243846437745
2015,31,women,1.03784039554056,0.97629126876851,1.02577040364042,204.951374871626,150.954667291997,1.01751738000703
2015,32,men,0.827344522800741,0.950796868069158,1.04686241575271,170.628554614456,168.933063124691,0.966107880223059
2015,32,women,0.918827674742714,0.961489457395209,1.06041147687493,218.480686156162,168.400743673124,1.06603522454724
2015,33,men,0.777335183600553,0.952070308936771,1.0397158297292,134.020063349029,95.3510777693156,1.07160783084734
2015,33,women,0.840117253148525,0.939850357871088,1.07380602918246,115.826008305447,98.382041777458,1.0098713753618
2015,34,men,0.924830230075173,0.904225280809292,1.01540360787237,134.127252069363,97.0276412393131,0.910074962953133
2015,34,women,0.933222940561907,0.939175051190342,1.01893693298013,122.996924148783,98.5489424237881,1.0255925096676
2015,35,men,1.02994516038173,0.908259004826138,1.33410489436087,132.837785193395,101.552803632821,0.948070888405146
2015,35,women,0.998137125184618,0.927165763223636,1.24334638538542,120.324702401554,109.024276288918,1.00534813967875
2015,36,men,1.14810469396975,0.920225861258986,1.27004799504665,89.2015299966851,73.0382098850074,0.969949631561717
2015,36,women,1.10071585026893,0.980344399393353,1.30388676441684,124.488437657446,111.76223907636,0.968234733109727
2015,37,men,1.27577894435662,0.906136635536932,1.28176981577195,89.1888418145519,78.0012205267145,0.971590947750496
2015,37,women,1.21724295635916,0.936246092435337,1.35506844225604,128.521216875259,79.3034080669945,0.990603888465045
2015,38,men,1.20238649473824,0.905282042518735,1.19986389106382,91.587160934887,80.5743165973607,0.908502959948709
2015,38,women,1.01460807500417,0.959984083891338,1.21627420066321,88.2815555919641,82.1751439629002,0.973504613124326
2015,39,men,1.05931923111511,0.89904035189392,1.14659658808195,69.8156421626407,65.5054089909112,1.03425947932799
2015,39,women,0.955335088704815,0.914313912795645,1.34408305419181,84.6249532094835,65.0985044790435,1.00230861730964
2015,40,men,0.978901890493553,0.907147424324614,1.19996582480109,72.2066562523204,55.3653443413347,0.961490984932588
2015,40,women,0.982697936226541,0.906530782691149,1.02727272705126,89.4763592082386,64.5555580260182,0.967782134710337
2015,41,men,0.932393706471662,0.865061095869313,1.10498478945907,60.6537656802725,58.6902769318916,0.956000458869207
2015,41,women,0.94333944586333,0.911540632613138,1.20375217825562,91.0642388454757,54.3507684861812,0.992332439151384
2015,42,men,0.930132550396652,0.902785570823477,1.12132790251289,50.2174083459343,51.9533044397547,0.981111277835664
2015,42,women,0.98473924195636,0.939681144277253,1.23476378644901,77.9703221496098,56.7769089033207,0.932992803332838
2015,43,men,0.929515482433955,0.887609596387979,1.32138975378002,62.2720282010577,52.4068542171727,0.956126285769186
2015,43,women,0.999556963359307,0.903381899582134,1.03879110884741,90.8171211850422,47.2028347841779,0.962982175165387
2015,44,men,0.942716392181429,0.873625283119224,1.36064606540728,46.6588691202814,48.0100567712167,0.954455121181983
2015,44,women,0.991400694651302,0.891539852633597,1.1257235293614,66.7988552410522,48.8240516889202,0.943054888775006
2015,45,men,0.884083179589497,0.863536224683451,1.22531027182863,41.6180462657975,38.8019429391773,1.04027470610003
2015,45,women,0.896212988081303,0.890435226477718,1.24720847072911,63.1744199345633,43.086736452894,1.00376204554129
2015,46,men,0.910090028661524,0.859788815019336,1.04580432608725,42.1590543602098,35.5183222415756,0.932490049135302
2015,46,women,0.892090046541792,0.850730928130879,1.32988429504636,67.2958190863056,37.1594844702305,1.00269077400521
2015,47,men,0.855364324707424,0.874516710457341,1.13277921111382,36.6491745349751,38.2554834447276,0.964454006985993
2015,47,women,0.937862236009151,0.859007913981513,1.2978932710035,52.8706089582722,37.9903338868396,0.935772291326384
2015,48,men,0.905508016975666,0.861107537843098,1.22994824827042,33.795744667591,34.487389276679,0.970840461575167
2015,48,women,0.878735726399945,0.867516619808769,1.45379704054153,50.762108102643,38.1494337846384,0.971400437425184
2015,49,men,0.856952922716613,0.871952529430774,1.20778846629711,30.9342302101588,28.6746728674756,0.98983351456707
2015,49,women,0.962879353002732,0.84628808235666,1.12785919671285,50.2128866896098,33.4357338520321,0.976277820522909
2015,50,men,0.871301733228876,0.828057971088507,1.37572113487266,30.214066353508,25.6090329512446,0.949103120438593
2015,50,women,0.897351757345966,0.822875328372037,1.16937849100943,39.4025602142856,30.6809052781542,0.983794051899229
2015,51,men,0.891455064826961,0.815167506087111,1.19249350674058,25.4666829527616,23.8686558017829,0.985934697862214
2015,51,women,0.965673400687634,0.838652634137029,1.24961352943702,44.3514578647358,31.423648234463,0.95115781722011
2015,52,men,0.897397563117746,0.847386672301118,1.25497690410956,24.7465062755137,22.1932709319614,0.939411277304227
2015,52,women,0.863351588753475,0.834616056837686,0.976485867865035,42.1081894916707,30.0489936367191,1.00699425771235
2015,53,men,0.907004556788135,0.841003355768039,1.52426031979286,23.5179892892849,21.2513759252991,0.965336356949415
2015,53,women,0.9010386009018,0.855354609549371,1.29923437100913,31.209878892237,27.823939862314,0.928002047735377
2015,54,men,0.854806563685049,0.820249269015704,1.41876078166228,20.7119558010811,19.7958298532401,0.925462081927351
2015,54,women,0.86627302069497,0.822094862624216,1.07958151410192,29.3758119287934,23.2096650743634,0.953886091929124
2015,55,men,0.888670861427504,0.810473479146127,1.16111533247976,20.8533440939433,18.6596870697923,0.98399841730044
2015,55,women,0.881790892549997,0.833713734564587,1.06959085073542,28.3619928847311,21.9119368722212,0.941186375893392
2015,56,men,0.860680123074377,0.821949083987783,1.15732698891788,18.8195598135295,16.3788047481096,0.946705135677273
2015,56,women,0.852025514555069,0.819539539967247,1.22685285037752,22.6455409348353,21.4617755410187,0.938558238576011
2015,57,men,0.850881568682428,0.818319559909517,1.36526575951253,17.0478598693659,15.9549970178367,0.932261761211146
2015,57,women,0.812939992943681,0.807246798346852,1.08692077238789,24.5880424142312,19.9512816853871,0.984916859457536
2015,58,men,0.896478316360339,0.813466045144491,1.30680505014701,15.886430186251,14.55513768283,0.934163962511172
2015,58,women,0.820370371138376,0.81183526124004,1.26050463430106,21.9632147501159,17.7701588576242,0.975743715835311
2015,59,men,0.880386522327975,0.809675243224618,1.26167151827143,14.4154846443567,13.6542687417286,0.90695542723132
2015,59,women,0.849759222151485,0.77193339932534,1.55575792583644,19.017330456486,16.8306808996149,0.956378806007903
2015,60,men,0.940337591419667,0.926209328626604,1.10120718769402,15.1281840714543,17.6471147815297,0.946671535658115
2015,60,women,0.888071808537381,0.924322162378188,1.22642877671011,20.45356678137,21.4595456822174,0.98450872303602
2015,61,men,0.911039582832495,0.9149473960395,1.36866575830768,13.4804192723704,15.6586025256064,0.954995703670744
2015,61,women,0.905765367178112,0.886586247983896,1.18005094851786,19.4358741808662,21.5678228793844,0.965095520075119
2015,62,men,0.915619232077213,0.918526015555058,1.20211556707926,13.5633828173137,15.0264782306985,0.954865832515594
2015,62,women,0.898689132877597,0.902118475441,1.28720728100109,19.9656671552608,21.1749792838821,0.953776355343989
2015,63,men,0.927159291450539,0.911329499806751,1.30224907152411,12.6541104102072,14.497311812616,0.916464820882964
2015,63,women,0.915933515747615,0.89621759331754,1.13552946561937,17.3882750216851,20.1441800406889,0.892873993367219
2015,64,men,0.916702757984186,0.909611072968898,1.13369446123698,11.4418966723257,14.3458652570696,0.936779187047188
2015,64,women,0.902142681446695,0.900722042234291,1.12429010849531,16.8598945985432,18.3212951761125,0.919520099984542
2015,65,men,0.926125855016786,0.904470756106565,1.13100889078106,11.0338727042708,13.865210476967,0.898462535728442
2015,65,women,0.932469120455094,0.891331952794261,1.46273522399902,15.3768657523045,16.8327739146971,0.878582082630623
2015,66,men,0.918821148555424,0.914790965619278,1.26914914962271,11.0229464651444,12.2818336202582,0.908314237856167
2015,66,women,0.877659872749824,0.885860288276644,1.12680657594871,13.1600056111492,17.6113809410918,0.900132640186756
2015,67,men,0.908293504412651,0.929449698611688,1.21338494722283,9.91299922884297,11.512777072468,0.906736445178522
2015,67,women,0.878325657582375,0.875356996374057,1.10805384579792,13.8045914452751,16.3387329993703,0.932821826539886
2015,68,men,0.933841327751885,0.930242452374688,1.16428645477284,10.3631583975083,10.5930204588176,0.931360179351648
2015,68,women,0.900737050140716,0.889909550313514,1.28358900077922,12.1374502350847,16.1030398808096,0.919564053479779
2015,69,men,0.936001273857731,0.924784112502315,1.09984183317953,8.88436912109343,10.2828790619774,0.956609306340089
2015,69,women,0.888472074613937,0.881620542829622,1.285381523097,12.5547364679772,14.6634553133353,0.9264677182086
2015,70,men,0.943570820130193,0.952931613137978,1.0876088445066,8.60042399591476,10.9908063257525,0.908417987052618
2015,70,women,0.910768683581501,0.913126545626126,1.34311410507702,12.1877995199754,13.7971897410024,0.918992254677089
2015,71,men,0.971106791814309,0.95417406000058,1.16236175409957,9.44777586970314,9.67549123964203,0.896304191202854
2015,71,women,0.945597186292657,0.904975685093897,1.15083076239491,10.6006936249064,13.4979970789995,0.94528934870397
2015,72,men,0.980817780395315,0.958377054417273,1.22169688882844,8.42201560756048,9.94109122492551,0.923749506245051
2015,72,women,0.921483099201251,0.916846793529395,1.18542826337294,10.8531967976783,13.3526530340158,0.869372940963407
2015,73,men,0.933711926153445,0.954167791897204,1.31663878384065,7.66918636771245,8.97961893661612,0.958925604106374
2015,73,women,0.945596852336733,0.908193831227883,1.19636238658872,10.4559248121309,12.4310257411963,0.914383372807008
2015,74,men,0.949291047625426,0.971821393965365,1.20752401389959,7.93957750458373,8.5242863064928,0.890597763342002
2015,74,women,0.927268055329857,0.907366938361556,1.14163614955151,9.82899570889123,11.8516870237298,0.92819630265559
2015,75,men,0.966791506030206,0.982722347769217,1.38252864376697,7.57026818530807,8.85756373695599,0.985642947572253
2015,75,women,0.944829716163046,0.927142477904535,1.1555013651975,8.74792460392454,10.8936627783256,0.905218768271638
2015,76,men,0.985154557820698,0.990763112443345,1.26071351824945,7.82637948496559,8.12749847917285,0.916865140632373
2015,76,women,0.93621734280081,0.95304113449952,1.4586083305408,8.7932504038446,9.95658097351984,0.903343053958062
2015,77,men,0.956617705195467,0.984427581356878,1.13424183974527,7.55275492991369,7.91335778394531,0.938667814405978
2015,77,women,0.920966034018249,0.953389810569524,1.24691693237609,9.04088689372677,10.0185306123411,0.926942666725659
2015,78,men,0.99238963835964,1.01904048151561,1.25124445625887,6.81050098075809,7.11150753490553,0.894891959226504
2015,78,women,0.938448538881469,0.966252302951299,1.1446189462513,8.43591111534489,9.22269349729079,0.913426482312146
2015,79,men,1.01618081830911,1.01197493722069,1.3987976705884,6.87653792218883,7.33788058911383,0.915980943034751
2015,79,women,0.953117137618364,0.959233643800444,1.23718640207361,7.07499388138222,9.02729377041866,0.9323886450118
2015,80,men,1.00415180154345,1.02093065419483,1.23865178679837,6.62672443021699,6.50241839792606,0.904604865583692
2015,80,women,0.94831656739155,0.96574240859449,1.21684354677979,7.79736421721055,8.17366277297402,0.913838852380423
2015,81,men,1.05440573927836,1.02375030330922,1.34642762889272,6.48086601149259,6.38364357070917,0.952849294207454
2015,81,women,0.971947627627286,0.973485588311639,1.27356147511876,7.22638070463241,8.43218172908255,0.933139632459619
2015,82,men,1.06190405609086,1.06624170704548,1.20307274679535,5.63630555533499,6.6320244207605,0.950035880587181
2015,82,women,0.997791705471895,0.974127025441196,1.17103860504506,6.63389275963629,8.065020325429,0.921032545113077
2015,83,men,1.07102271768294,1.04142541347983,1.42579393766554,6.04648352923332,6.54847534436687,0.951807716932112
2015,83,women,1.00745352945372,0.994895007419405,1.33534732564319,6.12153843671716,7.37171827331115,0.914752983045511
2015,84,men,1.10388994870168,1.06161798291792,1.33570649370052,5.34887474220924,7.2101284242993,0.982883625411318
2015,84,women,1.03021646977365,0.996029413932843,1.24088141958209,6.96177603486514,8.07031881716648,0.902887455757282
2015,85,men,1.11310834419845,1.09179231144766,1.2332075615267,5.27391993512247,6.28544085766862,0.934418047534809
2015,85,women,1.03505785767737,1.01911786211626,1.08194283701651,8.04052344538479,8.05739861719635,0.961821490194734
2015,86,men,1.12393248372211,1.07801973326419,1.2445008479655,5.62884117661824,7.18323224037479,0.923572882848055
2015,86,women,1.03057080307581,1.02840462976382,1.07415656919867,7.24494883918542,7.69969169570034,0.95822857292185
2015,87,men,1.15041156143353,1.0782096876895,0.959560998669985,6.89171839270302,7.07874494476329,0.966375981343184
2015,87,women,1.06770153192807,1.03464935684382,1.11922562370881,6.24595196361626,7.4506115652083,0.945816890011204
2015,88,men,1.21863918438267,1.14206025336522,1.87832327828105,5.26981045545392,8.11589758087125,0.992012380689864
2015,88,women,1.10403613703144,1.05339312759641,1.47525332889019,6.7858322771377,7.77384763566313,1.03856735660752
2015,89,men,1.2494642976676,1.09682987428896,0.886607255844734,4.83701008851916,7.63845851219268,0.99446033866662
2015,89,women,1.16922379559869,1.07652157385746,1.20083843404196,5.81171428303362,6.99456012534589,1.04105367645095
2016,30,men,1.24783879370114,0.995332378569544,1.09937881077182,190.816401334801,134.597250918924,0.977087191991371
2016,30,women,1.05289729060952,0.977036885242194,1.06468762334019,184.080778915456,146.952281120275,0.977532012147532
2016,31,men,1.01265451604016,0.953077588913255,1.06663410305681,211.794112255095,142.288371875584,0.947431866717085
2016,31,women,1.04005365661915,0.970015237905774,1.05678417398278,195.335861075145,158.53975149335,0.996631256018013
2016,32,men,0.841398257627703,0.943994938648245,1.08132235187996,130.379013024764,145.987005903162,0.952322893158565
2016,32,women,0.916677805066895,0.954152308798461,1.09124693781269,221.411705059932,86.5878686448664,1.04338732857426
2016,33,men,0.785503811217698,0.943582904782381,1.07404114242047,153.049480129718,172.759104674948,0.931081058793736
2016,33,women,0.839284790236917,0.933148613871611,1.10466212784843,249.684285849142,94.7113382419517,0.993706175948525
2016,34,men,0.926114823937176,0.897124929528909,1.04919068533187,150.896031488802,100.969814477685,1.1201204895819
2016,34,women,0.927405244820019,0.930512450162798,1.04861098895674,132.620950755833,102.546231445097,1.03712883581702
2016,35,men,1.03091661132804,0.901551550598076,1.33769990013953,150.494776861924,101.139013139132,0.959528736253596
2016,35,women,0.991707162405553,0.920279015041725,1.24215254444856,142.958252703447,106.073412070177,0.976562886369542
2016,36,men,1.14879911828066,0.910930463131045,1.27364939769604,123.033323581689,104.397532860646,1.00581734188335
2016,36,women,1.09310078096824,0.97050700894591,1.30319145066532,139.664600943946,114.360860237852,0.957753336966456
2016,37,men,1.27658236528345,0.897291967690786,1.28643628804081,97.6101364792552,75.1882721974347,0.954185307804051
2016,37,women,1.20843910799164,0.927911905529904,1.35380942014856,137.315611563936,79.5468132727941,1.00609842504788
2016,38,men,1.20346969970558,0.895582087197286,1.20547094426627,100.031485976939,78.5223331296202,0.973111279837724
2016,38,women,1.00968482662736,0.951741369448893,1.21580673705057,138.23337858534,80.9493877525126,0.950148899810941
2016,39,men,1.05588897996952,0.889695979683414,1.15124384475056,79.2506018653164,64.166349072907,1.01301725336233
2016,39,women,0.953830026179856,0.905869854426174,1.34229653385475,94.4956572921908,65.419701022291,0.97633711551607
2016,40,men,0.978526810275802,0.896127774940398,1.20502351051908,64.6279881769273,53.2424158961442,0.985732067423862
2016,40,women,0.97416183592174,0.89718906418937,1.02717047382943,95.5865391360168,55.3464470312436,0.98166725004845
2016,41,men,0.930317624784071,0.854986883544771,1.11043033859024,68.2052256132967,57.3382948364127,0.944170066846137
2016,41,women,0.937074067000907,0.901212206008678,1.20530388427871,97.7620325399894,65.5919195606018,0.970458481399908
2016,42,men,0.927923344738395,0.890856350136196,1.12752463289428,68.7441207735369,50.1969907592543,1.00119638833791
2016,42,women,0.978411881442967,0.929131984028571,1.23734714843415,76.6266576535948,56.6323492046555,0.944759526219283
2016,43,men,0.928031331240794,0.875767490426788,1.32938577422443,58.1326632023895,50.9265624434493,0.971705678235893
2016,43,women,0.989097177216977,0.893716984812262,1.04106199104937,76.2214114415467,52.5243764485713,1.03534787934361
2016,44,men,0.939424412900114,0.86224235124345,1.3702287259394,51.9032621134647,44.7174055447184,0.989269730343172
2016,44,women,0.981192975240923,0.881710651135762,1.13051998029148,75.9848864087979,47.9597384531246,0.997915489992618
2016,45,men,0.880083214492555,0.852245866014089,1.23676868208189,50.2552626496103,38.9115367390703,0.980614154641331
2016,45,women,0.887930801560495,0.879557995709573,1.25217051665267,62.8386397537377,48.9763494079562,0.979022207591212
2016,46,men,0.905147605897334,0.848064286013047,1.05707141641515,43.2387461573489,39.7119234178025,0.972495829103841
2016,46,women,0.883648990894094,0.840051700263389,1.33645113823193,60.2087273093838,42.8467443234139,0.965416156671145
2016,47,men,0.850436361058846,0.861813219772649,1.14507669061909,37.8965946008867,33.2545406166123,0.968904745306481
2016,47,women,0.928235897968761,0.848212653147275,1.30514692781563,66.7918172510601,37.6509419802496,0.943440870911521
2016,48,men,0.900082599530009,0.849119584673605,1.2441730749817,38.5405243914072,34.7149778516303,0.95894262168947
2016,48,women,0.869011231875329,0.856622433781915,1.4631264739002,57.6843517078942,39.0043612208562,0.907959770685387
2016,49,men,0.850761780885642,0.858807699262836,1.22223594177456,34.4277609581473,32.4219709423511,0.960367898654802
2016,49,women,0.94971570105879,0.834952740013794,1.13537103440934,45.8486360466149,32.4693511801382,1.03349399877477
2016,50,men,0.865194652488381,0.816033685477856,1.39227208867035,31.0003175264783,27.3266434690691,0.986967030387199
2016,50,women,0.88570686832384,0.811104420458658,1.17764116361249,44.6500995581301,28.4871923362673,0.969838514287939
2016,51,men,0.883124810180074,0.803303230054375,1.20783416676412,29.0830060929543,24.7447266431945,0.980036234314004
2016,51,women,0.95104692383664,0.826914050703915,1.25756281829715,42.4790011325095,29.3887481747954,0.953573090967771
2016,52,men,0.888567480101786,0.833712807192831,1.27014758369217,27.2588321631633,24.4972014253209,0.952570328225222
2016,52,women,0.851614127472593,0.822556791200109,0.982597346075961,34.0040382121448,26.3764491336357,0.987179885669042
2016,53,men,0.898521531011402,0.827453113783996,1.54338679377003,26.1842612214762,23.030048702574,0.922329718258178
2016,53,women,0.886653385474116,0.842208479175657,1.30731149242919,33.9686573430303,26.2197888931194,0.961616231721077
2016,54,men,0.846932914975568,0.80800142216996,1.4356846294377,22.2208624955245,20.0708159866684,0.979528442002835
2016,54,women,0.853369067725796,0.809250891365736,1.08672584739948,32.6755350339798,22.5471839347695,0.945868577700454
2016,55,men,0.877327608840446,0.797698453677543,1.17813280065951,20.5156158459369,19.1156693700966,0.955678503395051
2016,55,women,0.86525371349299,0.820609323100205,1.07680421882845,27.689909347822,21.9228381438995,0.959803857413829
2016,56,men,0.850482575683758,0.80932537281014,1.17446875580179,20.8249344093553,18.5693399484142,0.921151155975432
2016,56,women,0.836165734171698,0.806658496231357,1.23401215882786,26.7212331942498,22.1126556378151,0.930447400059223
2016,57,men,0.84097167277496,0.805813989569569,1.38473190665447,17.6275231823202,16.3903705204093,0.905024034021021
2016,57,women,0.798315270488831,0.794634965246014,1.09347733570958,25.3316483288774,20.1308847564449,0.934523198981356
2016,58,men,0.884904157572873,0.800524160188986,1.32509954506864,18.811426203622,15.6501856512166,0.939533990285602
2016,58,women,0.804932747483211,0.798767900922072,1.26750590079192,22.6622429756816,18.2959373806309,0.949577451050882
2016,59,men,0.86887122721377,0.797053682787618,1.27896982827673,16.5353061062794,15.1122970725818,0.929727825248073
2016,59,women,0.833237157829332,0.759492440680339,1.56350554617426,21.8313642909697,17.0038804075485,0.943008632910064
2016,60,men,0.93143338025015,0.916298287512081,1.11512081795991,16.0125272897189,17.2185016043836,0.925857063654675
2016,60,women,0.875387157566765,0.913628857249988,1.23293615563267,21.5425140225823,23.0604175685358,0.909604808078915
2016,61,men,0.902618752552826,0.905532517406875,1.38422634200336,13.9700462625187,16.4885989745911,0.942999428450231
2016,61,women,0.892258313335457,0.877092072200521,1.18627261864315,21.22369330735,22.9343835947253,0.924286261390971
2016,62,men,0.906948497486088,0.909088966982934,1.21527849382202,13.590193307742,14.6321861841798,0.915583410501601
2016,62,women,0.885608067919531,0.891731435047783,1.29134228571914,18.1436657552215,21.1417060590421,0.953076251332965
2016,63,men,0.917477663334742,0.902438960806146,1.31441860347958,13.1944731076226,14.8507748546545,0.949073740474758
2016,63,women,0.902229002903772,0.885343383075154,1.13876496637308,17.3775948223229,20.1589037980592,0.899133237599644
2016,64,men,0.907703982647545,0.900492854658237,1.1443723049299,12.3914634954247,13.7028851653912,0.929336230509951
2016,64,women,0.888112534195304,0.889671144287623,1.1249879882008,16.0698258153889,18.2092153484893,0.980200591161899
2016,65,men,0.915187210905501,0.895777318408818,1.14250110566684,12.2551518506036,13.106858148887,0.911269539752561
2016,65,women,0.916481989413468,0.880409727554169,1.46653914621328,16.6538205276645,18.1222756913723,0.915954086811063
2016,66,men,0.908336170757419,0.905578352920422,1.27733102307434,10.6996149689424,11.9441870470678,0.942684311377418
2016,66,women,0.862973256677507,0.875056176375047,1.1275914544131,14.2773467542849,16.6136429620326,0.930609457036821
2016,67,men,0.897899335385168,0.919940555463495,1.22047352892768,10.8890181882218,11.7230923093419,0.930387900971027
2016,67,women,0.865496451729595,0.865524500901666,1.10798659246037,14.9163563082047,15.7170480134059,0.907329164973928
2016,68,men,0.922861314217702,0.921179083630069,1.16944425537377,10.1710572432541,11.4581044962116,0.919852415204709
2016,68,women,0.886333054772318,0.879676997478899,1.27963141177014,13.0872714304916,16.2718339590361,0.935496662551385
2016,69,men,0.924496081518828,0.916715611867955,1.10164034182679,9.72812835179429,9.71838442188324,0.904536994916004
2016,69,women,0.874860484662478,0.871996754763724,1.28156043820927,11.8336460965957,14.278808892419,0.91764457888841
2016,70,men,0.933894676568765,0.946434487730136,1.08856855166594,9.03584440144379,10.4858471271833,0.913720003459804
2016,70,women,0.898393303493697,0.904572299503635,1.33659234397575,12.9271849560719,14.4522216601527,0.910219036448767
2016,71,men,0.960183113339112,0.948059819170142,1.16484077997616,8.83546645468624,9.45913961273274,0.919196799855199
2016,71,women,0.932009653895655,0.89666309303642,1.1452753233553,11.361052653259,12.7887297636836,0.903358646145826
2016,72,men,0.968906692471039,0.952890038788458,1.22190312603061,8.30126356637005,9.07228305485931,0.961332609713096
2016,72,women,0.908663313475183,0.90869751844896,1.17773067553615,11.7317146158012,12.9854948399872,0.906851924449634
2016,73,men,0.922213156154642,0.949545136500043,1.3159149805198,7.64828823839819,8.54430423765428,0.912041110185657
2016,73,women,0.931843384379407,0.89995415443207,1.18952111399354,10.7524882519656,12.1381926003557,0.915074747181464
2016,74,men,0.936819619245307,0.966598740826936,1.20754649848845,8.14567120915388,8.36264031800372,0.894014495095827
2016,74,women,0.913216336996909,0.899532810696956,1.13483937676777,9.89861694056735,11.3830865915259,0.939059917297184
2016,75,men,0.951076125153963,0.977294368093157,1.37692663351071,6.85278915434154,8.30875524375312,0.958320712681622
2016,75,women,0.928051181006988,0.91838244251324,1.1530054876037,9.8666620506269,10.9414810469176,0.940208627232424
2016,76,men,0.967824211153963,0.985181713065434,1.25930404151697,6.97479876429172,7.46694205168289,0.924152742668774
2016,76,women,0.919944315777381,0.943376324781652,1.44714741127689,8.50348225630291,9.92937379198829,0.89702278999877
2016,77,men,0.93957668594382,0.979896533737462,1.13855427690077,7.38898776698641,7.77002300742333,0.913827284679628
2016,77,women,0.904123289006875,0.943924426783159,1.2356634868912,8.36904333751044,8.97647426274563,0.90350133098475
2016,78,men,0.973033122501946,1.01323025530801,1.2434390824502,7.02529257840468,7.46831091729393,0.933457864397245
2016,78,women,0.920363170246797,0.956384071816492,1.13818365660419,7.59164065593221,8.73754938524557,0.930640810171193
2016,79,men,0.994705762440164,1.00700799126763,1.38385404979449,6.87599423684087,6.83370899736382,0.929520744917062
2016,79,women,0.933791634276349,0.949992944944743,1.22429967811952,7.55839248729786,8.77509013968186,0.929432328613253
2016,80,men,0.984500614062834,1.01579035198383,1.22923234594438,6.6987504977185,7.07405176728067,0.942871590924183
2016,80,women,0.929192804660172,0.956731717748809,1.20323052432042,7.56827259947779,7.78770989973752,0.91029151630871
2016,81,men,1.03204995324796,1.01946319861151,1.32886579092646,5.60552522182375,6.87619810690447,0.937840780436981
2016,81,women,0.951969210103835,0.96450559655783,1.25458585956123,7.16304847992151,7.56194284232131,0.916613423656193
2016,82,men,1.03912523404063,1.06092859417894,1.18691833895224,6.04338972827751,5.8019224729255,0.942800457057275
2016,82,women,0.976733036918746,0.965947705743335,1.15351549590515,6.76597986087879,7.27833842901252,0.957204299972109
2016,83,men,1.0494982806862,1.03844607106328,1.39741300004513,5.4729141658286,6.76983849132596,0.942186759216065
2016,83,women,0.987848884878641,0.987042923279421,1.30943542475357,7.0570939742427,7.04818065297769,0.892394689712269
2016,84,men,1.08283692528961,1.0593769568862,1.3171220967498,5.36463849700986,5.89274445908014,0.927732407658357
2016,84,women,1.0106652372283,0.98929905839673,1.22425353576705,5.99882483483526,7.05248394759939,0.971345784258492
2016,85,men,1.093823200012,1.09000887523698,1.22628561010504,5.80520871598457,6.23609742230036,0.942890291682562
2016,85,women,1.01662004795898,1.01335222595803,1.07409480676869,5.69517345149946,7.18137729982446,0.937283185127822
2016,86,men,1.10661399700243,1.07829818655512,1.2337433542673,5.41189989249814,5.92666886953873,0.949307614899246
2016,86,women,1.01510423515628,1.02411917093831,1.0686207586697,5.750526448374,6.9559153683061,0.994737247956893
2016,87,men,1.13498620886865,1.08020124628233,0.963163002156099,4.94234859853786,6.22386985122674,0.99457786235996
2016,87,women,1.05300938171969,1.0322375976054,1.110141445198,5.22083736031289,7.00519287761069,0.945832240813283
2016,88,men,1.20346119676361,1.14304624022822,1.83059042580021,5.03699658643012,6.25620099394243,1.02391730602444
2016,88,women,1.09015663456102,1.05300772787775,1.45776447374829,4.90569427130974,6.71513255960096,0.907002287439596
2016,89,men,1.23596275443149,1.10212789524177,0.896598980174159,4.37569580027601,6.10897916294868,1.0264543428757
2016,89,women,1.15558259927103,1.07702067264665,1.19120903581802,4.52141477032458,6.40927224170983,0.909133790975566
2017,30,men,1.25976805016053,0.989273558409536,1.13518600422637,178.536584172354,133.837858358048,1.08061454819553
2017,30,women,1.05482860315412,0.972037305161481,1.09644782732699,178.946847284064,145.867830776596,1.05666082611018
2017,31,men,1.02766014736089,0.947857301042993,1.1020488054407,114.160389235132,139.13249083998,1.01322662356526
2017,31,women,1.04227053653102,0.963782634512862,1.08871955159771,207.987379210033,153.989877733805,0.98484583650021
2017,32,men,0.855683569434696,0.937245006723135,1.11689867902309,233.855659486059,148.30310590078,1.03234754140185
2017,32,women,0.914534028048375,0.946874747139818,1.12296309328075,217.551365190952,85.5551827738407,0.934351778572034
2017,33,men,0.793754163981589,0.935175315954612,1.10948180424362,279.013233665475,105.448941031082,0.906586249434325
2017,33,women,0.838453564415925,0.926497945631638,1.13638891919283,131.456652776576,91.0856996883285,0.9884620758434
2017,34,men,0.927400563737703,0.890083812878334,1.08408441431627,165.383085201714,98.4928176895022,0.976795648699601
2017,34,women,0.921626674603467,0.921933986298726,1.07913386704495,280.97051897606,99.5080110549256,1.04730941570799
2017,35,men,1.03188849612052,0.89489692014033,1.34130280335796,172.584827120153,102.380352281042,0.985759459544838
2017,35,women,0.985321779123287,0.913446797066479,1.24096044100211,145.77039159566,109.528605900081,1.05867322097236
2017,36,men,1.14949361792646,0.901733499799778,1.2772592190701,165.488353572641,102.101488576362,1.00619116885427
2017,36,women,1.08554213216776,0.960773138237261,1.30249685223502,158.24680733074,108.542933383552,0.964154438805678
2017,37,men,1.27738589336423,0.888537953440184,1.29111742250087,113.954302675758,76.3420081884249,0.988090505075697
2017,37,women,1.19970325308482,0.919655985029951,1.35255219131468,151.225764294413,114.023410073317,1.02331272321074
2017,38,men,1.20455334261296,0.885990798556014,1.21110139955062,109.644373892868,77.0154949010033,0.971258392656819
2017,38,women,1.00478789138078,0.943573464549329,1.21533968478889,149.315492092544,83.8231836051953,0.984805878604197
2017,39,men,1.0524715293817,0.880453292135143,1.15590761852163,86.6475638333943,82.0718754737123,1.01962040097886
2017,39,women,0.952328079384744,0.897507909949002,1.34051327229961,155.134622386427,85.6848107584959,1.02256999805706
2017,40,men,0.978152059674065,0.885247353122492,1.2100999896448,91.3272476506963,64.4181586400607,0.974229699210906
2017,40,women,0.965704061624251,0.887948172467745,1.02706828148637,106.773504602631,67.8051306659624,1.030553577775
2017,41,men,0.928247191841613,0.845034900989416,1.11590000381789,72.7271004270572,55.8599857388363,0.927335203997983
2017,41,women,0.930853377066665,0.891005843221359,1.20685681954778,103.518964743039,69.2418080297839,0.965205780436382
2017,42,men,0.92572047794211,0.87909055860341,1.13375250939973,73.2762619389712,49.1662422285911,1.00487287593586
2017,42,women,0.97212828446035,0.918706395579146,1.23993463017305,83.2839874129023,67.1355477079551,0.95318103895514
2017,43,men,0.926550284023744,0.86408913220494,1.33742617901836,67.6221433657021,52.4720503969588,0.970488185638701
2017,43,women,0.978751952576501,0.884160187222374,1.04333670774102,97.2222571586039,56.333968463577,0.963949635171178
2017,44,men,0.936145553236374,0.851013268594462,1.37987407214856,64.6286087473237,45.474959229948,1.00623271216872
2017,44,women,0.971095341273353,0.871994610293182,1.13533447398789,82.9478825080543,57.7749719087416,0.982440218779989
2017,45,men,0.876103317095854,0.841108613368563,1.24832848273713,52.6357607648654,42.3125212057257,0.933802225856774
2017,45,women,0.87972920373558,0.868818932771366,1.25714982876555,83.2766205397648,49.8774532732735,0.962726141678678
2017,46,men,0.900234454983655,0.836505334550986,1.0684542160607,52.7106695871294,39.8381133899718,0.929406730654121
2017,46,women,0.875291932173634,0.829511725273594,1.34304712717119,74.7791377158906,44.0544002949484,0.954346671555001
2017,47,men,0.845539211349215,0.849300426755306,1.15750147391276,43.390209322371,35.8162113900254,0.956061649457888
2017,47,women,0.918713066361705,0.837558310565226,1.31243749647401,70.6231758519344,37.9610038090454,0.987044984750235
2017,48,men,0.894692355237129,0.837304343607628,1.25855524042338,46.5958598761404,33.6241013542242,0.932036780701102
2017,48,women,0.859399095710036,0.845870356899514,1.47251110577483,63.395292669291,42.6457719113268,0.964799544132389
2017,49,men,0.844618404604738,0.84586740135945,1.23684894337202,41.5697180577959,35.0102374151675,0.998557746942984
2017,49,women,0.93673840568798,0.823774734098641,1.1429291404615,59.5171192786402,38.3758808901164,0.945223706959205
2017,50,men,0.859133373934682,0.804189838837026,1.40901380656482,37.1735178476706,30.8904256933909,0.950531481441057
2017,50,women,0.874218757183258,0.799507603219296,1.18595807813757,47.8469092295708,33.8180615290665,0.963475378462796
2017,51,men,0.874876471363249,0.791617387059144,1.22336441972556,34.6446619207989,27.4235407529593,0.905028183160325
2017,51,women,0.936649074661159,0.815345471146371,1.26555869596147,46.7957751450785,33.905166476847,0.955526365980035
2017,52,men,0.879828596499583,0.820266208046428,1.28549399268829,30.0937852565779,26.0976918574587,0.968574874234844
2017,52,women,0.840041942036767,0.810677619542905,0.988744014635373,45.3937449794133,31.1221294225033,0.98445691049984
2017,53,men,0.890121993139339,0.814127751125844,1.56274360345924,29.5666777490975,25.0954679852008,0.905079724873641
2017,53,women,0.872504795706382,0.829270764055563,1.31543478504064,38.3558093110694,31.4792766852194,0.947073313803937
2017,54,men,0.83913564146154,0.795942396702557,1.45280181201135,27.036756998698,22.2124732728663,0.947760489145049
2017,54,women,0.840663587995121,0.796613808171036,1.09391388151101,33.5813707924492,26.1183365362211,0.941923016861198
2017,55,men,0.866134662658573,0.785130979568989,1.1953910540154,26.3589773752184,20.9906003438688,0.93396838100627
2017,55,women,0.849034645288825,0.807717234267438,1.08406262078796,34.6172392371363,24.6901370731981,0.951924831075283
2017,56,men,0.840410818743854,0.796901656431578,1.19185572803154,22.9493534651066,19.5110416556396,0.943771297492788
2017,56,women,0.82060881739487,0.793986146991248,1.24120966399687,32.0586813288103,23.302013637769,0.938042056982387
2017,57,men,0.831182022465064,0.793505589490956,1.40446574429179,21.4828152076638,18.2064266357567,0.955980291880446
2017,57,women,0.783960703204638,0.782226278478189,1.10007016886077,30.5035491211772,23.3403842780877,0.98745457894277
2017,58,men,0.87348505813727,0.787794440300222,1.34364088858713,19.9688692005657,17.314218141083,0.926054150606429
2017,58,women,0.78979306753688,0.785917198147687,1.27454255372331,24.5158855392699,22.6904399180996,0.951973478202119
2017,59,men,0.857512148900852,0.784634985897702,1.29649655367905,18.2361383919514,16.3491695054376,0.956610676790103
2017,59,women,0.817044291362753,0.747258009252516,1.57128787855149,23.7615864046887,19.2705571956716,0.941257894903021
2017,60,men,0.922617837619243,0.906498137254943,1.1292032143913,19.6269943173906,17.8530036832168,0.923512876816117
2017,60,women,0.86288984216388,0.903064472043677,1.23947480965473,27.5704485589428,23.5492741437086,0.958957773960821
2017,61,men,0.894279875046414,0.896219115627537,1.39995598796988,15.842020941531,17.577214408778,0.93128990114118
2017,61,women,0.878959229824782,0.867704199395526,1.19252398193494,23.6035229169883,21.742650447843,0.946508085574888
2017,62,men,0.898364112004902,0.899753483770555,1.22857891693149,16.4991269984845,15.9905652932028,0.962774109514076
2017,62,women,0.87272375310804,0.881469053896946,1.29548851319081,21.4493035156209,23.663159407583,0.932173617389789
2017,63,men,0.907901859378315,0.893639498613887,1.32669574011132,14.94977250156,15.6027396241868,0.961507867525642
2017,63,women,0.888736185894637,0.874606409256695,1.14200807476941,20.4979782757164,19.6765273527716,0.943033655828133
2017,64,men,0.898797940439088,0.891470494119336,1.15514534904405,13.7673129678523,13.8219553764441,0.953912088885515
2017,64,women,0.874307380125206,0.878761208736627,1.12568595469369,18.7383885770894,19.6859959103194,0.911054580872796
2017,65,men,0.904383093879458,0.887171687951814,1.1541043071547,13.1130201098581,13.9307908695503,0.923743974645311
2017,65,women,0.900776681921635,0.869626658501955,1.47035106697341,17.7303764091776,18.477848255506,0.955911823690665
2017,66,men,0.897975951406753,0.89646301772309,1.28556154618098,12.4270912731945,12.917475690444,0.920521598450738
2017,66,women,0.848539505144739,0.864389093489826,1.1283764899507,15.4609654690123,18.3734556720458,0.935479043292405
2017,67,men,0.887629179635698,0.910533343254351,1.22759997592089,11.279907571378,12.5936874923424,0.891242057057547
2017,67,women,0.852860858027729,0.855807243558563,1.10791937655324,15.888264181904,18.0205870720617,0.880302876606639
2017,68,men,0.9120157519098,0.912208448519104,1.17462233027367,10.6785950505617,12.1603534588942,0.926293178794495
2017,68,women,0.872166371004428,0.869567089953413,1.27568797841816,14.7760088992081,16.6862848073192,0.949179145483736
2017,69,men,0.913137909974812,0.908721455787108,1.10344089738831,10.8605793679452,11.4311041567049,0.919274796078608
2017,69,women,0.8614640228415,0.862482714745663,1.27775259882037,13.9576299187166,16.1245431951329,0.913953241130546
2017,70,men,0.924322484916817,0.939984849065675,1.08952862911469,10.2884551137797,10.4728155298569,0.90588822682707
2017,70,women,0.886192090478078,0.896102372925809,1.3301054612707,13.2445843995363,14.797623768611,0.926402823740226
2017,71,men,0.949387637916291,0.941987760720159,1.16732385968792,9.49944446154256,10.3500075350916,0.884138246343346
2017,71,women,0.918623957724379,0.888430921338278,1.13974943731606,11.4708909804805,14.7795781689296,0.93864261820962
2017,72,men,0.957146052768406,0.947437135806167,1.22210929574736,9.84005447894982,9.9488423346734,0.919350665853088
2017,72,women,0.896028103387261,0.900624664686109,1.1700868522268,12.2095331555828,13.4369559936065,0.888553176498586
2017,73,men,0.910861592143693,0.944947152252165,1.31519193374396,8.31027369986587,8.78648950110437,0.920606114546591
2017,73,women,0.918296629317585,0.891793263546564,1.18272232608497,11.0731653724061,11.7403037089667,0.919671873488243
2017,74,men,0.924518098985277,0.961406723793011,1.20756897234535,8.27373865669719,8.29293828551883,0.936230643815348
2017,74,women,0.899384367395996,0.891770157016355,1.12808640934442,10.9180002179111,11.2275988493273,0.949344772042192
2017,75,men,0.935623804890932,0.971899038893226,1.37135008383579,7.881977107368,7.74723733136306,0.900674635468816
2017,75,women,0.911578703398682,0.90970945840162,1.15051623481388,9.37006459686605,10.8575765076448,0.90856151980291
2017,76,men,0.950807099704349,0.97963450064613,1.25789683837859,7.98885373063044,7.86020070477015,0.907731411483537
2017,76,women,0.903962001629791,0.933814246231418,1.43578216214536,9.26692834076198,10.1829256745851,0.933014143967029
2017,77,men,0.922847458320792,0.975388572767176,1.14288095935111,7.24752157124592,7.50168142163026,0.898876432092954
2017,77,women,0.887596690588835,0.934557640844589,1.22451710923185,9.33147589870356,9.27666211157253,0.866989859845108
2017,78,men,0.954063474117898,1.00745601379159,1.23568623384552,7.31303475458618,7.35566854281418,0.929942267854725
2017,78,women,0.902635045493859,0.946621442824224,1.13178771195698,7.78390332713383,8.69176181839018,0.906589455655753
2017,79,men,0.973694854906708,1.00206786897476,1.36907736675589,6.53080274668654,6.73323615531711,0.948345545659864
2017,79,women,0.914867270447177,0.940845782083945,1.21155347530401,8.66581673574439,8.64916976381046,0.915176783885323
2017,80,men,0.965243459506542,1.01067846066717,1.21988915408895,6.55120776208086,6.15507958524038,0.970915026710408
2017,80,women,0.910463890055958,0.94780950566236,1.1897764307448,7.33231866128758,7.61469387764854,0.942728867601306
2017,81,men,1.01017889600672,1.01519615946713,1.31154155620119,6.11910316765417,6.21859804269455,0.924228398055576
2017,81,women,0.93241105310414,0.95561283319436,1.23590217455945,7.1492194459436,7.54186199221901,0.918964255739664
2017,82,men,1.01684597329335,1.0556445718558,1.17098869668163,5.72463718784302,5.83301835077505,0.901608292346926
2017,82,women,0.956128931542812,0.957841069438161,1.13626309339072,7.00003260876246,7.43921825995258,0.912253352194941
2017,83,men,1.02841677605209,1.03547672318964,1.36961065118539,5.41797226235409,5.60398121229617,0.967821035956057
2017,83,women,0.968635178493291,0.979256658636906,1.28403881192561,5.90979117087001,6.96293151961802,0.961945234143667
2017,84,men,1.06219556119197,1.05714176938359,1.29880529887683,5.51410999185674,5.52282901907272,0.971010665993224
2017,84,women,0.991494464722017,0.982617484990839,1.20785654726268,6.16477731894066,6.81752450505197,0.923658403245263
2017,85,men,1.07488149647195,1.08822923451446,1.21940591515372,5.13512271142697,5.64920621326923,0.925205295008965
2017,85,women,0.998519576887903,1.00762204375546,1.06630755299011,6.33954130558511,6.20494312102326,0.966578778686401
2017,86,men,1.08957075853219,1.07857657362981,1.22308411429951,4.51867124192906,5.45766294482432,0.921610627166747
2017,86,women,0.999877283854185,1.01985368195012,1.06311620174853,5.81818582287991,6.59026939325671,0.977259451163392
2017,87,men,1.11977518413503,1.08219549310997,0.966776730525917,5.11066858870776,5.72061181449696,1.05667687491958
2017,87,women,1.03852653950375,1.02983265199175,1.10113544847581,6.09548548112553,5.5856954571575,1.01144511086607
2017,88,men,1.18847963563582,1.14403258874086,1.78409335757214,4.9245007420285,5.8151041884531,1.01486782487389
2017,88,women,1.07645837322326,1.05262266018162,1.44049146483324,6.06279759194849,6.20865344908218,0.978934413317195
2017,89,men,1.22261369434291,1.10744886085405,0.906698268471246,4.46773153819791,5.61993910483896,1.01737797371802
2017,89,women,1.14210719990462,1.07751975514928,1.18166157271073,5.40493734948352,5.59579050054493,0.981185002287859
2018,30,men,1.27180535167734,0.983254595453204,1.17214083035237,189.636124418464,128.150194855243,0.97027895955411
2018,30,women,1.05676249835958,0.967065767463851,1.12913900399054,184.698693225726,141.595243644006,1.06112601490558
2018,31,men,1.04288053028561,0.942668172507541,1.13862092305236,198.097124122907,135.541535047982,0.987149328557139
2018,31,women,1.04449103939464,0.957593136782428,1.121603445613,207.135297114442,159.479261797424,0.990022551326926
2018,32,men,0.870204156479544,0.930546649313251,1.15362698408411,242.107355077835,144.212264821422,0.988615922306431
2018,32,women,0.912396323412911,0.939656259314655,1.15558464142345,237.852187537655,163.404292019791,0.961517135120859
2018,33,men,0.802087018405144,0.926846752857776,1.14607347666901,145.881243600954,152.358206726517,0.961969112274018
2018,33,women,0.837623573235174,0.919897938855618,1.16901052223075,247.00749002131,177.755127725945,0.978181383527246
2018,34,men,0.928687449930111,0.883101407692122,1.12012046594199,162.978450003247,157.798356144757,1.01948593083767
2018,34,women,0.915886947580268,0.913438801292137,1.11052940867882,151.947499446509,95.6453972960289,1.04302283849225
2018,35,men,1.03286081473767,0.888294671564938,1.34491361743702,190.491090821043,99.5041158916737,0.967700422655522
2018,35,women,0.978980644391779,0.906668650805447,1.23977007165795,165.83829439922,104.093916215297,0.937865470582854
2018,36,men,1.15018819287796,0.892633880848002,1.28087747466039,194.458915244268,103.592471318499,0.940206521963691
2018,36,women,1.07803945818245,0.951141647404317,1.30180296803573,161.403152134608,116.40461778855,1.04286029493715
2018,37,men,1.27818952856011,0.879873619373836,1.29581325791755,181.425387233109,104.80201621398,0.975159474422274
2018,37,women,1.19103483319443,0.911477557677036,1.35129675231327,181.144140125307,113.324021489013,1.01033698346362
2018,38,men,1.2056374234202,0.876506906251025,1.21675534291476,131.287372223619,78.1866045108488,0.971558732281231
2018,38,women,0.999917115688202,0.935479653647597,1.21487304331254,172.678613527186,82.1777945953433,0.949760185215916
2018,39,men,1.04906682527335,0.871311133132166,1.16058795986711,96.4409813968827,80.3615301389696,0.949675070367241
2018,39,women,0.95082924032946,0.889227240732508,1.33873326197098,117.292230884299,86.032775009211,0.945667391447645
2018,40,men,0.977777638235491,0.874504332079764,1.21519532264131,100.367941937971,64.8238457955253,0.949016506992137
2018,40,women,0.957323856326477,0.878806970104087,1.02696614995584,143.576019843597,68.2235741694762,0.955747247826966
2018,41,men,0.926182389485646,0.835203605697186,1.12139387990651,85.7067260903462,68.7801708557393,0.962169260826919
2018,41,women,0.92467703538937,0.880920042224004,1.20841098442638,113.595288041019,71.0046906058084,1.01966768367874
2018,42,men,0.9235239286905,0.867485877895413,1.14001167301822,69.0532851401551,58.6987956448518,0.949201097928605
2018,42,women,0.96588812684303,0.908402871229644,1.24252623618823,114.488737734248,70.281175301477,1.00689840778225
2018,43,men,0.925072332757017,0.852572177980908,1.34551119234212,79.1201369327099,58.9895083254553,0.944424494974229
2018,43,women,0.968519978828107,0.874710244646793,1.04561526349101,113.702193716936,69.2460952906624,1.05011031347926
2018,44,men,0.932879754438531,0.839935881044724,1.38958248271364,66.9132434225029,53.348739317702,0.961810177762147
2018,44,women,0.961106551830689,0.86239037218377,1.1401670693261,118.121306740851,56.5002395705545,1.00082724841724
2018,45,men,0.872143376845854,0.830122316141597,1.25999052001696,63.7941476426775,47.5408666017401,0.952783363752445
2018,45,women,0.871607371076194,0.858216215388242,1.26214645854333,91.2319142292917,46.0433852586149,0.929530212466561
2018,46,men,0.895350388172042,0.825109541936276,1.07995385506812,64.7411475419359,43.2240571146792,0.92477356757565
2018,46,women,0.867017993502761,0.819109119665916,1.34967237667598,74.1250117913357,50.3718880229495,0.976817999198806
2018,47,men,0.840672667768746,0.836975376335068,1.17005481474899,59.048778415118,44.3611451707856,0.943557515164714
2018,47,women,0.909292577751767,0.827042978227158,1.31976514637261,73.7331305859601,44.2035587032001,0.939768154241904
2018,48,men,0.889337038799299,0.825659242573813,1.27309640559273,53.0879579666659,41.0163070980852,0.96373810417811
2018,48,women,0.849897964954758,0.835258466338219,1.48195123514325,85.3141530716912,40.1876549396043,0.939681341460866
2018,49,men,0.838522401947854,0.833128354172494,1.2516292840591,45.8553873644864,40.8716941756771,0.949406083760212
2018,49,women,0.923944738220383,0.812751804369027,1.15053377670294,58.9569436154507,39.2259320604771,1.01702892741506
2018,50,men,0.853117531605143,0.792523636008045,1.42594839106076,43.0564101728863,35.176968766162,0.953942527361762
2018,50,women,0.862885237023104,0.78808221746488,1.19432956350888,54.0488513571289,38.8362921067292,1.03548413240316
2018,51,men,0.866709202839367,0.780107207077793,1.23908651303148,40.3880445054323,30.7269843954485,0.932975832709
2018,51,women,0.922476168760402,0.803944350924651,1.27360141217417,60.3335314907065,35.1632367795838,0.933815517225077
2018,52,men,0.871179925862961,0.807042987719268,1.30101807801636,37.6800650852251,29.4314283866737,0.934287313510013
2018,52,women,0.8286326249711,0.798975765033989,0.994926058574211,50.127437720445,30.9063364618034,0.965889694196101
2018,53,men,0.881805080721477,0.801023426977031,1.58233340647526,34.0337984359595,28.8578762568729,0.955259306964252
2018,53,women,0.858588824857324,0.816538059147773,1.32360448968404,47.7866354126252,32.1306840385965,0.940786807698341
2018,54,men,0.831413964979668,0.784069190152882,1.4701144405041,30.2616164990854,26.7787251915246,0.915355706943948
2018,54,women,0.828153432685589,0.784180180426105,1.10114586188278,44.0289934168831,30.5308315835071,0.998834535752301
2018,55,men,0.855089958168578,0.772767584403227,1.2128933775688,27.5497524543555,24.5010087387808,0.944813739217707
2018,55,women,0.833127415540229,0.795033925216683,1.09136631522902,38.812409252798,29.7098588846013,0.936501972671893
2018,56,men,0.830463239369094,0.784674669569425,1.20949128897482,28.6946523147398,22.1645206827533,0.944786074513573
2018,56,women,0.805348834767383,0.781519010083451,1.24844555058457,35.5851331504784,26.3188072137769,0.946166013127475
2018,57,men,0.821511100171533,0.781391155518946,1.4244708181321,24.4454918483605,21.4576042461018,0.940345376110296
2018,57,women,0.769871170406046,0.770017367551067,1.10669945434868,32.7769815834483,24.5883324963868,0.944806123278775
2018,58,men,0.862218865382358,0.775273304700998,1.36243228657596,24.3416227114713,19.5896949123202,0.947391038049035
2018,58,women,0.774945437573368,0.773279455968222,1.28161475427141,31.2558165682752,24.8487288357226,0.959401021376824
2018,59,men,0.846307092268684,0.77241579381265,1.31425459509358,21.4439965863202,20.0914050119839,0.94029026334968
2018,59,women,0.801173905213162,0.735226576715185,1.57910506116484,25.5043926614658,23.8186717319106,0.957866720173393
2018,60,men,0.913890037255948,0.896807583081709,1.14345633884903,22.6609156945424,19.3407112296461,0.944799356494079
2018,60,women,0.850577004801403,0.892627389719183,1.24604487346982,27.5823598336091,25.631025680033,0.955329566391128
2018,61,men,0.886022112697371,0.887006047448958,1.41585644784351,18.6915651629979,18.0992866672045,0.938677433605467
2018,61,women,0.865864813756512,0.858421387510691,1.19880516527827,28.7933792771995,23.1051269758526,0.906656198246363
2018,62,men,0.889865173537292,0.890518423286254,1.24201820341842,17.5773652615095,17.0530397417101,0.929218180718148
2018,62,women,0.860033133803408,0.871329775205535,1.29964598828888,24.3846313875575,20.8487822672201,0.901130465675246
2018,63,men,0.898430671271632,0.88493013575487,1.33908137881709,16.3205640928081,15.7963092269212,0.916802010538987
2018,63,women,0.87545169208745,0.864004873133629,1.14525880491116,23.1541332071884,21.3578221728182,0.931372816958951
2018,64,men,0.889983630469325,0.882542936843631,1.16601439452627,14.8037613152348,14.6559087019313,0.916092487237761
2018,64,women,0.86072350227832,0.867990368947308,1.12638400794178,18.6305045539328,19.8083194421594,0.945733051509946
2018,65,men,0.893711784009924,0.878652934971187,1.16581951127867,15.2772354542137,14.3289889614398,0.915532414814876
2018,65,women,0.885348093906797,0.85898090502083,1.47417099911999,19.7755065761168,19.4070801650672,0.874657248392427
2018,66,men,0.887738945277354,0.887443885391127,1.29384098387962,12.8171557629818,13.8916767947272,0.925779830049173
2018,66,women,0.834354142353286,0.853857235027493,1.12916168251506,17.9449760316324,17.3577925765774,0.910237250818073
2018,67,men,0.877481497169543,0.901226919634924,1.23476447154498,13.0749693751749,12.6775087020896,0.904923564838285
2018,67,women,0.840415860751097,0.846203817606948,1.10785219803721,16.816211909377,16.9856466583596,0.901523863018152
2018,68,men,0.901302929022891,0.903329552947252,1.17982074905586,11.4005518106075,11.6923164537069,0.903431008390806
2018,68,women,0.858232974273751,0.859578298019399,1.27175864311012,18.2825394978953,16.8202923367535,0.931684839532405
2018,69,men,0.901924809000874,0.900800922885536,1.10524350117722,12.1519688699674,11.4325613176984,0.961135729290274
2018,69,women,0.848279184960671,0.853077117743916,1.27395795248298,15.2904434671429,15.7426713558347,0.938667501343226
2018,70,men,0.914853077697559,0.93358232678382,1.09048907681206,11.2390735834105,10.9018837312379,0.917621802220436
2018,70,women,0.87416250883114,0.887715893563677,1.32365325327845,13.7409704845392,15.0126920098193,0.908940335820671
2018,71,men,0.938718798476928,0.935957572935367,1.16981099784915,10.346585587113,10.3149719733527,0.927803657593757
2018,71,women,0.905437001753465,0.880278352676791,1.13425293253028,13.0514658215874,14.8388861727831,0.942301301178266
2018,72,men,0.945533887803952,0.942018116637747,1.22231539803427,9.57043607158702,9.68778500725733,0.964778988873486
2018,72,women,0.883574721929278,0.892627478229054,1.16249639154449,11.863992301587,12.8651068245845,0.883474812118152
2018,73,men,0.899655278020194,0.940373695349574,1.3144696423479,8.96948837555309,9.28438245724177,0.90655016715039
2018,73,women,0.904953380099281,0.883710366736425,1.17596573816336,11.2829318986828,12.5848348156166,0.900882012950352
2018,74,men,0.912384089530537,0.95624514809655,1.20759143548073,8.69294800954305,8.94410742489327,0.912320314729163
2018,74,women,0.885768603569873,0.884078290281109,1.12137694344644,10.6090403019118,12.161583601414,0.913206232100203
2018,75,men,0.920430014695182,0.966536147727903,1.36579886648937,8.44183037564143,8.2187522485096,0.909197520003741
2018,75,women,0.895406552932111,0.901122617996167,1.14803358597244,9.93408854107091,10.894525526487,0.916916501923892
2018,76,men,0.934097410835256,0.974121248990913,1.25649190404229,8.62663831748247,7.92593673618083,0.89793107177721
2018,76,women,0.88826506657207,0.924353756755023,1.42451173769966,10.5643848848731,9.90531568118174,0.911203998927829
2018,77,men,0.906424167261868,0.970903569455924,1.14722192705518,7.4336408172994,7.35621813644572,0.893463963471481
2018,77,women,0.871380152189989,0.925288377570282,1.21347672840356,8.94213596155799,9.37820440774485,0.928683327318168
2018,78,men,0.935472775031183,1.00171751642574,1.22798553120478,7.36171525800669,6.7499680516608,0.949182335279777
2018,78,women,0.885256936020321,0.936963234384561,1.12543085242845,8.32296973255471,8.47121429827804,0.928292272675021
2018,79,men,0.953137841203476,0.997154412291435,1.3544656752,6.75450623832939,6.46501131249907,0.937288413310941
2018,79,women,0.896335526959946,0.931791162758629,1.19894619280577,8.78508841769467,7.86667063061401,0.910379794782115
2018,80,men,0.946372247472883,1.00559480924626,1.21062155666246,6.75298537231034,5.97950334007021,0.92524554919779
2018,80,women,0.892121481427166,0.938974860312891,1.17647933317627,7.76547677299587,7.73312883924488,0.92581550591301
2018,81,men,0.98878182488925,1.01094908208191,1.29445159464154,6.05986147488778,6.19854800857909,0.942040348386396
2018,81,women,0.913264114325709,0.946806408298201,1.21750578749748,7.76047256783221,7.18850088499916,0.932430650167677
2018,82,men,0.9950550784234,1.05038946649408,1.15528058357312,6.20762333857887,6.12775050743428,0.937210740700268
2018,82,women,0.935969359236892,0.949806435087445,1.1192770843631,6.91447188958134,6.46889041901808,0.916973858426848
2018,83,men,1.00776887621313,1.03251733140084,1.34237481754461,5.40372990245459,6.1527971921998,0.950329780506697
2018,83,women,0.949804426508682,0.971535629541981,1.25914699217388,5.85828659237339,6.46585741093469,0.954259911206216
2018,84,men,1.04195760891125,1.05491240231565,1.28075211707255,4.82407780773932,5.34301830559951,0.98515504721884
2018,84,women,0.97269656549149,0.975984316215484,1.1916871357514,6.0722464437239,6.41045979916747,0.910479241580455
2018,85,men,1.05627695165122,1.0864533793268,1.2125681979508,4.75593377567787,5.24562927676757,0.956221883513208
2018,85,women,0.980750109829797,1.00192708007997,1.05858057523474,5.78872891098946,6.01540504583503,0.966677568334564
2018,86,men,1.07279826047971,1.07885489453684,1.21252218261324,4.52657367172123,5.33486191721302,1.04989304336101
2018,86,women,0.984886120848522,1.01560805991002,1.05764270662213,5.56691211680594,5.7346119926173,0.965973918671268
2018,87,men,1.10477540519739,1.08419243046552,0.970402216103696,4.72033466394617,5.61571740853256,1.00394722619081
2018,87,women,1.02424992186503,1.02743449738942,1.09220692241882,5.3934522610722,5.77714901879462,0.902689226459851
2018,88,men,1.17369186343765,1.14501929885637,1.73879949060807,4.3958222552574,4.78675392859632,0.966979900244932
2018,88,women,1.06293889823531,1.05223792405758,1.42343153314778,4.93530561500562,5.34982999000228,0.952024205102458
2018,89,men,1.20941532097236,1.11279285904494,0.916906224503364,4.14253116221696,4.67206975583282,0.969393370339517
2018,89,women,1.12879550167489,1.07801882137399,1.17219530744142,4.50393720310619,5.03682904194721,0.954198297339526
2019,30,men,1.28395162256247,0.977275207948529,1.21027947493996,185.334769830798,116.328278480134,1.03942511345233
2019,30,women,1.05869897839722,0.962122101081647,1.1627879607719,189.319670148664,152.93262694139,1.01272116980679
2019,31,men,1.05831862950126,0.937510002017513,1.17638768041375,110.569579788475,130.340552892239,0.988072718322145
2019,31,women,1.04671516933115,0.951446425449574,1.15546353692481,208.933194873772,153.55271292108,0.967664470327151
2019,32,men,0.884963774203582,0.923899447085937,1.1915439698708,119.512198258961,139.912250896823,0.998727536963647
2019,32,women,0.910264670963779,0.932496336887782,1.18913696025874,234.889310831245,87.1945513156235,1.01718390210871
2019,33,men,0.810503157988955,0.91859643409312,1.18385294285458,145.414971756331,153.342299054462,0.958865175057622
2019,33,women,0.83679481425038,0.913348182811366,1.20255171164178,267.662142593982,93.52707678429,0.982953979152303
2019,34,men,0.929975482967701,0.876177195681366,1.15733564258444,167.244013194356,85.6620876400153,0.974575551898384
2019,34,women,0.910185783594286,0.905026046011807,1.14282211262439,147.965782459122,96.1984023218471,0.957378401061939
2019,35,men,1.03383356715803,0.881744366896798,1.34853235581337,187.942929312615,89.9344241779593,1.01813038216331
2019,35,women,0.972683429884076,0.89994412184567,1.23858143303582,320.382679937965,100.553831532417,0.993693188248727
2019,36,men,1.15088284310602,0.883630528469274,1.2845041799788,216.714012900474,105.781532377868,0.985479189257712
2019,36,women,1.07059231706619,0.94161140969085,1.30110979697982,193.659740960721,110.926479253884,0.959606552987953
2019,37,men,1.27899327083228,0.871298003007326,1.30052383313947,223.598737680102,109.693181787684,0.974104266950016
2019,37,women,1.18243329473617,0.903375858230071,1.35004309971106,180.044132098645,81.5870840451605,0.951019640342687
2019,38,men,1.20672194208712,0.867129155407819,1.22243286062969,147.304616476645,76.3388374030153,0.948413361836436
2019,38,women,0.995072346945239,0.927459228392365,1.21440681205686,192.569144119979,119.554262210636,0.923049796209266
2019,39,men,1.04567481382128,0.862268360265459,1.16528491938791,114.848677002911,78.8637963132884,0.962522036506328
2019,39,women,0.949333501048431,0.881027017119386,1.33695649533461,130.240726149293,86.6765950344104,0.917120113641394
2019,40,men,0.97740354550806,0.863896909877969,1.22030957013649,110.19255459543,65.1587903483411,0.962042166125086
2019,40,women,0.949020470706894,0.869764333061704,1.02686407917134,189.857770471349,87.1739746295069,0.942611955492815
2019,41,men,0.924123199624864,0.825491475378138,1.12691206194539,112.72782849539,66.6550424345237,0.958051264489372
2019,41,women,0.918544704061674,0.87095332020307,1.20996637927804,132.742800744517,69.6634138920221,0.983214886929998
2019,42,men,0.921333675748522,0.856040023694035,1.14630226530651,96.389609143122,69.3874380000983,0.971874333625123
2019,42,women,0.959691086985579,0.898219922409872,1.24512197100478,110.641763319498,70.9248385409676,1.03528627732127
2019,43,men,0.923597469439526,0.841214318696351,1.35364103939653,93.2344364758969,58.9817756714587,0.995033063824541
2019,43,women,0.958399960994158,0.865365910269196,1.04789766287143,98.3032005371568,71.3221089784326,0.993068888107589
2019,44,men,0.929626958046933,0.829008065673236,1.39935433841182,89.4803625280046,51.5207128222516,0.963087095448994
2019,44,women,0.95122538058783,0.852896595841448,1.1450178253443,100.672395614427,58.4764418641149,0.994604950144052
2019,45,men,0.868203283852385,0.819284854980034,1.27175564678185,75.5706187572798,53.4215097926967,0.9120418928951
2019,45,women,0.863564488869488,0.847748046204529,1.26716045758908,98.8609534587303,57.7138212553976,0.967032318413231
2019,46,men,0.890495219010389,0.813874525976161,1.09157147394955,71.5278294687813,47.2157494271645,1.00312023911438
2019,46,women,0.858826307585694,0.808842026335203,1.35632700195336,100.371477094027,51.0408278567512,0.92847536961076
2019,47,men,0.835836524011114,0.824835160664624,1.18273797859897,67.7680686935418,43.0729177784252,0.909945895380539
2019,47,women,0.899973282347006,0.816664774885573,1.32713004759829,80.3237953403907,51.0548784875966,1.01016981530705
2019,48,men,0.884016406749816,0.814181749051262,1.28779824818562,67.5158012042555,45.2082479183015,0.996896590240554
2019,48,women,0.840506503610027,0.824784866225478,1.4914471624529,79.9275022681501,44.0782328785713,0.951784185169187
2019,49,men,0.832473384396621,0.820587330391078,1.26657879574908,52.6558371462678,40.076770676723,0.994642727491876
2019,49,women,0.911332011262651,0.801881724148973,1.15818520631814,75.130809410222,38.8616856906691,0.964809513305681
2019,50,men,0.847146762640426,0.781032326485838,1.44307796677608,50.6973964066121,36.6821349950411,0.961453068960655
2019,50,women,0.851704152508761,0.776825645912656,1.20275595048054,73.2373603513234,38.7138671723535,0.921344216712453
2019,51,men,0.858622168211628,0.76876996443022,1.25500271959502,44.4091617930895,34.4533535893224,0.946813578706711
2019,51,women,0.908524582891067,0.792708184817679,1.28169121789326,67.4346199174891,39.222243603821,0.937621858020998
2019,52,men,0.862620492894652,0.794039327431706,1.31672180718377,43.6030177408293,31.6364969676355,0.938501614713545
2019,52,women,0.817383805036304,0.787448495001365,1.00114366380394,58.6873881372179,35.2565026431679,0.960016477276737
2019,53,men,0.873569940637531,0.788136367975222,1.60215888975638,42.3363786511853,29.3416276126689,0.950205762094073
2019,53,women,0.844901535966891,0.804007016688313,1.33182084833587,47.5413368902428,34.0408318940005,0.933145873129055
2019,54,men,0.823767115674952,0.772378849255579,1.48762464802562,36.2307521134887,27.6641335009583,0.961963627527473
2019,54,women,0.815835504460241,0.771946634128972,1.10842203521656,49.8569385099502,31.3021576087969,0.975940567548616
2019,55,men,0.844191460021922,0.760604855536197,1.23064309949723,34.3009979192873,27.3036922599418,0.931949357247132
2019,55,women,0.817525878544281,0.782555913927145,1.09871556212236,40.6296900094874,31.8316011934411,0.923050451755027
2019,56,men,0.820638246138534,0.772641201831809,1.22737886697188,32.4446560907158,23.4105324242835,0.924142916673401
2019,56,women,0.790379975771995,0.769253663128898,1.25572000409208,40.0062768449051,31.932816449657,0.942695150149467
2019,57,men,0.811957408204115,0.769467537118375,1.44475071905559,30.7497649515911,22.7924364820062,0.914887485126063
2019,57,women,0.756041650934805,0.758004919522917,1.11336537550795,37.2892855377275,26.625534334453,0.972316757682814
2019,58,men,0.851103457567204,0.762957234778195,1.38147698492371,29.1065296903258,21.5686194085622,0.921342791601906
2019,58,women,0.760384083287441,0.760851042303908,1.28872266426604,34.8787405875097,26.9960289457614,0.960573144809755
2019,59,men,0.835253894107278,0.760392805023466,1.33224688850462,25.6921426912445,20.6386865692252,0.924626373621819
2019,59,women,0.785619422146782,0.723394676724128,1.58695723269197,33.2314506287264,22.6889447390808,0.928057241190778
2019,60,men,0.905249063017605,0.88722534596747,1.15788217501053,24.8499981427796,20.7904906700473,0.929786710699966
2019,60,women,0.838445832923461,0.882316014305455,1.25264648228445,30.6954728225392,26.5059578373041,0.9218545101183
2019,61,men,0.877844636859645,0.877892183055757,1.43192949052721,22.1651042002629,17.8962891684556,0.917700651361798
2019,61,women,0.852971816294358,0.849242409605126,1.20511629603681,32.3411006506397,24.0037719680745,0.928522167909919
2019,62,men,0.88145078985144,0.881382656310045,1.25559773319688,18.4904954734702,17.3825998930484,0.957398577482075
2019,62,women,0.847533204269674,0.861312062389457,1.30381473592885,27.0796171465167,22.7960429388543,0.934886761331256
2019,63,men,0.889062905090383,0.876309905721396,1.35157642402821,19.0457397526422,16.7877090627697,0.956993001317767
2019,63,women,0.862372204212504,0.853537000427047,1.14851717092028,25.0728193613723,20.8008084202006,0.953949138808108
2019,64,men,0.881260063139671,0.873709140437016,1.1769802486598,16.4472271384645,16.0889492993268,0.931408108258278
2019,64,women,0.847357246898743,0.857356783910755,1.12708214791282,23.3326280304397,21.2140386173351,0.9109598246848
2019,65,men,0.883171584193576,0.870220140001123,1.17764774286364,16.6524428122031,14.3768775612578,0.923297294222119
2019,65,women,0.870191216196927,0.848470651734226,1.47799895550785,21.0199743353689,18.6117531035833,0.861355805010338
2019,66,men,0.87762362703376,0.878519893683913,1.30216960241792,14.6337441225968,13.4407436752038,0.935831954822856
2019,66,women,0.820412773888147,0.843458821036954,1.12994703205979,20.0777510084493,18.9005546422717,0.889692038875773
2019,67,men,0.867454767864925,0.892020155615034,1.24196719993867,14.3924006567181,12.962182610936,0.90864638762447
2019,67,women,0.828158492607339,0.83671283416596,1.1077850568729,18.6518257616375,17.4970758318333,0.901688758960792
2019,68,men,0.890721156378348,0.894541413961388,1.18503958150772,14.2686802304659,12.0383832514313,0.892179190421347
2019,68,women,0.844528910213863,0.849709111782996,1.26784334849588,16.9263617657051,17.4154566378767,0.90649369835717
2019,69,men,0.890854855189274,0.892953299140965,1.10704815450678,12.3887048725419,11.5490294324424,0.8803376541275
2019,69,women,0.835302525603495,0.843778674880685,1.27017644698325,15.9810618507216,16.8094087091055,0.902306119093224
2019,70,men,0.905485301115112,0.927226553593751,1.09144989471726,11.5768678987247,12.0576831831051,0.921577174702608
2019,70,women,0.862302060996207,0.879411998538686,1.31723551760503,15.0209582849973,16.0789722926254,0.90524521684271
2019,71,men,0.92817504786942,0.929968946556816,1.17230219907709,10.907506241745,10.0824097912068,0.924036342881851
2019,71,women,0.89244573894786,0.872204578434857,1.12878563833361,13.8562753319647,14.6299115135491,0.930856025126874
2019,72,men,0.934068250940128,0.936632754097909,1.22252143294673,11.2904286925173,10.1009953059637,0.919120603835872
2019,72,women,0.871300464307686,0.884705212873703,1.15495889479014,13.0087791934784,13.4649940311295,0.930591089461394
2019,73,men,0.888592284627117,0.935824622897207,1.31374810516872,9.10979695589955,9.76563375186809,0.905506502907854
2019,73,women,0.891810480981208,0.875704680511601,1.16925106757651,13.7704371326373,12.8747560807885,0.890757722238661
2019,74,men,0.900415228554432,0.951113820304386,1.20761388790505,9.00887928217099,9.19232120765479,0.908150675132029
2019,74,women,0.872365561397334,0.87645653039233,1.11471067749521,12.8222727475527,12.1091695532913,0.898376547917749
2019,75,men,0.905490304235766,0.961205483642188,1.36027285392771,9.21837534176609,8.17582563396269,0.919332971420366
2019,75,women,0.879529109254296,0.892621023628299,1.14555752029968,11.6102372382398,11.0641163179921,0.880206626062211
2019,76,men,0.917689442575337,0.968641733512912,1.2550892337286,9.10044363374667,7.38654873786075,0.946872113901408
2019,76,women,0.872848277249998,0.91499372751236,1.413335300378,10.3719283124646,10.3627480926414,0.896620950751001
2019,77,men,0.89030107047415,0.966441395597757,1.15157722006414,8.30856685519479,7.41589485681058,0.965650504895641
2019,77,women,0.855467707347476,0.916115574025533,1.20254128464788,8.97713974451837,9.99489408274658,0.911125057700088
2019,78,men,0.917253272934823,0.996014524395827,1.22033659821196,7.47057369558651,7.35790571289443,0.922166392534687
2019,78,women,0.868221762964817,0.927408278704303,1.11911281998148,9.17908736814771,8.67065138605535,0.916787053368482
2019,79,men,0.933024698294861,0.992267464175975,1.34001705249299,7.27469583625449,6.62155338374445,0.930026769522021
2019,79,women,0.878188069657842,0.922828105523957,1.18647624882005,8.31831439211481,7.80388940948419,0.912147487703106
2019,80,men,0.927879057561895,1.00053922783569,1.20142890503481,6.35651789267832,6.17178144972446,0.908442064777265
2019,80,women,0.874157416875373,0.930226879524135,1.16333732318626,7.57759489121541,7.42009831022259,0.920353290324505
2019,81,men,0.967848240460257,1.00672186324962,1.27759262446026,6.67277424310337,5.52153522319827,0.924490822705387
2019,81,women,0.894519550357824,0.938085441459918,1.19939214151567,7.63031384342112,6.78016750816504,0.967668988263063
2019,82,men,0.973741610264206,1.0451631056328,1.1397908113872,6.39820277349697,5.8730536409216,0.962661005750931
2019,82,women,0.916244516019884,0.941843127974847,1.10255322649139,6.94426607013701,6.67507582240757,0.946360102427496
2019,83,men,0.987545454506225,1.02956785740574,1.31569368332055,5.77850894575922,5.46518243170277,0.961555713645488
2019,83,women,0.931348812018511,0.963879257511173,1.23474968931034,6.55142916670845,6.7770832682993,0.911847014813956
2019,84,men,1.02211499015243,1.05268883765294,1.26295862954224,5.3543674160591,5.14568527115933,0.998325969574869
2019,84,women,0.954264107710043,0.969399177677282,1.17574203221431,5.5304887929022,5.95323504765299,0.921056820785483
2019,85,men,1.03800340155528,1.0846812997518,1.2057721817496,4.79518925740559,5.13579002811173,0.986645063798086
2019,85,women,0.963305434155757,0.996267101181855,1.05091337742234,6.02356736614867,6.03035430012725,0.923247555461787
2019,86,men,1.05629207101929,1.0791331493247,1.20205662331907,4.5496595146198,5.31584632894416,0.969015531244802
2019,86,women,0.97012698083506,1.01138220250949,1.05220008274885,5.45104696831102,5.62013036588313,0.929339691811416
2019,87,men,1.08998383583505,1.08619206064296,0.974039491286711,5.25376962391183,4.75239944836628,1.01953328184964
2019,87,women,1.01017649230625,1.02504311127118,1.08335516271949,4.63629836908872,5.36280459226885,0.963038833332331
2019,88,men,1.15909527930502,1.14600637052804,1.69467711652562,4.30335994175142,4.83146267327597,0.937225844279221
2019,88,women,1.04959578925484,1.05185351905602,1.40658194656295,4.56966823006552,5.41692800037168,0.949919826918778
2019,89,men,1.19636585992918,1.1181599780266,0.927223962808553,3.92532172472422,4.69159542682443,0.939567132844072
2019,89,women,1.11564543626974,1.07851787132936,1.16280950972629,4.22540708034821,5.06581324775721,0.952067860542125
2020,30,men,1.29620779457029,0.97133511627338,1.24963924596581,181.677006136332,118.420004282619,1.00089696865943
2020,30,women,1.06063804543907,0.957206136074802,1.19742226317668,192.114908389678,150.939044344,1.01257310093557
2020,31,men,1.07397744912367,0.932382589682646,1.21538747991561,201.319859579164,122.059068291963,0.978817125222962
2020,31,women,1.04894293046429,0.945342183770514,1.19032829993282,214.613241531005,165.673601469993,1.01423695026057
2020,32,men,0.8999662360869,0.917302984323206,1.23068748950963,234.10679240592,134.272281810604,1.01205128935938
2020,32,women,0.908139050581372,0.925394476048635,1.22364612604157,239.634500877547,86.7298733192039,0.965602797217905
2020,33,men,0.819003373280593,0.910423586369673,1.22285814234504,257.644073170351,142.173127275292,0.954614208345466
2020,33,women,0.835967285023293,0.906848270297704,1.23703793525653,263.180217575242,96.8833490273516,1.02227905518543
2020,34,men,0.931264663303723,0.869310663385885,1.19576791316675,166.019549188861,158.15828994799,0.993636104824849
2020,34,women,0.904522904647275,0.896694880398754,1.17603715276388,163.27624933585,101.810823184298,0.969440563423663
2020,35,men,1.03480675336013,0.875245572037082,1.35215903193979,186.056696002716,90.335191185262,0.918343176039026
2020,35,women,0.966429809870346,0.893272759815291,1.23739452176432,170.171605530549,104.994727437445,0.935906653458407
2020,36,men,1.15157756858149,0.874722377315863,1.28813935055837,215.057701844351,94.4951469754573,0.95866818016356
2020,36,women,1.06320027057862,0.932181311290345,1.30041733798156,191.30417656557,107.8739928973,1.00719624436775
2020,37,men,1.27979712014197,0.862810152655315,1.30524918709859,247.902313853062,74.367468195064,0.970112426551799
2020,37,women,1.1738980889412,0.895350129378203,1.34879123008326,210.04847349902,81.8663773209293,0.979156858347195
2020,38,men,1.20780689857357,0.857856306425348,1.22813403924033,168.915059238827,112.639922909697,0.956761813647909
2020,38,women,0.990253433512735,0.919511487550203,1.21394099045841,201.634951794171,125.790595301655,1.02112489124132
2020,39,men,1.0422954414561,0.853323844664773,1.16999854781439,169.877400244863,81.2173125226022,0.963128970839027
2020,39,women,0.947840853600421,0.872906418326246,1.33518296487718,150.727130636245,87.6617674235697,0.963441825407252
2020,40,men,0.977029781040586,0.853423309089499,1.22544279292273,126.050145645851,83.6491516230989,0.966407831415748
2020,40,women,0.940793163048386,0.860819150525384,1.02676206906682,213.765294457402,78.2481362604472,0.963366481907932
2020,41,men,0.922069604235002,0.815897007683786,1.13245464535017,102.295439778275,67.6969285842082,0.926021521214754
2020,41,women,0.912456047916447,0.861104213303608,1.21152300446621,143.284193794349,92.347626934312,0.960441883352141
2020,42,men,0.919149697962949,0.844750745177212,1.15262442839115,102.691112910714,56.2762660705905,0.958423462620935
2020,42,women,0.953536845821263,0.888156079426767,1.24772183915065,148.644631566942,74.3117680089936,0.956090185188765
2020,43,men,0.922125686094846,0.830013279446009,1.36181594640651,108.242520170512,60.5156123638576,0.993002182531705
2020,43,women,0.948390619535223,0.8561259524284,1.05018391045734,142.93948700072,75.3430122440754,0.946153891727458
2020,44,men,0.92638710589239,0.818227730298329,1.4091900221289,92.105352426314,52.6245482971244,0.943239730914422
2020,44,women,0.941450615633752,0.843511957036217,1.14988680124385,135.01362474657,61.8326199131016,0.976603453395507
2020,45,men,0.864282928884423,0.808594141313598,1.28362472257915,95.3901663238476,52.4570553107691,0.964440879376913
2020,45,women,0.855599751121563,0.837412652430821,1.27219187763395,110.699710047021,61.5340125045678,0.991507829670917
2020,46,men,0.885668762333437,0.802797940413486,1.10330822377648,75.7086178754305,42.6469820891032,0.949128405456985
2020,46,women,0.850716016599335,0.798708614184054,1.36301111860614,88.638129218055,52.2090626924481,0.950314207468736
2020,47,men,0.831030575261841,0.812876918342086,1.19555224275454,72.7698060435403,44.6737479084999,0.955127023778702
2020,47,women,0.890754043833156,0.806421845665362,1.3345323709331,107.929925927647,53.954386362759,0.955663519307812
2020,48,men,0.878730217438475,0.802869369442304,1.30266246275565,72.508047850385,43.4101488162078,0.959069808557721
2020,48,women,0.831223392405825,0.814447687248704,1.50099918962829,104.638501546012,53.0850990952618,0.94059270177473
2020,49,men,0.826470966809155,0.808241156018937,1.28169932948707,64.9808273650522,41.6553397016482,0.956007349322897
2020,49,women,0.898897578053844,0.791162299813938,1.16588369384864,86.7125468796906,45.0239283197366,0.944210049972613
2020,50,men,0.841220707256716,0.769713203683316,1.46040468066325,59.7578166059128,36.7909495261477,0.910605638503673
2020,50,women,0.8406733794013,0.765735312505681,1.21123757164618,80.0063749547403,38.7463159360093,0.8974492955952
2020,51,men,0.850614540120294,0.757602977048482,1.27111533811253,51.0736892010983,33.5949664368027,0.941404393870383
2020,51,women,0.894790753922599,0.78163450629621,1.28982836529605,79.8334996875131,39.4892127216223,0.981425658194938
2020,52,men,0.854149333316779,0.781251475531711,1.33260716849399,48.4402720994945,32.6230666710581,0.915911043063978
2020,52,women,0.806293146665745,0.776093120209539,1.00739701712005,61.8413326421157,37.4967013887114,0.944597794786075
2020,53,men,0.865415728991983,0.775462866995156,1.6222227698728,46.5175291431152,29.3741356059865,0.947751318758836
2020,53,women,0.831439060607368,0.791674345199491,1.3400841041133,58.4176228473257,35.7607261024735,0.970237153965112
2020,54,men,0.81619433190797,0.7608684691106,1.50533458989212,43.5996774627826,28.744019702664,0.964801121064216
2020,54,women,0.803706756596029,0.75990985286057,1.11574264947608,49.9608395829913,35.1867356794192,0.971421355676004
2020,55,men,0.833437161802897,0.748639439039109,1.24864359167861,37.1896946814479,25.7472583720706,0.948629418207846
2020,55,women,0.802224012672532,0.770279778133196,1.10611062280122,47.4241404458619,30.5377312838643,0.932682334327215
2020,56,men,0.81093426879974,0.760798096768392,1.24552193590986,34.6158188354306,25.423977205487,0.925971647599277
2020,56,women,0.775696546388384,0.757186742477805,1.26303321082412,44.1045387791795,31.1112414140956,0.906228829969224
2020,57,men,0.802519468493158,0.757731636450186,1.46530908366733,33.1895127660672,23.8773466157877,0.918898574948527
2020,57,women,0.742467221177377,0.746185677992228,1.12006811650357,41.8129331868877,28.338471328621,0.910430272346301
2020,58,men,0.840136743421608,0.750842772973523,1.40077827001355,32.3157680134852,21.3144074454946,0.941270628349137
2020,58,women,0.7461033473177,0.748628388774279,1.29586644619302,33.6241824699199,28.6610782672117,0.976278908184105
2020,59,men,0.824350422637877,0.748562774251508,1.35047640567936,27.5960461127852,20.9154464778247,0.954811677875426
2020,59,women,0.770374402236983,0.711758903798827,1.59484453229352,36.915832274589,25.1132846980826,0.93066289637091
2020,60,men,0.896694008774034,0.877750162436571,1.17248272860145,30.4829342351147,19.9519003603477,0.942352626065739
2020,60,women,0.826493558216141,0.872128770615677,1.25927977181956,34.3186801879759,27.3327698961064,0.927351796131564
2020,61,men,0.869746627756701,0.868876405905311,1.44817690235216,24.31209747251,17.7928091570238,0.935588085224031
2020,61,women,0.840277041744656,0.840166053663831,1.21145750205481,31.1144292392069,24.3378016187455,0.896668358319411
2020,62,men,0.87312007846733,0.872345066869714,1.26931889919949,22.0523320591052,17.9451440675041,0.92135782528468
2020,62,women,0.835221006868045,0.851414398791539,1.30799478106909,29.3239840266352,23.9101621314043,0.967322637710792
2020,63,men,0.879797381117275,0.867777852844836,1.36418178726133,21.2961082173154,16.897616238699,0.924666794138304
2020,63,women,0.849494459427513,0.84320104096355,1.15178318693782,27.5102230686058,21.7121093482372,0.910443416581295
2020,64,men,0.872626260009642,0.864968074474882,1.18804372511162,18.604391333109,15.7969873592061,0.941255870148365
2020,64,women,0.834205022327661,0.846858637878902,1.12778037457464,24.8093643214732,20.5632510508256,0.9564580433727
2020,65,men,0.87276081983875,0.861872393755325,1.18959003559689,18.6185441655419,14.393388142379,0.921602178221516
2020,65,women,0.855301132710529,0.838094108147252,1.48183494900587,22.6227652113173,19.2771796968671,0.933086607917255
2020,66,men,0.867628490965212,0.869689992607325,1.31054766935942,17.5671181304177,13.8526788764812,0.918167073020906
2020,66,women,0.806711085198483,0.833192095860984,1.1307325385385,22.0506870750917,18.3158560232558,0.951460819333462
2020,67,men,0.857547491206688,0.882911935400989,1.24920834603983,16.2057543185649,13.2594465384572,0.943531082287845
2020,67,women,0.816085833936173,0.827332921976315,1.10771795302106,20.2012333064643,16.69229276551,0.935892808630314
2020,68,men,0.880268767114228,0.885843059619587,1.19027889762133,13.4556802879241,12.8017263342317,0.914728134911208
2020,68,women,0.831050293396953,0.839958040907656,1.26394203748678,17.4450650681867,16.4231300997466,0.910563739126727
2020,69,men,0.879926151567726,0.885177877804605,1.10885485869038,13.3188826797868,11.4827308899257,0.917374082870205
2020,69,women,0.82253065711327,0.834586113224085,1.26640803033976,16.0606717984355,16.3254447844594,0.921470621794334
2020,70,men,0.89621801488742,0.920917165247689,1.09241108278947,12.4579228931074,11.4030599320347,0.900250490726334
2020,70,women,0.850608286971298,0.871189834315679,1.31085205313736,16.2923848814113,14.9696472371947,0.933022096122601
2020,71,men,0.917754858596769,0.92402157476129,1.17479746799194,12.7408035845717,10.5722794690518,0.908944844442197
2020,71,women,0.879647170463909,0.864208798603926,1.12334738513678,14.5950828585388,14.666695183761,0.898012596965865
2020,72,men,0.922747222007069,0.931280822636054,1.22272740054015,11.2426696005106,9.63313205628524,0.895180808640677
2020,72,women,0.859202667274335,0.876857130139055,1.14747396643896,14.7765212730085,12.7891203612047,0.899466599781697
2020,73,men,0.877670709366677,0.931299792902666,1.31302732104589,10.5068017776637,8.96494511460001,0.902533248745471
2020,73,women,0.878864826683147,0.867775429634982,1.16257803370407,13.5916066720569,12.2598057912974,0.890319012576668
2020,74,men,0.888609188190831,0.946012548307404,1.20763632962868,10.2727776881414,9.25897804573305,0.90424349322106
2020,74,women,0.859171814587811,0.868904204117439,1.10808731215072,12.0587443431814,10.970019594961,0.893821541205002
2020,75,men,0.890800301937814,0.955906837156521,1.35477191931196,10.0876861473993,8.46801645553579,0.911374591387687
2020,75,women,0.863940859898809,0.884203787421564,1.14308801709155,11.9900023754223,10.4631241030076,0.911829000560109
2020,76,men,0.90157760145802,0.963195731220616,1.25368882267043,9.6689060864183,7.47582259401064,0.93864345711101
2020,76,women,0.857706498801698,0.905733042756817,1.40225202042611,9.97607913163532,10.3784558492119,0.928143139423073
2020,77,men,0.874472536210262,0.962001923765697,1.15594687852146,8.47364945020982,7.34294736430003,0.911371517278657
2020,77,women,0.83985350728169,0.907038179379045,1.19170972931909,9.430548939707,9.13880138460501,0.937426317567073
2020,78,men,0.899397377837288,0.990346800599983,1.21273906145131,7.65169154769232,6.55177798125053,0.938910143436644
2020,78,women,0.851522594033119,0.917955421619342,1.11283335840913,8.87352159447251,8.53139141862943,0.929539921731362
2020,79,men,0.913345629279414,0.987406868588709,1.32572959934138,7.65252287609125,6.63268466054882,0.919165458792583
2020,79,women,0.86041674529158,0.913955639822052,1.1741420803236,8.72187006359266,7.45443954231692,0.92146086338187
2020,80,men,0.909756135721796,0.995511547655533,1.19231055645869,6.36614686915465,6.32402832899964,0.924342284676507
2020,80,women,0.856563710774126,0.921564670854863,1.15034851647326,7.54714188961103,7.32075942658942,0.906920587342252
2020,81,men,0.947367880890771,1.00251440034843,1.26096141143448,6.22220277876321,6.03417293984989,0.985335506291679
2020,81,women,0.876168712211421,0.929449061677311,1.18155675423531,8.11769243899582,6.69813380632721,0.941940896585337
2020,82,men,0.952894879919655,1.03996531792432,1.124516239315,5.90249751575017,5.5562223530089,0.88016992432898
2020,82,women,0.896944818830549,0.933950480036281,1.0860873470558,7.3997507956638,6.33859942522918,0.932664044369727
2020,83,men,0.967737580748933,1.02662826307933,1.28955568482468,5.75303576957337,5.33656694807845,0.956783110525175
2020,83,women,0.913260681430549,0.956286969473642,1.2108368412782,6.72852275280742,6.14285566418504,0.925919306651937
2020,84,men,1.00265979227031,1.05047105743078,1.24542097473534,6.33702775215283,5.18372377428282,0.96993202744491
2020,84,women,0.936189811248907,0.962861698061981,1.16001801617506,6.79104146865303,6.18750073805836,0.920404847345113
2020,85,men,1.02005479785124,1.08291298589809,1.19901759176376,4.75013884560179,5.29998656142525,0.989432462688323
2020,85,women,0.946179456833518,0.990641874977512,1.04330546779828,5.98699276427793,5.83613525827994,0.943911993477779
2020,86,men,1.04004783301311,1.07941133804182,1.19168650998586,5.06139215207416,5.1314300924663,0.886654859401668
2020,86,women,0.95559616045875,1.00717600801721,1.0467881408495,6.09068792693863,5.56628548623429,0.941784311764323
2020,87,men,1.07539748493862,1.08819438593702,0.977688588545366,5.11157834098981,4.69791434884573,0.941689190983779
2020,87,women,0.996303260511558,1.02265847119565,1.07457947181765,6.0172171813575,5.02487129853623,0.955304630577437
2020,88,men,1.14468731854315,1.14699380370916,1.65169537765654,4.51800255636421,4.12009881152952,0.898578016062305
2020,88,women,1.03642665987998,1.05146944472817,1.38994000930961,5.03846449320019,5.20805187029648,0.908271433298468
2020,89,men,1.18346355858052,1.12355030630503,0.937652608795311,4.0202792373773,3.89552732519445,0.900849338077185
2020,89,women,1.10265496251485,1.07901690502398,1.15350345620657,4.62801110035731,4.7456700450967,0.910242278460083
2021,30,men,1.30857480695502,0.965434042918222,1.29025860781287,172.826489530264,113.994474554863,0.999163231442
2021,30,women,1.06257970165794,0.95231770362272,1.23307025582062,210.22564121327,163.959388412929,1.01177667917927
2021,31,men,1.08986003320194,0.9272857370013,1.25565993847759,107.629421179846,127.253192938548,0.943294091576835
2021,31,women,1.05117432692045,0.939280097501298,1.226227024878,238.980625928663,164.221717406327,0.987894136675256
2021,32,men,0.915215414516047,0.910756848888724,1.27109658190168,231.13582960535,129.411419708553,0.931508755026485
2021,32,women,0.906019442222868,0.91835017756692,1.25913893211566,137.964190237604,176.857541799741,1.0328844678575
2021,33,men,0.827588461934623,0.902327444416107,1.26312820682688,141.514802714987,141.761909256191,0.971173590232014
2021,33,women,0.835140983121718,0.9003977976123,1.27249533199978,202.332027563925,99.9690222345973,0.97137842481793
2021,34,men,0.932554991391402,0.862501302126763,1.23545644953135,153.946545876111,157.086580293358,1.01676253875267
2021,34,women,0.898898034881185,0.88844447336478,1.21020039635182,180.829113071485,109.524431846844,0.995790416020017
2021,35,men,1.03578037332252,0.868797856726964,1.35579365928539,188.737009144445,88.9607178121493,0.943920347019419
2021,35,women,0.960219461195918,0.886654118345644,1.23620933447985,203.678715494428,113.673460261705,0.961513165290201
2021,36,men,1.15227236927527,0.865908374348607,1.29178300195269,217.786060099745,94.1410337234058,1.00927101458111
2021,36,women,1.05586288415216,0.922850251190775,1.29972558995764,214.575975107547,81.91726262997,0.99344937445957
2021,37,men,1.28060107645043,0.854409127304836,1.30998935881054,248.471710245005,101.012448166198,0.953963006984856
2021,37,women,1.16542867181162,0.887399621654676,1.34754114001326,242.122557181117,122.992441353399,0.972211743969261
2021,38,men,1.20889229283942,0.848687134782573,1.23385896556619,200.972012856371,81.1802975934547,1.01848773840948
2021,38,women,0.985460224709986,0.911635736930502,1.21347557795471,182.146195568492,92.5668664270753,0.998828796292984
2021,39,men,1.03892865486083,0.844476470831465,1.17472889600636,206.550214671824,83.2576915758093,0.955119359478611
2021,39,women,0.946351290068444,0.864864632344293,1.33341266310681,171.872697728383,75.2858625381602,0.965030459233378
2021,40,men,0.976656344382751,0.843081776448024,1.23059505195778,198.46169680885,66.2279958342331,0.991738914882867
2021,40,women,0.932641199157301,0.851970324739315,1.02666011957619,192.115921033641,74.8528058408312,0.974583143318777
2021,41,men,0.920021585358572,0.806418719935961,1.13802172586357,125.791619518297,70.1207377203469,0.920807912638946
2021,41,women,0.906410734503086,0.851371276377473,1.21308086035449,177.799963609337,76.571672912502,0.987448307318193
2021,42,men,0.916971974262042,0.833615824511403,1.1589783049707,123.565587617482,58.8612349967989,0.98747796212264
2021,42,women,0.9474250868005,0.878209891215738,1.25032584515661,178.374639004383,65.9782235354021,0.930017527404037
2021,43,men,0.920656974771044,0.818966818955908,1.3700361406261,129.437871700068,61.5263827379035,0.947998523684024
2021,43,women,0.938490690158378,0.846989154426688,1.05247401082711,139.515063985069,56.0805364858983,0.975197438272534
2021,44,men,0.923160140094536,0.807592813017514,1.41908991887012,113.971743814514,56.6046238276169,0.930296621048318
2021,44,women,0.93178105929491,0.834235148056972,1.15477405638974,128.84423803887,58.336161843082,0.93714633547392
2021,45,men,0.860382203365672,0.798048116892616,1.29559861369205,97.1483396843792,49.5892523007469,0.958230966687919
2021,45,women,0.847712360459623,0.827208285496276,1.2772407705374,105.7221321481,57.3857873260669,0.960069779789956
2021,46,men,0.880870834253149,0.791877474367001,1.11516526627286,91.5583605367868,47.1898636257185,0.96577274187846
2021,46,women,0.842686272084979,0.788707077745972,1.36972484263493,107.561919813305,50.0164406876391,0.941528330939017
2021,47,men,0.826254618186722,0.801097833646542,1.20849889643259,83.3213248586621,42.7315927968359,0.901683459240369
2021,47,women,0.8816337392089,0.796312361681233,1.34197228785687,106.396490099037,49.5189848560291,0.942800662257598
2021,48,men,0.873478231017033,0.791719648455149,1.3176907608756,79.621167860706,39.7754088250296,0.954369264526625
2021,48,women,0.822047328583641,0.80424508627025,1.51060762007624,105.214874907645,51.6621864923141,0.952429184065558
2021,49,men,0.820514767388926,0.796086709467874,1.29699275564067,67.171509527577,40.8795506473736,0.964930141132665
2021,49,women,0.886638831830995,0.780591370284033,1.17362950519941,103.57069574205,39.9278320981126,0.953760826037867
2021,50,men,0.835339008718003,0.758563604208651,1.47793070223354,63.1058171708291,34.8751972480673,0.938761789720964
2021,50,women,0.829790824093578,0.754808681743305,1.21977476144811,83.7074030688095,42.5995931601627,0.930802644547859
2021,51,men,0.842685500140488,0.746603605757772,1.28742669334317,58.0987858163712,34.1986002127815,0.923417408916015
2021,51,women,0.881271177810712,0.770720886906667,1.29801310778448,89.2533551290984,37.2655413801988,0.928901088176774
2021,52,men,0.845765493740844,0.768675746282516,1.34867617125655,58.6933075634191,32.3829101719487,0.940897750791216
2021,52,women,0.795358349411375,0.764906994147838,1.01368630620613,76.662741660964,35.0361614543614,0.924267883269551
2021,53,men,0.857341611009726,0.762999281953837,1.64252779333921,54.5620409800935,30.3447970414272,0.915070123314532
2021,53,women,0.818197597656996,0.779536808516117,1.34839450127933,61.6683073465044,39.3475714697688,0.955008399137234
2021,54,men,0.808694860163081,0.749535192367725,1.52324644384691,47.8235628074882,28.5937782264929,0.959630279724149
2021,54,women,0.791764192131996,0.748066576774032,1.12310795389228,58.3540703365267,34.1913181911712,0.979650437241828
2021,55,men,0.822825085603268,0.736868038659838,1.26689827024381,46.141537583948,27.7830358266108,0.947311941835285
2021,55,women,0.787215917806417,0.758202154269866,1.11355175996743,54.5309837779793,32.6646188603301,0.936391650202319
2021,56,men,0.801349757976729,0.749142250937824,1.26392401580563,40.2297053877437,25.0653726801506,0.948228852363217
2021,56,women,0.761292966701359,0.745314942173242,1.27038535789275,46.7129047738344,29.2379872533771,0.96524844327674
2021,57,men,0.793195822322913,0.74618040746456,1.48614959485668,36.5622342907087,24.1451783006133,0.933714731677916
2021,57,women,0.729143053122725,0.734556442105208,1.12680786233453,42.0512158223613,29.7952365390388,0.928261345773736
2021,58,men,0.829316661693663,0.738926521694564,1.42033946920825,36.418954235209,20.7204814431606,0.906651775505714
2021,58,women,0.732097686821734,0.736607989550274,1.30304626319652,37.2326223028386,27.2125891934186,0.943921241477293
2021,59,men,0.813594577040771,0.736922511463384,1.36894615458589,30.561651963671,21.2400674396481,0.92708283055373
2021,59,women,0.755432539931624,0.700315912224373,1.60276709961423,35.0583426030795,25.7451571745286,0.944158756752622
2021,60,men,0.888223978293119,0.868380784365946,1.18726002762995,29.9277612147168,19.7587647662582,0.928520908305756
2021,60,women,0.814717455890005,0.862064103966439,1.26594487831254,36.3334207402111,24.7324919827957,0.985265931084749
2021,61,men,0.861727274382083,0.859957612565208,1.46460048724093,26.9663473993702,18.579772736143,0.920239023635842
2021,61,women,0.827777346661081,0.831191122408849,1.2178289116587,33.6077102851453,23.4716542652973,0.947098572005804
2021,62,men,0.864872166545182,0.86340455207884,1.28318310749391,24.441592605266,17.112974299605,0.93470063199022
2021,62,women,0.823093631263802,0.841635287413395,1.31218614871071,30.3257607869773,23.7405233891549,0.924054148509613
2021,63,men,0.870632933666044,0.859333032168618,1.37689838717055,23.9843374704919,17.0753803240029,0.955403228137408
2021,63,women,0.836815248398258,0.832995268335898,1.1550568671241,29.5542851343651,21.0866177124554,0.937188435521592
2021,64,men,0.864081253665499,0.856318720358679,1.19920564397939,21.6459724879061,15.8293442143219,0.898972281969117
2021,64,women,0.821263297917814,0.836494140005463,1.12847868789505,26.1205834982486,21.0629432748071,0.921927721232452
2021,65,men,0.862477838555581,0.853608797009195,1.20164743210046,19.8469711834601,15.3861913386161,0.915170850999501
2021,65,women,0.840673018681633,0.827849508293614,1.48567899249751,24.5992981724969,18.9583158345005,0.9289528961196
2021,66,men,0.857752050723702,0.86095314426647,1.31897545359004,17.6495297707411,14.76172841634,0.922679108987441
2021,66,women,0.793244840107588,0.823055327792797,1.13151820190482,19.6231586496838,18.3682779179432,0.898451024452107
2021,67,men,0.847758186023864,0.873901156234713,1.25648809558881,17.4304976195008,13.6288095498755,0.914787337305867
2021,67,women,0.804195011921514,0.818062727168067,1.10765088644252,20.3894976473157,16.9208296297849,0.911993084562247
2021,68,men,0.869944116379366,0.877233528862253,1.19553876759389,15.6598105719327,11.8764080487097,0.932263364180197
2021,68,women,0.817793306098463,0.830323614351158,1.26005465325434,20.9455457474175,16.8237052810265,0.9192827841428
2021,69,men,0.869136827223066,0.87747395932338,1.11066361504171,14.2439906947153,12.123869487015,0.905910160395645
2021,69,women,0.809960248596631,0.825498175583033,1.26265265080225,18.4130266049443,16.3036036285243,0.941755319747993
2021,70,men,0.887050092081318,0.914653800514152,1.09337264098797,13.6888111262286,10.8570537080625,0.929776582427864
2021,70,women,0.839078763725869,0.863048556597143,1.30450266003426,17.6172049843618,15.4944347665293,0.899947495023504
2021,71,men,0.907456722557186,0.918115153140884,1.17729680921684,11.9250483752908,10.4604530139629,0.951688691283635
2021,71,women,0.867038344863691,0.856290221688099,1.11793800441839,16.1277372157011,14.6639282319657,0.877286209018924
2021,72,men,0.911568906929837,0.925962098323602,1.22293330086984,12.6631953151343,10.1407914373394,0.912270384074569
2021,72,women,0.847278708468143,0.869082499183339,1.14004121411339,14.252555353916,13.0696497162699,0.890413625431354
2021,73,men,0.866888675821542,0.926799064270046,1.31230728882121,10.6153540207826,9.25607372138674,0.927384819154748
2021,73,women,0.866113361556294,0.859921847031267,1.1559463579419,13.9644686067561,13.1513289312617,0.924408816468731
2021,74,men,0.876963674514533,0.94094114131079,1.20765876066204,10.1513241263172,8.57987267260531,0.924533634025036
2021,74,women,0.846183993693399,0.861420645017391,1.10150655029382,12.5673464831471,10.6176078991023,0.89953693405804
2021,75,men,0.876355713550533,0.950640000255643,1.3492959365039,9.42711841839468,8.62585214654554,0.929287641557661
2021,75,women,0.84863639816272,0.875870031179802,1.14062505571933,11.7472888791507,9.81783806527308,0.892730088265176
2021,76,men,0.885756400404636,0.957783020705792,1.25229066611311,8.74360546883397,8.14908218560442,0.929215765197528
2021,76,women,0.842834692956361,0.896570599676863,1.3912610758204,10.8982182572775,10.0372130947234,0.912071156009671
2021,77,men,0.858933041086717,0.957585027306526,1.16033094266316,8.25624280444329,7.77886680264054,0.920462867726412
2021,77,women,0.824531818518185,0.898055154758984,1.18098102476215,9.91597672799665,8.61870035133743,0.897223212844381
2021,78,men,0.881897658585496,0.984714109635827,1.20519255038332,8.0060570717563,7.19615199019645,0.896296553794303
2021,78,women,0.835152640392994,0.908603522428667,1.10659221332062,8.85923682471761,8.81301894236725,0.916890000644912
2021,79,men,0.894091058179259,0.982572470484979,1.3116014394971,7.32078415645857,6.41522118669318,0.942854084873822
2021,79,women,0.843013577505249,0.905172805855833,1.16194214284227,8.67712852383467,8.25032071353655,0.886565405442983
2021,80,men,0.891995890675026,0.990511601023424,1.18326587401318,7.16811530668268,5.99952381601121,0.928093625493339
2021,80,women,0.839332549877581,0.912987351488919,1.13751105254583,9.25936466705,7.20555046002471,0.934634015568166
2021,81,men,0.927330716467375,0.998326591337127,1.244554768193,6.47160426224358,5.76613646255795,0.95937397700839
2021,81,women,0.858203140951473,0.920896407250195,1.16399521650496,7.57948276770349,6.94836469735593,0.91059454507533
2021,82,men,0.932504442918435,1.03479593312636,1.10945377324947,6.13549185134799,6.12917686428002,0.917901061607396
2021,82,women,0.878060900443189,0.926127829790964,1.06987534177162,7.6109522356978,6.09546756205297,0.941804075513743
2021,83,men,0.948336516915049,1.02369851046192,1.26394950498162,5.83709717027061,5.71007435203152,0.959055779321143
2021,83,women,0.895532540976319,0.948758197717706,1.18739859558668,7.2833947862393,6.02144834488877,0.899395275588106
2021,84,men,0.983584264793103,1.04825904374895,1.22813535039035,5.96559888176668,5.03740424493075,0.934416401485192
2021,84,women,0.918466544507518,0.956371509107591,1.14451191495516,6.94484031090747,5.45722529951527,0.935336121090423
2021,85,men,1.00242520564163,1.08114842790514,1.19230415515222,5.50807162865355,4.63019543253587,0.968459690007797
2021,85,women,0.929366202067567,0.985051171036646,1.03575635889358,5.71979323453163,5.37369671774385,0.929627977952639
2021,86,men,1.02406126271601,1.07968946073661,1.18141092554029,5.84855972699524,5.17801766027554,0.995327023426848
2021,86,women,0.941290017264241,1.00298937527541,1.04140669289819,5.23573894856689,5.04585117959096,0.899722137970497
2021,87,men,1.06101340581773,1.09019940864333,0.981349540423408,4.61226938202697,4.44445868592842,0.927600484562532
2021,87,women,0.982627281621527,1.02028055480689,1.06587915883227,5.68869329907412,4.59601253629468,0.935737469098795
2021,88,men,1.13046545210567,1.14798159835309,1.60982424381729,4.23621807809542,4.13910227707773,0.997526909535485
2021,88,women,1.0234291571569,1.05108570062609,1.37350306147653,4.93990653981047,4.41461779224549,0.971173501362467
2021,89,men,1.17070668577364,1.12896393268103,0.948193298843218,3.93741024099771,3.82570074759835,1.00014100276242
2021,89,women,1.08982206600434,1.07951592246642,1.14427643037936,4.44360460555975,4.2038610436587,0.973143750443148
2022,30,men,1.32105360652716,0.959571712469252,1.33217721651459,170.792238596408,109.396730847897,0.949817725112961
2022,30,women,1.06452394922736,0.947456636016536,1.26976108404754,164.469328459045,138.707282204156,0.911539865501099
2022,31,men,1.10596946622916,0.92221924685023,1.29724592532811,184.145293637257,116.252395759566,0.988232713810024
2022,31,women,1.05340936282869,0.933259854877028,1.26318984079506,201.188017377255,152.166952450532,0.949806089973794
2022,32,men,0.930715241663936,0.904260632195346,1.31281150825283,116.857021641587,125.330021142429,0.997650953584342
2022,32,women,0.903905825921926,0.911362946748851,1.2956429082625,228.583341134464,151.168796921452,1.00047625572961
2022,33,men,0.836259228772696,0.894307250893805,1.30470349696908,253.921173554983,129.053656318195,1.02686963992849
2022,33,women,0.834315906119415,0.893996364520014,1.3089507503019,256.677258475821,90.0849660996687,0.972574221589379
2022,34,men,0.933846467683895,0.855748607959669,1.27644166392638,154.513378242121,140.692437580457,1.06177982171235
2022,34,women,0.893310900560755,0.880274002692435,1.24533842275488,285.756072416994,89.4358522970394,0.993216507224319
2022,35,men,1.03675442702377,0.862400794511895,1.35943625133542,169.884815342156,161.15329271458,0.962623629624998
2022,35,women,0.954052063259782,0.880087755033778,1.23502586782711,175.544422224729,99.9771637743624,0.980785434091828
2022,36,men,1.15296724515828,0.857187478688826,1.29543514973659,206.951704353247,88.5330888362085,0.988415111799252
2022,36,women,1.04857972685953,0.913617141021572,1.29903455182675,196.035021515927,102.675813352953,0.961017952943774
2022,37,men,1.28140513971894,0.846093996490707,1.31474438737426,234.893742973742,93.0224023069183,0.99398725643874
2022,37,women,1.15702450407695,0.879523593351946,1.34629282609277,207.891042741661,108.548127306971,0.959008973354726
2022,38,men,1.20997812484457,0.83962043084784,1.23960772670217,273.862056107376,99.3032128525024,0.936595232870311
2022,38,women,0.980692570808458,0.903831289311403,1.21301057398425,230.698762598465,77.4792973344831,0.951730918842686
2022,39,men,1.03557440096967,0.835725136473729,1.17947601495366,226.697285739785,75.077707540594,0.96881832452724
2022,39,women,0.944864802559722,0.856900855841343,1.33164558255249,260.281768999139,84.7568454097477,1.0131746952963
2022,40,men,0.976283235085034,0.832870582508496,1.23576640836456,215.690771222006,62.7630615546596,1.01670624550869
2022,40,women,0.924563852283474,0.843216770847343,1.02655823063342,174.024994419894,70.1493185565034,0.993806891043405
2022,41,men,0.917979125104554,0.797055148859959,1.14361339955606,169.174680017182,63.0626391926333,0.969575812305607
2022,41,women,0.900408434064241,0.841753082735391,1.21463994730599,181.978875802748,70.6227045887264,0.922939371885561
2022,42,men,0.914800483655218,0.822633076352273,1.16536403831753,139.965650703799,67.5862258465855,0.964754744045342
2022,42,women,0.94135549587003,0.868379925095686,1.2529339935558,185.168627532667,72.5885367654582,0.972019430037985
2022,43,men,0.919191327540691,0.808072729069991,1.3783018503417,129.534692222624,55.719864192587,0.958276960058854
2022,43,women,0.928698923628153,0.837954314340965,1.05476796856234,172.480081045461,60.3036162170578,1.0377768096462
2022,44,men,0.919946003060284,0.797101281754815,1.42905441577088,115.298254691754,47.4869888371674,1.00738473437306
2022,44,women,0.922215527961167,0.825064877497645,1.15967965031097,139.660890355665,61.2814608277921,0.959563717128505
2022,45,men,0.856500999370438,0.787644753333449,1.30767819318886,117.068383694018,51.1134367115272,0.940855126941546
2022,45,women,0.83990152803595,0.817133220706032,1.28230718828771,131.18847425221,61.8007222820744,0.925783341886966
2022,46,men,0.876101252149364,0.781110851781038,1.12714377390783,98.6352759306229,44.9563684550815,0.955937314766795
2022,46,women,0.834736234841596,0.778835636814216,1.37646829043873,128.511872668014,53.4335103303905,0.954537168757278
2022,47,men,0.821508450920458,0.789495135786886,1.22157924088047,92.8637104531091,40.5341918975281,0.910731084894037
2022,47,women,0.872611258623633,0.786334519661065,1.34944997055007,129.36391175423,49.3991031663329,0.981083626107035
2022,48,men,0.868260209424985,0.78073016849721,1.33288487129928,89.5918569155787,42.5696281693066,0.971084690666371
2022,48,women,0.812977025682165,0.794175245948273,1.5202727586937,127.484335195112,45.9680561113825,0.965230189592632
2022,49,men,0.814604407654172,0.784120920667098,1.31246096409146,78.9879832162203,39.1682839111599,0.913115537377318
2022,49,women,0.874553205205815,0.770166806525746,1.1814229076452,102.444506016777,46.5971147227154,0.909802936782138
2022,50,men,0.829501313308911,0.747580907155305,1.49565822378178,76.9774114052558,36.0909710778122,0.925257155666089
2022,50,women,0.819054423153838,0.744043258023246,1.22836785618644,100.53542066446,39.4593079729557,0.97591903974235
2022,51,men,0.834834238681586,0.735769253569895,1.30393913639112,74.0161431855049,33.3409001188666,0.934849696439166
2022,51,women,0.867962408589247,0.759964935664944,1.30624569999035,98.9555409634074,36.477866332421,0.896707591474524
2022,52,men,0.837468031539656,0.756308518672788,1.36493084599776,61.9496365947233,33.19540289175,0.962427222952743
2022,52,women,0.784577147398886,0.75388751233126,1.02001171963754,77.1058998905102,35.334938645566,0.957801376104628
2022,53,men,0.849346760933166,0.750742034638197,1.66307673692879,63.9860637539707,28.5750357975674,0.925935403708977
2022,53,women,0.805173412096968,0.767591224829615,1.35675228524726,68.2850092279613,35.0224513970717,0.903328705875187
2022,54,men,0.80126795495797,0.738376208425376,1.54136241028198,53.212207243808,27.7266375649422,0.900760235208499
2022,54,women,0.78000486303287,0.736413601602626,1.13051819896963,69.238494100777,32.890354127329,0.940320187171242
2022,55,men,0.812353281603616,0.725287414803431,1.28541059613458,47.8667871142054,26.0106367404022,0.925506997706366
2022,55,women,0.772495812827032,0.746319736437854,1.1210392376981,56.4410901132433,32.7107842953084,0.933539093131979
2022,56,men,0.791883184882639,0.737670612992187,1.28258867339437,48.2464867317847,25.6734259192637,0.952573311306441
2022,56,women,0.747163768559597,0.733635012934026,1.27777663322013,47.1912175215625,29.6233048004912,0.940708847581406
2022,57,men,0.783985030068821,0.734810855010377,1.50727598236295,42.5325813673005,22.9364613249127,0.931323269372032
2022,57,women,0.716064412460305,0.723114065581747,1.13358479883712,47.0620200311069,28.9084424224028,0.937801721078168
2022,58,men,0.818641180704474,0.727205142245964,1.44016395133958,40.5643432721246,20.7055149871708,0.932174926664755
2022,58,women,0.718361671103227,0.724786400227598,1.31026227908145,41.7019843967786,28.0257221465369,0.944607264668875
2022,59,men,0.80298428699095,0.725468880904126,1.38765917981563,37.2356181762669,20.0647779360543,0.906773154778543
2022,59,women,0.740787661185078,0.689062414973843,1.61072507478427,40.679856208496,26.0285692886673,0.898260628884004
2022,60,men,0.87983808512818,0.85911597879128,1.20221612262249,36.5213493484249,20.2260352014343,0.878038722927173
2022,60,women,0.803114843975025,0.852120479901031,1.27264193851879,38.3414519101176,26.2087129276041,0.947140682508925
2022,61,men,0.853785774401442,0.851134712553113,1.48120206687165,30.0654944823806,18.138853272952,0.942619187096587
2022,61,women,0.815469638965636,0.822316433112982,1.22423065365827,38.6964686829759,23.0000326277377,0.884124187616155
2022,62,men,0.856706190775755,0.854560021977106,1.29719177739991,28.1881028766463,17.6591025747821,0.909182392261946
2022,62,women,0.811148213647047,0.831973250651159,1.31638886389794,32.0836146036187,23.1619643276627,0.924274363169162
2022,63,men,0.861568410907776,0.85097450932313,1.38972714959923,25.8367879328445,16.3351773229808,0.913684369817415
2022,63,women,0.824331414395417,0.82291797956889,1.15833822565853,32.4846983879304,22.2731195368688,0.933897766278207
2022,64,men,0.855624087590694,0.847760071174537,1.21046683183906,25.9457661607237,15.8661213243634,0.936292182666634
2022,64,women,0.80852860296785,0.826261523992601,1.12917708784193,30.6888544410347,20.4207334286062,0.900849985811033
2022,65,men,0.852321009851119,0.845428460483774,1.21382098400372,20.6374758865864,14.6344007052215,0.921280002774959
2022,65,women,0.826302138920041,0.81773511038779,1.48953109888012,27.6624827188769,19.5755180697317,0.936424026233532
2022,66,men,0.847992839065709,0.852308322720566,1.32745322532348,18.6574872609584,13.5086609218785,0.939133863544885
2022,66,women,0.780009879351652,0.813046808737786,1.13230402211242,25.8716660539734,18.8671719725552,0.899403662497757
2022,67,men,0.838085390231058,0.864986728235358,1.26380663513137,17.9141272647511,13.0849633550446,0.912988577632973
2022,67,women,0.792483199817626,0.808900913031792,1.10758385709813,21.0777249016363,17.9306386252211,0.922423349318188
2022,68,men,0.859745581032367,0.868711871385102,1.20081926182825,16.6098980868127,11.8668400704463,0.895206476496781
2022,68,women,0.804754197085006,0.820804380106655,1.25618113922907,20.0680784728814,15.9059666204765,0.922561384376862
2022,69,men,0.858485036930818,0.869840851263319,1.11247442487456,15.3019755967888,10.7904436159071,0.919824665731019
2022,69,women,0.797588024945379,0.816513620305017,1.25891025685054,19.6786633210369,15.3856958146375,0.969459584474107
2022,70,men,0.87798041894997,0.908436101151531,1.09433456927204,14.3573628827366,10.762103690268,0.910701826574532
2022,70,women,0.82771110462769,0.854987330218771,1.29818713971798,17.5975586721606,14.9772214252334,0.895760945450635
2022,71,men,0.89727915078854,0.91224937968288,1.17980022737796,13.8182836980724,10.4730207797496,0.908189444223448
2022,71,women,0.854616357342943,0.848448064609523,1.11255732871762,16.991419878638,15.2536998581133,0.879571435528204
2022,72,men,0.900531437361137,0.920676358841694,1.22313913399101,12.7068093832904,9.66588955173518,0.889598332491424
2022,72,women,0.835526005767767,0.861380596721453,1.13266024855673,15.9872001736259,14.0007207477701,0.879079040678132
2022,73,men,0.856244333382101,0.922322296793938,1.3115880073389,11.4988315601668,9.59149870200419,0.94377994839257
2022,73,women,0.853553078766361,0.852143173697278,1.14935576368657,14.350229654773,12.4419534950632,0.918636470847865
2022,74,men,0.865476427030176,0.935899409824465,1.2076811810155,11.2653413886342,9.24111356563922,0.918931320018574
2022,74,women,0.833398785138622,0.854005193374909,1.09496809700865,13.3808623651108,11.5527829619955,0.905793170023863
2022,75,men,0.862152320742631,0.945404766377786,1.34384478006171,10.4596587038668,7.80431154486324,0.894248474862077
2022,75,women,0.833610421026731,0.86761888627716,1.13816861562929,12.9965238370007,10.7528966081051,0.912221893676863
2022,76,men,0.870220456649754,0.952403382131465,1.2508947593143,9.38092571745433,7.75029907222376,0.915252959851566
2022,76,women,0.828227916171122,0.887505308239964,1.3803616521925,10.1043449696452,9.5925521732643,0.862537326865625
2022,77,men,0.843677167947019,0.953190580335843,1.16472945281794,8.77964246343805,7.17664207909997,0.90184590247929
2022,77,women,0.80949702055962,0.889165473111305,1.17035414419215,10.7246858306065,8.75897759414281,0.901387338017905
2022,78,men,0.864746839465108,0.979116217787588,1.19769669732132,7.94703196641548,6.51027404516756,0.922159067351956
2022,78,women,0.819105253636647,0.899351453731035,1.1003891321277,10.4656111901354,8.40806803458824,0.883065939085407
2022,79,men,0.875251624853083,0.977764115808463,1.29763071946684,7.67696609154297,6.53161362170305,0.909012998372085
2022,79,women,0.825970762914278,0.89647865446469,1.14987491022219,8.29792960532198,6.92186675668101,0.906129184933877
2022,80,men,0.874590890423421,0.98553922134707,1.17429422654826,7.44198608055056,6.11671881898628,0.925307921793809
2022,80,women,0.822456289516775,0.90449404812684,1.12482309441041,8.87619415594577,6.63103841344485,0.927518978216974
2022,81,men,0.907726944230931,0.99415833475179,1.22836955351538,7.26028087575827,5.69493031842356,0.903842172944801
2022,81,women,0.840614563429947,0.912426625676772,1.14670319116912,7.59138086323998,6.3210565070864,0.914683910490711
2022,82,men,0.91256009350833,1.0296547820946,1.09460036506862,5.97872543181942,5.18278202230167,0.958496561066958
2022,82,women,0.85958360450366,0.918374522273447,1.05391317363403,6.9906640744357,6.05947719516024,0.913025256327223
2022,83,men,0.929333712908381,1.02077856175837,1.23886406795189,5.68745896917136,5.54035407614252,0.931285464976302
2022,83,women,0.878157053297014,0.941292379838273,1.16442530484624,6.26687236805824,5.57739201467227,0.918977372841373
2022,84,men,0.964880816021088,1.04605277877144,1.21109801259638,5.45479526904634,5.29595411716803,0.943548029059785
2022,84,women,0.901087321312609,0.949928245577912,1.12922060294185,6.29970740421178,5.37879894105862,0.974328436441817
2022,85,men,0.985108801282762,1.07938761594306,1.18563160100469,4.74578888148951,4.99103887326962,0.891270175498178
2022,85,women,0.912859808987277,0.979494760569856,1.02826556748559,6.37728146077973,5.02134562950954,0.979646255886411
2022,86,men,1.00832814850434,1.07996751745739,1.171228962168,4.36182951773939,4.49128451866238,0.938556861669277
2022,86,women,0.927204968665378,0.998822203696457,1.03605555211352,4.86680539879417,4.56446062080508,0.923716694735041
2022,87,men,1.04682869552024,1.09220713105825,0.985022379537937,4.99444529452514,4.68211556286375,0.975750715348141
2022,87,women,0.969145655520452,1.01790933983409,1.0572535394945,4.86554960898144,4.51038934271519,0.958525421803104
2022,88,men,1.1164271860822,1.14896975441318,1.56903448972667,4.36706750306712,4.52770168282149,0.948775269506896
2022,88,women,1.01060096109493,1.05070228630266,1.3572684785163,4.12226198475943,4.67877439261252,0.979881102708706
2022,89,men,1.15809353156253,1.13440094625092,0.95884718040424,3.99080698529436,4.31468241094966,0.951216276939134
2022,89,women,1.07714475873697,1.08001492366528,1.13512772252948,3.69207528133953,4.28424334119195,0.981956250871769
2023,30,men,1.33364514771068,0.953747851591515,1.37543595605647,165.197862193583,108.742277127657,0.958550760069537
2023,30,women,1.06647079032165,0.942622766651107,1.30752471613717,180.893489589874,139.400724128193,1.05900179959313
2023,31,men,1.1223088736592,0.917182923474277,1.34018760094245,194.491331602798,112.816527574253,0.94496502686079
2023,31,women,1.05564804232067,0.927281146591013,1.30124773910184,188.151695892818,146.903309511265,0.999609783068542
2023,32,men,0.946469710382714,0.897813929172715,1.3558737897109,211.137288686873,120.542677554773,0.967931681035477
2023,32,women,0.901798181788334,0.904432293393546,1.33318634056426,230.398317822762,160.104207365008,0.898325566890006
2023,33,men,0.845016485844535,0.886362256310625,1.34762564038435,129.21569098313,125.775507505028,0.94414757977965
2023,33,women,0.83349205159619,0.887643574221306,1.34643176699257,258.720933299092,89.3393699573465,1.01347394234881
2023,34,men,0.93513909263433,0.849052081628316,1.31876524764098,149.939297250866,70.3267774150485,0.972158437555054
2023,34,women,0.887761230056034,0.872182654935903,1.28147854268952,149.84974584545,98.5832117106581,0.976808212565114
2023,35,men,1.03772891444244,0.856053962706015,1.36308682159127,176.225717116359,77.3368826173554,1.03692974896412
2023,35,women,0.947927297993141,0.873573231405244,1.23384411845901,330.387544112207,97.6235770080369,0.906775414182987
2023,36,men,1.15366219620147,0.848558661471869,1.29909580950541,196.454182488953,165.175680112122,0.989165709297104
2023,36,women,1.04135037138143,0.904480904902196,1.29834422250982,196.064348388352,104.713814959389,1.00634297868806
2023,37,men,1.28220930990883,0.837863840171968,1.31951431197259,235.372291612252,90.0039979840173,0.979216371301427
2023,37,women,1.14868505115058,0.871721310437446,1.34504628492179,218.613592124161,109.685669239913,0.894211939778304
2023,38,men,1.21106439454894,0.830654999690543,1.24538041001932,180.990575473572,64.0032924085982,0.960323736978371
2023,38,women,0.975950323025236,0.896097464366375,1.21254597798664,224.954348263725,114.063031048642,1.05237102994393
2023,39,men,1.0322326269666,0.827068752343754,1.18423995577618,218.054385161593,67.2324753815597,1.01592937593822
2023,39,women,0.943381383205484,0.849014294064815,1.32988171576403,216.474342642439,81.7563195124305,0.933049594304788
2023,40,men,0.975910452698816,0.822788021311882,1.2409569234323,197.334531392548,78.6738743604816,0.975185078158091
2023,40,women,0.916560403041148,0.834557416735023,1.0264564021727,297.54278900124,86.8036793310401,0.987155159475196
2023,41,men,0.915942205648154,0.78780485032108,1.1492297628273,254.574170424795,80.7435312582406,0.926570306272447
2023,41,women,0.894448819512717,0.832248223902051,1.21620026568407,185.075243938954,96.4062963418294,0.949432709631052
2023,42,men,0.912635205232659,0.811800347353029,1.17178177227991,156.825672080231,63.6174040061877,0.923621059244277
2023,42,women,0.935327761451843,0.858664766526984,1.25554628888446,200.841397931369,72.6463422987763,0.983759762055939
2023,43,men,0.917728736500698,0.79732883424472,1.38661330487696,151.600666820303,54.2329873690298,0.958668646210576
2023,43,women,0.919014085579995,0.829020244835948,1.05706578824767,202.403904552813,84.5358911299145,1.02954583833146
2023,44,men,0.916744637482222,0.786751133814726,1.43908390210707,136.648365678585,48.0733492698295,0.93941277231342
2023,44,women,0.912752851913868,0.815999870045773,1.16460364270048,193.903738960908,67.6533142611499,1.01908414030403
2023,45,men,0.852639209619353,0.777382051670487,1.31986434097301,126.180376236276,47.7902704837192,0.960165613365589
2023,45,women,0.832166473432242,0.807185756903643,1.28739118300183,149.836172962729,62.7647353614226,0.942523795189941
2023,46,men,0.871359834660382,0.770495830883807,1.13924492998979,115.637633556755,38.8324839475543,0.935145002184895
2023,46,women,0.826865074820342,0.769092536076125,1.38324157881603,139.799205450055,57.7916754749218,0.903312333684764
2023,47,men,0.816791873055284,0.778066098163148,1.23479458948211,110.213411927846,40.915108779274,0.943443657926618
2023,47,women,0.863685505216982,0.776486541574712,1.35696559189561,135.901799257695,52.9106544384853,0.911141171331456
2023,48,men,0.863075916375281,0.769898549077881,1.34824654012588,105.935839186286,40.6502398100372,0.92891170613521
2023,48,women,0.804011213325175,0.784236374363139,1.52999491187335,136.531310121424,46.8098892445087,0.944230062536241
2023,49,men,0.808739512407447,0.772340770188198,1.32810586442911,92.6934977477491,37.5646823647887,0.981195476843283
2023,49,women,0.862638169550466,0.759886511060934,1.18926416983706,111.275813107506,41.2680749477265,0.960237082098326
2023,50,men,0.823707270307562,0.736762533403645,1.51358946061491,80.0315747225943,34.6269805288777,0.924232293126252
2023,50,women,0.80846214287616,0.73343658499435,1.23701719402889,109.761346461296,41.7526983429433,0.922720405499106
2023,51,men,0.827059954887366,0.725097364988464,1.32065504499095,76.7671726995471,30.3856021170602,0.898533181926831
2023,51,women,0.854861057379366,0.749364298460036,1.31452639778098,109.417429475028,43.1588350596203,0.938374487316519
2023,52,men,0.829256014720525,0.744146235248701,1.38137324467427,75.9562256971137,33.7630591518558,0.964262951443293
2023,52,women,0.77394730879129,0.743032111612671,1.02637344688511,92.7613720682479,36.4114945245239,0.907274158622747
2023,53,men,0.841430361920363,0.738687609554115,1.6838724079927,72.4110994007722,30.1927066741666,0.92080145754714
2023,53,women,0.792362833829581,0.755834465748609,1.36515770258544,85.6272657129676,35.885515681467,0.91662853982188
2023,54,men,0.793912878753963,0.727388752643103,1.55968471246238,65.4697820001839,28.5573522342149,0.934675714794627
2023,54,women,0.768425869366345,0.724947777685115,1.13797363649165,74.1847340867152,32.7596490662364,0.919643850413517
2023,55,men,0.802019827660614,0.713894383530768,1.30418407566882,61.7847985670053,26.6770504063208,0.924560183130381
2023,55,women,0.75805803315787,0.734629275386982,1.12857332145207,62.1052179538202,33.5029668558023,0.913202195099963
2023,56,men,0.782533041035819,0.72638018277715,1.30151952272662,50.1592274298133,24.9417171698476,0.915471479051755
2023,56,women,0.733303593283357,0.722143761155605,1.28520722554164,60.9256152379033,29.9838427491983,0.929170150830468
2023,57,men,0.774885670938388,0.723620033959881,1.52869202334765,48.1238919376669,23.6681719639419,0.92978599525342
2023,57,women,0.703226656716355,0.711855455758435,1.14039911268815,55.9158609285355,28.0130849493004,0.945188435022543
2023,58,men,0.808108297909448,0.715675353780021,1.46025512720541,45.6789632647651,21.9405377567166,0.900614919949489
2023,58,women,0.704889979288936,0.713160236720939,1.3175146583156,48.7020865701816,26.3100509579309,0.945071585467369
2023,59,men,0.792517512200631,0.714198800147399,1.40661856301115,43.7442846134594,20.1212536673107,0.892060052650776
2023,59,women,0.726433720652343,0.677995182650454,1.61871859842115,42.3786190894196,25.9124509510997,0.928981837839089
2023,60,men,0.871535452506033,0.849954527715365,1.21735308686302,41.2463861326874,19.4611026256457,0.872910805527599
2023,60,women,0.791683082626715,0.842296383916294,1.27937108971327,43.7295859499177,24.594784939663,0.886212434410296
2023,61,men,0.845921334055537,0.842406628178356,1.49798348084409,35.0092386640958,18.6494272571812,0.887413611580379
2023,61,women,0.803350877084111,0.813540817415841,1.23066285734888,43.1008709107643,24.0162102152143,0.868596376441661
2023,62,men,0.848621297271506,0.845810399372427,1.31134634160774,31.2491532950073,16.9314242538419,0.9163253305512
2023,62,women,0.799381935966439,0.822426830034717,1.32060295171767,35.5863163942046,22.8529493528381,0.910596807318091
2023,63,men,0.852602674699423,0.842701360401846,1.40266900763323,29.4060335651399,16.8437402671865,0.905786228407392
2023,63,women,0.812039852406769,0.812967494789873,1.16162727673967,33.9495019915604,21.7224755501388,0.877794142118737
2023,64,men,0.847253816037817,0.839291131553508,1.2218281217931,26.6862889806166,15.6075436164556,0.904385946558577
2023,64,women,0.79599752567551,0.816159047742371,1.12987557438322,29.1142805779139,20.8969365565875,0.847358842399237
2023,65,men,0.842288724828381,0.83733050473079,1.22611175201674,23.8954998828815,14.0404977186041,0.913197144242796
2023,65,women,0.812183846104777,0.807749196482052,1.49339128106567,27.4950757489362,20.404009502265,0.889726771835902
2023,66,men,0.838349407597144,0.843754513839322,1.33598125610733,20.8085299598668,14.9330987632235,0.901654835008649
2023,66,women,0.767002119146057,0.803164853880076,1.13308999911501,25.4980203196818,18.9427629082382,0.958367472544797
2023,67,men,0.828527660573127,0.856167574242459,1.27116415202165,19.2019775977777,13.3324048174303,0.91119111489463
2023,67,women,0.780947616187762,0.799846159792645,1.10751686494882,23.4249588707078,17.4367775968206,0.874910677380885
2023,68,men,0.849671559344261,0.860277147513543,1.20612045093336,17.3277173533696,12.1939351144235,0.918139053030438
2023,68,women,0.79192928042412,0.811398904946966,1.25232143909899,20.8756790348104,18.0555792760663,0.889237950732896
2023,69,men,0.847968960789835,0.862277868233487,1.11428728950301,17.4316965333101,11.3272436539544,0.941294958526395
2023,69,women,0.785410765874953,0.807631221076491,1.25518079719345,19.6630706145574,15.2299768907365,0.865972054075014
2023,70,men,0.869007894771955,0.902263711881872,1.095296867601,15.520947067896,11.7055345099588,0.890018549425625
2023,70,women,0.816502958878129,0.847005329046202,1.29190529486544,19.8070161944823,14.9263058925947,0.91328089436012
2023,71,men,0.887220673216029,0.906423954749653,1.18230772710436,14.3055367387768,11.1597081061302,0.877164911083443
2023,71,women,0.84237834897156,0.840681552614589,1.10720519162706,17.1336673177107,14.0601156958733,0.931918606118884
2023,72,men,0.889632970319467,0.91542338346869,1.22334489995884,13.4904394765597,10.2916217837159,0.903970009166642
2023,72,women,0.823942016654569,0.853750706943006,1.12533068360669,16.6246440723628,13.1701836811157,0.873441628006386
2023,73,men,0.845735856878948,0.917869351153234,1.3108694754455,11.334382117435,9.62056824631681,0.899497028393249
2023,73,women,0.841181019489947,0.844438658612909,1.14280597632005,14.2993228851529,11.5696412776827,0.892385269074012
2023,74,men,0.85414521816877,0.93088716565348,1.20770359069944,11.1245021088007,8.97204987310334,0.889100165397831
2023,74,women,0.820812930266745,0.846657196123365,1.08847165956525,13.0053986381195,11.5874393012376,0.883312944629885
2023,75,men,0.848185979723215,0.940200930403636,1.33841832523581,10.2491988525686,7.74775588527387,0.92374299101615
2023,75,women,0.81885772711685,0.859449493548961,1.1357186763424,12.665797744685,11.0078998610494,0.889399029599245
2023,76,men,0.854964489707865,0.94705659721998,1.24950109754397,10.6653593566299,7.29989357013174,0.903992504796133
2023,76,women,0.813881317804182,0.878536091038212,1.36955294275388,11.7413319706976,9.61669060851143,0.900069147617244
2023,77,men,0.82869960376746,0.948818457732924,1.16914244940741,9.09998075351965,7.17242105395378,0.875593523386798
2023,77,women,0.794743603604846,0.880368119059458,1.15982807157518,9.11995904550936,8.86774134367293,0.949252641895092
2023,78,men,0.847937796874427,0.973552893013162,1.19025113740815,8.98434767037307,6.36806437904692,0.87623482424772
2023,78,women,0.803373922808582,0.890198101263273,1.09422386403089,9.34898124195242,8.21745930536908,0.936740555382476
2023,79,men,0.856818180027571,0.972981651484275,1.28381560822486,8.54605867624393,6.37476692695779,0.901800834871543
2023,79,women,0.809280667271298,0.887872247001215,1.13793887440325,8.92845661533228,7.6809256534788,0.907222874455207
2023,80,men,0.857533858829874,0.980594243116505,1.1653949886296,7.29716881683457,5.93544478663062,0.92609212953243
2023,80,women,0.805927449881883,0.896083896878575,1.11228282826296,8.82800038676909,6.90956844532878,0.894943364807073
2023,81,men,0.888546982741603,0.990009529702024,1.21240267164103,7.18511095313701,5.53661334411646,0.913400767037618
2023,81,women,0.823394888116164,0.904038873550713,1.12967641185765,7.84216388193707,6.39048211044421,0.926970354290712
2023,82,men,0.893051859085652,1.02454169677483,1.07995301192967,6.06861088353983,5.05641683306441,0.944773323190869
2023,82,women,0.841503980681329,0.910689908966226,1.03819687178261,6.9551523990962,6.669499181105,0.894396803834157
2023,83,men,0.910720802430581,1.01786837933724,1.21428853387387,6.05294891225629,5.0648303527637,0.965591130230031
2023,83,women,0.861127034104047,0.933888958684599,1.14190752240024,7.00637645618856,5.48027034166542,0.93497777993798
2023,84,men,0.946542009697646,1.0438522447262,1.19430527486913,6.33886397416663,5.03834513977108,0.95582749983562
2023,84,women,0.884045297882321,0.943531545236088,1.11414100086693,6.47775808931695,5.30897306830753,0.918499497424873
2023,85,men,0.96809987024539,1.07763054021257,1.17899966032693,4.95122410357714,4.43429648757815,0.936392162058509
2023,85,women,0.896654529381142,0.973972416415992,1.0208326145588,6.13870298077256,4.7266403711754,0.922043962082468
2023,86,men,0.992844349626655,1.08024550825242,1.16113972121548,5.2352119046775,4.48938039548578,0.987407481334495
2023,86,women,0.913337490931918,0.994674393259301,1.03073453294973,5.14026012602897,4.74510545317717,0.958640161822575
2023,87,men,1.03284049416151,1.09421755547904,0.988707138579627,4.70324589169662,4.18886085713188,0.933718906299763
2023,87,women,0.955855526134707,1.01554480409111,1.04870193608105,5.2110285406385,4.06753214578366,0.935446014772656
2023,88,men,1.10257006119299,1.14995827184283,1.52929767304897,4.13800944824412,4.09989207992909,0.945869378408906
2023,88,women,0.997939784188653,1.0503192013116,1.34123367075794,4.5984897145863,4.45244796045074,0.975906297833825
2023,89,men,1.14562240693761,1.13986143640743,0.969615412105208,3.56751753361032,3.84470836197663,0.948340089435425
2023,89,women,1.06462107875695,1.08051390862909,1.12605662966177,4.14761205819567,4.06455793157977,0.978034496947019
2024,30,men,1.34635039260026,0.947962189012138,1.42007697576354,158.387648776218,104.358751324987,0.9321387966912
2024,30,women,1.06842022711583,0.937815930017248,1.34639196611653,171.768155736763,132.579109177122,0.999209487665705
2024,31,men,1.13888142243016,0.912176572476208,1.3845284571692,186.475456218752,112.895959901759,1.06448189316133
2024,31,women,1.05789036953076,0.92134366577414,1.34043259783701,206.971227077883,145.720775096156,1.04876405316006
2024,32,men,0.96248287510939,0.891416338235312,1.40032624614174,218.717603594872,116.165004333549,0.930220661230415
2024,32,women,0.899696490007692,0.897557731750181,1.37179829179088,215.269198913992,152.683166898735,1.08380338362557
2024,33,men,0.853861052489189,0.878491718935881,1.39193757074321,252.201532143062,122.242248913168,1.04055847886812
2024,33,women,0.832669417137796,0.881339033321139,1.38496670668705,263.566051713992,86.2488116906715,0.967172415289498
2024,34,men,0.936432866695781,0.842411228518655,1.36247021082382,149.752999298749,135.447989743815,0.921348493374919
2024,34,women,0.882248753825175,0.864169625323246,1.31864881796837,289.150004128107,91.8447050432313,1.01780336524012
2024,35,men,1.03870383555713,0.849756942357042,1.36674538357052,179.728932908253,140.439260241805,0.966326207184441
2024,35,women,0.941844849838123,0.867110112877308,1.23266408303678,328.416864366779,103.654845941682,1.0008228642964
2024,36,men,1.15435722237579,0.8400209057027,1.30276499687557,203.360944449772,82.7704393871878,0.963903299813093
2024,36,women,1.03417439397458,0.895440479292773,1.29765460092998,378.805526519331,100.229192261918,0.968045415277634
2024,37,men,1.28301358698146,0.829717748610078,1.32429917187216,213.605489533309,88.020716972399,0.941921259515024
2024,37,women,1.14040978308678,0.86399204647039,1.34380151310806,217.329249500096,106.990942772493,0.969099762655823
2024,38,men,1.21215110191248,0.821789660895261,1.25117710316534,187.247234918324,92.6697194618041,0.944952620731059
2024,38,women,0.971233333516429,0.888433588591686,1.21208178940262,242.33582367293,92.7946374133003,0.969974704998006
2024,39,men,1.02890328028414,0.818506242077023,1.1890207697245,213.285103539086,69.9357552159617,0.97593379899118
2024,39,women,0.941901024161115,0.841204160745979,1.32812105531254,175.211145194022,80.9490543357642,0.974122763017704
2024,40,men,0.97553799677625,0.812832410054837,1.24616665861621,253.875374401335,71.1725750242476,0.99440379134579
2024,40,women,0.908630139330728,0.825991202873819,1.02635463412816,295.90512165449,72.3869048534564,0.972963441477143
2024,41,men,0.913910809230504,0.778666399064981,1.15487091240671,233.718634315611,78.1946979478264,0.964320330022612
2024,41,women,0.888531566408416,0.822855309374875,1.21776181585197,229.537756634449,68.9543042754257,0.970977618960593
2024,42,men,0.910476118164972,0.801115515680357,1.17823165128408,191.813039286028,63.5367696429115,0.976618320248259
2024,42,women,0.929341574422533,0.849063018873085,1.25816273568126,209.778202697184,73.1196301606931,0.971450889770362
2024,43,men,0.91626919377222,0.786732991051592,1.39497073459655,179.610222924497,63.8225911401448,0.964215184525744
2024,43,women,0.909434956335834,0.820185772980158,1.05936747447093,226.568666557817,70.2878424973794,0.94941416831973
2024,44,men,0.913555986337114,0.776540395443222,1.44917876930639,150.03938598855,56.3217778554434,0.934218300106561
2024,44,women,0.903391875155918,0.807038866274295,1.16954609341599,171.366302758172,72.9235769575763,0.979800543857288
2024,45,men,0.848796727475221,0.767258041915322,1.33215794383304,143.553187302491,49.942189834891,0.923318082606327
2024,45,women,0.82450642456568,0.797364216138406,1.29249280692577,170.189345229771,53.4779295816183,0.954687641108022
2024,46,men,0.86664640167373,0.760030203654312,1.15146992876125,124.493261029233,42.2100786274184,0.923769935269
2024,46,women,0.819071971020333,0.759476044753006,1.39004482496642,166.173376448399,52.0554261069517,0.926805375184633
2024,47,men,0.812104685629737,0.766808037640209,1.24814626786525,113.536910574019,39.8803936477438,0.946028175102901
2024,47,women,0.854855394960387,0.766766674268465,1.36451932548194,154.639555089045,47.2369896323191,0.948133008228743
2024,48,men,0.85792511734034,0.759222446221238,1.36377753096462,109.578921355578,40.3733986043109,0.903157907389154
2024,48,women,0.795148637012858,0.774426704649569,1.53977438751096,124.942768042311,48.2942372946433,0.95682307743706
2024,49,men,0.802919709705527,0.760743288385304,1.34392938614681,108.449198387368,40.5368900007221,0.92716506012728
2024,49,women,0.850891234393955,0.749748417484003,1.19715356180851,121.989844137803,41.6755224669022,0.920442755058317
2024,50,men,0.817956531958807,0.726105944934589,1.53172665128173,89.246476715219,31.6649422901373,0.952949396690741
2024,50,women,0.798011978837769,0.722986244920378,1.24572311501997,119.775062606445,40.8971266969866,0.921337312697596
2024,51,men,0.819361856537618,0.714585425325924,1.33757682379598,82.6286779410234,30.4183929805543,0.921808007338959
2024,51,women,0.841963791416334,0.738916657467802,1.32285545826396,122.197224689115,37.490899819963,0.952238050982821
2024,52,men,0.821128521800095,0.732185400967846,1.39800544088871,81.8883448429965,29.7581150553851,0.926842710958845
2024,52,women,0.763466635261054,0.732338269506745,1.03277167831904,100.698192546332,36.1712484417203,0.900816200006289
2024,53,men,0.833591605944432,0.72683255279688,1.70491764478007,75.1823506225978,29.5181617037771,0.881409259138808
2024,53,women,0.779762256518768,0.744263455376365,1.37361100102258,94.6198104235181,34.5959175669383,0.94556863322187
2024,54,men,0.78662890186759,0.716570105567842,1.57821559675267,71.475637655291,28.186607329313,0.913819722485685
2024,54,women,0.757024358495255,0.71366600900895,1.14547451952715,78.1773170184645,30.26236093601,0.949823411547204
2024,55,men,0.791822828900876,0.702685815575673,1.32322226111299,65.038134465533,27.1536727105732,0.906885675322788
2024,55,women,0.743897028359548,0.72312757751821,1.13615427807648,77.0059412488398,32.9420665619988,0.929972584723162
2024,56,men,0.773297837980481,0.715268010448668,1.32072022577191,58.4534475830204,25.3849417355328,0.915915971562811
2024,56,women,0.71970718942034,0.710838047929293,1.29267732440909,66.7932609150971,28.6140220676288,0.898245074990915
2024,57,men,0.765896342715652,0.712605048349181,1.55040154297373,56.5681117996857,22.7195420650439,0.902257771026458
2024,57,women,0.690625233428474,0.700777572649101,1.14725099140858,57.771671549212,27.7229751746696,0.909907331324932
2024,58,men,0.797716039466446,0.704333932266474,1.48061645007049,53.6205840419086,21.9654991235452,0.938643258203676
2024,58,women,0.691677398055338,0.701726174178628,1.32480356603235,46.9524176897256,26.6222549539762,0.962381441848682
2024,59,men,0.782192241968807,0.703109239162732,1.42582742329834,46.0225606731641,20.6059265726064,0.891224775007279
2024,59,women,0.712364798944641,0.667111042449529,1.62674781163075,49.8994380945506,25.4074459544375,0.904149858638477
2024,60,men,0.863315213216951,0.840895227919274,1.23267301663379,42.8514930290752,20.8618290742868,0.944928143812327
2024,60,women,0.780419573444263,0.832590321193682,1.28613246969256,45.3793067437445,25.9534743920196,0.93040302859447
2024,61,men,0.838133168064462,0.833772294385715,1.51494658684653,37.9192044689259,17.6151930343405,0.944594560575769
2024,61,women,0.79141806909691,0.804863121142324,1.23712565251237,42.0572773525914,23.405473143944,0.896113463966927
2024,62,men,0.840616641459127,0.837154619685252,1.32564824629741,34.9772290673876,18.103625972973,0.916621489614589
2024,62,women,0.787792025175947,0.812994585970717,1.32482843730009,40.8396948715084,23.703287329915,0.89420434535213
2024,63,men,0.843734600414557,0.8345126718391,1.4157249016535,31.6769853786757,16.6857597994187,0.89925261092083
2024,63,women,0.799937508264993,0.80314215690421,1.16492403458551,35.802330396033,21.5629438799607,0.905723681038564
2024,64,men,0.83896950390207,0.830910917533612,1.23329035351842,28.5221030395537,14.964135694773,0.953995333563046
2024,64,women,0.783666712109691,0.806184993013457,1.13057414748681,31.1969514745394,20.1879446877227,0.877048371277795
2024,65,men,0.832379395889971,0.829314060019216,1.23852080600411,26.984443476,14.6018646038828,0.952026817782308
2024,65,women,0.798313579111555,0.797890072128842,1.49725955198011,30.6488835534114,18.5215035359546,0.907910783862765
2024,66,men,0.828820326522232,0.835290715161251,1.34455981882898,22.6276495087103,13.579732476842,0.901860072867392
2024,66,women,0.754217549779506,0.79340780135401,1.13387613286638,26.3122811367035,18.4174568259885,0.894646302440238
2024,67,men,0.819083572373543,0.847442629661409,1.27856083442553,20.6047921735861,13.2951371679998,0.911021261698013
2024,67,women,0.769585524156181,0.790897164387609,1.10744990995566,23.4005013783773,16.9043475109893,0.91942969880721
2024,68,men,0.839720470705825,0.851928428078527,1.21144240572487,19.9873220837144,12.6515210696452,0.926640013713986
2024,68,women,0.77931493431618,0.802105774172644,1.24847549680852,24.3358319254228,15.9189115030256,0.904253280231291
2024,69,men,0.837586803862632,0.854784331811022,1.11610221024121,17.7736143461701,11.6693966376625,0.891290928404088
2024,69,women,0.773425304980481,0.798849766725891,1.25146422076744,19.7341400546728,15.8888648530751,0.934622069441798
2024,70,men,0.86013143169268,0.896136280364894,1.09625953593415,17.855015842526,10.5668321169363,0.901932020672868
2024,70,women,0.805452010957037,0.839101735872994,1.28565692939987,19.6751548801083,14.2938218439522,0.875982236528824
2024,71,men,0.877279838403548,0.900638581058891,1.18481931302811,15.9729699474265,10.1114747125912,0.922121638406825
2024,71,women,0.830321505946987,0.832989919181591,1.10188142778553,17.9508031765448,13.8381626371824,0.892379001784516
2024,72,men,0.878871687832312,0.910202953068011,1.22355059882842,14.5247460840229,10.1708202268336,0.867096483711732
2024,72,women,0.812524237586127,0.846192121431509,1.11805213616935,16.0137737489571,12.1865645761105,0.863232660361471
2024,73,men,0.835361446220775,0.913440088905227,1.31015169198984,13.4145692123124,9.49985921458898,0.925171589963119
2024,73,women,0.828994272124888,0.83680755865336,1.1362967231945,14.9065647895366,11.88925153349,0.936772867601423
2024,74,men,0.842967852792205,0.925904221888531,1.20772598972416,11.9513674060637,8.7631249771931,0.902483751283593
2024,74,women,0.808423224403184,0.839376006776493,1.08201694740226,14.055899737148,11.733223026378,0.882962087353592
2024,75,men,0.834452619888945,0.935028288645681,1.33301644796471,10.8181189331537,7.91036858422317,0.900100570462417
2024,75,women,0.804373214707447,0.851361003184107,1.13327521745401,12.8902732671006,10.5328978609902,0.88179642087837
2024,76,men,0.839983319380923,0.941742449241191,1.2481096760844,9.93575387218526,7.95433853116993,0.894661309474332
2024,76,women,0.799790138324481,0.869661883135954,1.3588341482219,11.9873891499463,9.19507994402488,0.875215358378144
2024,77,men,0.813995137605436,0.944468535135727,1.17356997294615,9.9146118679902,7.21304227184904,0.918502010769902
2024,77,women,0.780266166315901,0.871662088765853,1.14940180151057,10.376035006713,8.99573706750964,0.893346146955235
2024,78,men,0.831463556071367,0.96802390493126,1.18285550859287,8.72296715267713,6.77079140025282,0.930601366963421
2024,78,women,0.787952271498034,0.881142363740868,1.08809616000601,9.84580778167318,7.82976907915751,0.920547400415122
2024,79,men,0.838781780446498,0.968224925412306,1.27015429692999,8.32420473275046,6.10533800531917,0.922092650824173
2024,79,women,0.792935821719318,0.879352655209731,1.126132545196,8.63165962727693,7.56903307560603,0.915482145403371
2024,80,men,0.84081767227506,0.975676501896571,1.15656754048406,7.55473554785463,5.36231196996743,0.921204649838851
2024,80,women,0.789738712387745,0.887756043157579,1.09988846318513,9.12504418750921,6.95358319308682,0.896450443098923
2024,81,men,0.869781466967261,0.985880075867549,1.19665107158932,6.61810247962631,5.51547910092831,0.888618116870956
2024,81,women,0.806536201022996,0.895732316459811,1.1129106817965,7.93435427979486,6.5465399110643,0.935275178020072
2024,82,men,0.873969994757573,1.01945651019557,1.06550875557461,5.95936873395693,5.42531133557705,0.931621609010616
2024,82,women,0.823813279934789,0.903073347733128,1.02272253038562,6.98593951333446,5.37481980419429,0.92826812665903
2024,83,men,0.892489598942072,1.01496792573006,1.1902122937233,6.14049825104607,4.88158555446119,0.942888797593402
2024,83,women,0.844435448912022,0.926547382308621,1.11983599805239,7.42988636047895,5.65768083168067,0.922383639661976
2024,84,men,0.928560561752059,1.04165742390485,1.17775350724243,5.52065645981181,4.68497889463503,0.949224928188311
2024,84,women,0.867333769856263,0.937181048818571,1.09927007509706,7.09490363655464,4.98953196463296,0.944129783016378
2024,85,men,0.951392805018052,1.07587719094482,1.17240806602631,5.13321256101655,4.38083452749173,0.942169749473218
2024,85,women,0.880744725477326,0.968483913029854,1.01345702526627,6.04085600507042,4.91901637922597,0.927783931239455
2024,86,men,0.977605794976933,1.08052343316991,1.1511423130932,4.90477266102693,4.47440761660093,0.937526437266526
2024,86,women,0.899684118194562,0.99054584450604,1.02544345108789,5.21531775607151,4.76112541863962,0.92503156519965
2024,87,men,1.01904598426483,1.09623068420369,0.992403850312822,4.62439826902343,4.17925759849052,1.00093879619852
2024,87,women,0.942754080742631,1.01318692547624,1.04022367734841,5.55999223513167,4.41144313423945,0.946692015772956
2024,88,men,1.08889165229137,1.15094715059547,1.49058611304762,3.84724899393319,4.207245973047,0.947594251969194
2024,88,women,0.985443370947343,1.04993644520745,1.32539608292642,4.58893989892418,4.22172901312551,0.949640076356129
2024,89,men,1.1332916435594,1.14534549284052,0.980499163850867,3.5752625740454,3.8665632120024,0.950102609218502
2024,89,women,1.05224908980033,1.08101287736641,1.11706245543415,3.98186658986341,3.85633905858842,0.951767750816836
2025,30,men,1.3591703110192,0.942214455503823,1.46614372880757,166.638442915777,97.5697704465318,0.999344121518881
2025,30,women,1.07037226178569,0.933035961694019,1.38639451719245,188.177066748394,130.135511396435,0.982156034544037
2025,31,men,1.15569032149397,0.907200000806678,1.4303133585844,182.717067106439,107.103142974951,0.955756885633622
2025,31,women,1.06013634859592,0.915447107974555,1.38077720656865,195.410086749594,139.82835790453,0.933877932952505
2025,32,men,0.978758852784583,0.885067461250759,1.44621303607892,218.816661441336,117.145230353267,0.965357472286919
2025,32,women,0.897600730841073,0.890738780475342,1.41150862232707,230.743393437721,147.416599952298,0.978603241353538
2025,33,men,0.862793755396743,0.870694904716143,1.43768356807443,136.725606080738,116.299512550751,0.947745769340901
2025,33,women,0.831848000335949,0.875082351798096,1.42458466167873,245.576510816136,107.32482552039,0.951676547454283
2025,34,men,0.937727790321275,0.835825558613425,1.40760092352095,149.65890707239,129.773088427571,0.922920761796073
2025,34,women,0.876773204397427,0.856234117659624,1.35687808177044,301.063192970235,91.1861770494234,0.913917902415798
2025,35,men,1.03967919034642,0.843509318211483,1.3704119508069,168.976572021785,136.244462742191,0.956803442824126
2025,35,women,0.935804405726802,0.860697968722482,1.23148575822944,335.154341203103,93.7023220357991,0.975286124612508
2025,36,men,1.15505232365227,0.831573206113144,1.3064427274845,205.456897194491,145.871154576383,0.992041813831207
2025,36,women,1.02705137444005,0.886494812846592,1.29696568601253,191.289672718689,105.241059619716,0.896124928633067
2025,37,men,1.2838179708982,0.821654822248653,1.3290990064239,229.194880959472,81.6679542064067,0.989347013429902
2025,37,women,1.13219817453828,0.856335082519725,1.34255850726804,233.302095860626,102.591071152358,0.966645082099611
2025,38,men,1.21323824689515,0.813023248378521,1.25699789406573,168.904245827015,90.9203229573867,0.90502446511083
2025,38,women,0.966541455371053,0.880838995234716,1.21161800767391,236.906896542103,108.185249712768,1.00762123997673
2025,39,men,1.02558630860209,0.810036542033748,1.19381850817962,218.442501920667,66.0960934930954,0.949004922348446
2025,39,women,0.94042371760575,0.833469678005206,1.32636359378956,187.327039232087,113.825341637537,0.923589353375506
2025,40,men,0.975165866870364,0.803002088764216,1.251395675538,248.206989944974,67.770514097877,0.93545313327814
2025,40,women,0.90077235626149,0.817517082167236,1.02625292643414,204.323862523939,62.9106069205781,0.913810264304795
2025,41,men,0.911884918158371,0.769638388461724,1.16053694535468,232.752340371415,55.3294048764483,0.965457970078763
2025,41,women,0.882656352935784,0.813572966385876,1.21932459817269,231.302430347934,64.1787399622307,0.959324053903547
2025,42,men,0.908323201702869,0.790576490538116,1.18471382033618,259.258955940308,60.1195107731179,0.945879931813056
2025,42,women,0.923396628092726,0.839573303165213,1.26078333848783,257.840462400626,72.5010222576706,0.954157227760719
2025,43,men,0.914812691500659,0.77628308768761,1.40337437091065,224.847536285664,50.610900025299,0.932987009733011
2025,43,women,0.899960330722388,0.811449740064169,1.06167303182319,188.163638264544,59.4325054668664,0.968582852344352
2025,44,men,0.910379992884304,0.766467121395595,1.45933941095874,207.927445510015,54.3368314155795,0.956377004995005
2025,44,women,0.894131455244295,0.79818062243589,1.1745070624803,199.551362486994,58.7820366044524,0.898425645721073
2025,45,men,0.844973446938815,0.757270782622667,1.34455989549308,173.718371865607,47.5874441503144,0.929885433329131
2025,45,women,0.816920617595762,0.78766694333754,1.2976121124351,191.391265836265,59.717872796678,0.919773584926009
2025,46,men,0.861960774316861,0.749711795298035,1.16381997549465,146.279150213476,44.2209226594844,0.932118743990369
2025,46,women,0.811356111385509,0.749984456245283,1.39687814649141,189.47150219785,52.1857673935128,0.969205522143691
2025,47,men,0.807446691117562,0.755718313834193,1.26163561400939,125.840494246046,41.8829172104357,0.921867756168888
2025,47,women,0.846119856500891,0.757173189104986,1.3721113456054,166.578544598742,52.5308455840114,0.935680956781547
2025,48,men,0.852807579538011,0.748699551888325,1.37947962510224,117.876057422114,39.868922497818,0.903173008028988
2025,48,women,0.786388057915541,0.764744494634143,1.54961149501123,137.400968144052,47.8062996676827,0.950948833875037
2025,49,men,0.797144630829629,0.749325554550278,1.35993347883899,104.343567035888,36.0910702793909,0.921420447078332
2025,49,women,0.839309946827691,0.739750489986602,1.20509135498214,136.085840850168,44.1236995249542,0.934559066581155
2025,50,men,0.812248753447722,0.715608644154775,1.55007205780472,109.635171146021,33.2174066615654,0.925744080475252
2025,50,women,0.787701955463304,0.712689858054278,1.25448596109038,117.508574793198,40.3684888116759,0.907587917727991
2025,51,men,0.811739159950785,0.704230960032251,1.35470690466926,96.5758803560425,34.3784067847196,0.939483322591158
2025,51,women,0.829267333093333,0.728619730573913,1.33123313979344,110.90094507158,40.9688422215202,0.957142376994235
2025,52,men,0.813084641680808,0.720422582074192,1.41482953010686,87.2614061150252,34.2685759753366,0.945399412497921
2025,52,women,0.753132961471001,0.72180350352535,1.03920660521265,105.773976489059,38.073911438769,0.90934885131785
2025,53,men,0.825829693694154,0.715173470942591,1.72621531676361,82.974222486062,29.5128624856274,0.929334508904818
2025,53,women,0.76736813645161,0.732875169404785,1.38211242945226,91.3643470899737,34.2008745547242,0.922628267677269
2025,54,men,0.779415302383097,0.705917592173587,1.59695733284484,82.757819379303,28.3185372367565,0.917688645677683
2025,54,women,0.745797524283319,0.70256525227071,1.15302110243586,88.6185782600919,32.7026838660544,0.924930549041776
2025,55,men,0.781760417320964,0.691658635379809,1.34252875126055,72.7653663438236,23.9396098355713,0.903198729573297
2025,55,women,0.730007359775312,0.711811503903723,1.14378237581329,77.5745457357021,29.8261957185727,0.931641485683927
2025,56,men,0.764176107011079,0.704331195604893,1.34019449302954,68.0658105235444,24.9622670691819,0.880395547102239
2025,56,women,0.706369410548641,0.699714788079107,1.30018712019372,70.3729493622556,29.8444571371569,0.943133966969277
2025,57,men,0.757015661509351,0.70176305053394,1.57240841499116,60.0433564907153,23.7131693413394,0.916732533802594
2025,57,women,0.678255678357086,0.689877428022211,1.15414062336671,63.4956323322254,27.3373590388231,0.933574367153381
2025,58,men,0.787462459810454,0.693177709481244,1.50125141617415,57.3977736702255,20.4951922792225,0.908717900382613
2025,58,women,0.678718819402965,0.690480945917201,1.33212916803257,53.4580709589027,27.6578275745164,0.897977147367322
2025,59,men,0.772006494738087,0.692197219399803,1.44528891772311,52.8391985855201,20.533055639569,0.881522909189983
2025,59,women,0.698575099944759,0.656406877139511,1.63481285600877,52.3958571850687,23.4057925315981,0.926598879456927
2025,60,men,0.855176509505621,0.831936890775798,1.24817803145922,51.4709293393543,19.5219758894588,0.906406554181905
2025,60,women,0.769321758799894,0.823000816333727,1.29292621677617,50.7020609641173,24.1209567637261,0.895860510073626
2025,61,men,0.830420499532903,0.825230658601162,1.53209326082512,43.7757692678768,18.2952083905794,0.921243768541402
2025,61,women,0.779668271904565,0.79628220412358,1.24361916941908,47.8748259811565,23.113276655319,0.944728735805414
2025,62,men,0.832691387973525,0.828591630794717,1.34009895125877,39.8277098651587,17.4003644760078,0.91580642085034
2025,62,women,0.776375752494366,0.803675097489088,1.32906534581837,40.8945996882055,23.3963941957797,0.898278939898981
2025,63,men,0.834963076776292,0.82640754028934,1.42889577938977,37.2439243726925,16.4209035865071,0.900404510917211
2025,63,women,0.788021377790623,0.793440331275381,1.16822851343306,37.7357210428578,21.3748053376039,0.902985210971456
2025,64,men,0.830770226596349,0.822618456423543,1.24485437331528,31.063388469543,16.2029080468093,0.906734874937497
2025,64,women,0.771532865200969,0.796337665082989,1.13127280712066,36.7865309181067,20.8845890579611,0.878328436197409
2025,65,men,0.822591456445687,0.821378266223231,1.25104922505949,29.2484411050076,15.1612600744066,0.920670635213261
2025,65,women,0.784686861372521,0.788156066047852,1.50113592456389,32.0541715449034,19.3442559992828,0.865903624821323
2025,66,men,0.819404184395618,0.826915935753779,1.35318918772149,27.4412305015739,13.8813797047365,0.894119515562283
2025,66,women,0.741652234234797,0.78377401192041,1.13466242332029,27.4548503582852,18.5638864817877,0.885992036021863
2025,67,men,0.809751719286297,0.838810842310747,1.28599687132354,24.4115338259927,12.5090226781469,0.932695512814773
2025,67,women,0.758394230672731,0.782052640245816,1.10738299207958,28.5968603957489,17.6774668417152,0.881319823158588
2025,68,men,0.829890755338758,0.84366479429413,1.21678519722557,20.8578915024868,12.6763579313772,0.915097354626386
2025,68,women,0.766907599947507,0.79292359136351,1.24464325655694,23.8623402024926,15.6152707733186,0.931376347635714
2025,69,men,0.8273367958209,0.847359570466869,1.11791918840358,20.0269721718447,11.5752809149216,0.925800192469873
2025,69,women,0.761628528809303,0.790168061029404,1.2477604767358,23.7628260510538,15.6402358937331,0.870722395237851
2025,70,men,0.851349954567806,0.890053457172319,1.09722257423089,18.1097133914173,11.2346775942666,0.919925860119081
2025,70,women,0.794555980076194,0.831275742319795,1.27944184848212,18.9285337370354,14.8883763758262,0.893563945116723
2025,71,men,0.867455213308274,0.894892963663938,1.18733498978427,16.3195444957982,10.5494599980548,0.923119738995451
2025,71,women,0.818443058860184,0.8253724059291,1.09658587287104,19.6563915416832,13.5721623130537,0.897287573871445
2025,72,men,0.868245796584807,0.905014850075924,1.22375623065473,15.8627783274209,8.92008854751269,0.923688715612745
2025,72,women,0.801270203379933,0.838704139084377,1.11082422619324,16.9994984653534,13.5985770690864,0.909082713661577
2025,73,men,0.825119326037763,0.909034372479605,1.30943465582316,13.8718689470144,9.06690632003536,0.907731517361045
2025,73,women,0.816989971513846,0.829249138502301,1.12982773361708,14.4644307815895,11.8519054658856,0.873096873172165
2025,74,men,0.831942167705424,0.920950392896574,1.20774837810004,12.4074349390166,8.46683505151888,0.943878402694304
2025,74,women,0.796226515935265,0.832160985358928,1.07560367210985,15.0664168930432,11.155517714181,0.903154266666312
2025,75,men,0.820948242496027,0.929886638837474,1.32763902487078,11.1860081833885,7.71491118025199,0.905273362045017
2025,75,women,0.790151879764212,0.843352574618733,1.1308382186336,12.5622226418018,9.76380820383933,0.890745313934478
2025,76,men,0.825271863805397,0.936460723000748,1.24672049023009,11.1110395026716,7.4013916980458,0.93159361427309
2025,76,women,0.785949707556566,0.860881631919451,1.34820447674605,12.3675894696469,9.32178742892732,0.854783533677362
2025,77,men,0.799558658589126,0.940140688935977,1.17801206404201,9.3358433992518,7.08346572696549,0.893086577704536
2025,77,women,0.766059413630695,0.863046389795306,1.13907433911435,10.9247424657972,8.44898107154963,0.903983533119934
2025,78,men,0.815317287991486,0.962529024808789,1.17550945160789,9.83695623552229,6.74522048224899,0.929164339411794
2025,78,women,0.772834054994357,0.872183152700499,1.08200577279072,9.81441232747447,8.047473882947,0.886133358017377
2025,79,men,0.821133684133125,0.963493786460495,1.25664499864585,8.08805606033212,6.05868974705965,0.954354083155132
2025,79,women,0.776928919129474,0.870918961106229,1.1144544500611,9.68353048710426,7.27762296753554,0.890376783225269
2025,80,men,0.824435356387269,0.970785834319459,1.1478112679457,7.48907574111273,5.8509710303864,0.934592516926682
2025,80,women,0.773882916122014,0.879509641576035,1.08763823084427,9.32597604234246,6.76910442375452,0.925698029390614
2025,81,men,0.85142124329233,0.981769873494719,1.18111174649046,7.28953560295703,5.51797722473175,0.946676382336692
2025,81,women,0.790030761726464,0.887506128885672,1.09640187263874,8.38085081237725,6.18220442173986,0.940573328881365
2025,82,men,0.855304978034178,1.01439905646043,1.05126468164663,6.79769344229044,5.25674224560571,0.96132019495613
2025,82,women,0.806502949889089,0.895524202753404,1.00748630754385,7.20131260759674,5.65100113137802,0.922537849450086
2025,83,men,0.87463209171396,1.01207716363053,1.16662496428709,6.86646623360774,4.90444239871617,0.897688939473174
2025,83,women,0.828075409843787,0.91926710391383,1.09820167388674,6.77395368365951,5.43994062622128,0.880092672600963
2025,84,men,0.910929337112145,1.03946829866246,1.16143913537443,5.60629153607691,4.92387617646134,0.948874377296807
2025,84,women,0.850946169387861,0.930876400009236,1.0846048369357,6.42934129927251,5.01077649933035,0.930023291514888
2025,85,men,0.934982103051248,1.07412755840134,1.16585655289741,5.27295698013265,4.8912768112438,0.962329511046788
2025,85,women,0.865124867768662,0.963029026469884,1.00613832889129,5.76774158219374,4.73614378352198,0.922822753079178
2025,86,men,0.96260848188969,1.080801292258,1.14123585717979,4.81632163164388,4.32352346943884,0.983393657517998
2025,86,women,0.88624144146672,0.986436458538441,1.02018212342721,5.62615566814965,4.41530511054942,0.926932245120911
2025,87,men,1.00544239011204,1.09824651953109,0.996112547575648,4.53981125685424,3.88393322468538,0.990028160655955
2025,87,women,0.929838549295665,1.01083568197173,1.03181809846774,5.09807763283411,4.00026611086158,0.930806038761626
2025,88,men,1.07538956787331,1.15193639062455,1.45287286982994,4.4825112787677,3.93815055109633,0.981308551104755
2025,88,women,0.973109497431502,1.04955401754556,1.30975319366937,4.20217629041876,4.17065421442587,0.965996049532364
2025,89,men,1.12109959349538,1.15085320553819,0.991499616928123,3.92424289192814,3.76774603839372,0.983931853900735
2025,89,women,1.04002688094592,1.08151182988579,1.10814451009149,3.67876902647473,3.86070487636317,0.968183870178026
2026,30,men,1.37210588057768,0.936504383868414,1.51368101186572,161.061388965119,97.1624064578321,1.04127885379638
2026,30,women,1.07232689650778,0.928282698340988,1.42756494582103,176.400332656695,127.436246194703,0.969401921810324
2026,31,men,1.17273882235272,0.902253016754152,1.4775885851078,195.897441990177,102.842639275718,1.04138996306873
2026,31,women,1.06238598365577,0.909591171137371,1.42231529198914,214.269652375873,137.349832978806,1.01564905003061
2026,32,men,0.995301823784497,0.878766903508437,1.4935796978818,209.03325253105,109.78900583057,0.981229593099665
2026,32,women,0.895510884624736,0.883974962590867,1.45234801165184,222.123727477354,144.811336681375,0.973571280000443
2026,33,men,0.871815428670676,0.862971087192022,1.48490930028968,256.092123479945,120.00887649387,0.987268415205931
2026,33,women,0.831027798788325,0.868873142973777,1.4653155123509,254.405334192007,152.459561646764,1.01049541081372
2026,34,men,0.939023863963805,0.829294586447171,1.45420315796913,162.308107282336,124.69188339213,0.9663001846219
2026,34,women,0.871334316356102,0.848375344231713,1.39619595944758,286.57014887535,86.0817782142405,0.944774953761837
2026,35,men,1.04065497878894,0.837310678680131,1.37408653685061,178.778147877472,134.622404077215,1.00828665445611
2026,35,women,0.929805655060257,0.854336372032461,1.23030914071431,173.413367510749,91.7748675765985,0.952482704810341
2026,36,men,1.1557475000019,0.823214569020959,1.31012901699029,196.269868693492,75.9315187707228,0.878662781604091
2026,36,women,1.01998089609183,0.877642866264295,1.29627747668498,203.189571267847,97.8589109730847,0.923369211918594
2026,37,men,1.2846224616205,0.813674171594327,1.33391385506258,233.922314191673,79.0440827032123,0.913515333175163
2026,37,women,1.12404970471399,0.848749707082633,1.34131726402611,219.765705320981,107.030523022172,0.93063420210721
2026,38,men,1.21432582945695,0.804354610207666,1.26284287092417,183.9720777838,84.951939315466,0.946965007730911
2026,38,women,0.961874542604422,0.873313024222847,1.21115463224321,260.168720270526,104.785548891803,0.933730269865424
2026,39,men,1.02228165984614,0.801658601142155,1.1986332226537,200.412082550524,64.0200981044033,0.960252908625613
2026,39,women,0.938949455742474,0.825810076258428,1.32460932380768,266.901641660149,77.5133414176775,1.00462350040662
2026,40,men,0.974794062534995,0.793295419976255,1.25664403598675,246.382164873017,68.0309623165223,0.964454418287534
2026,40,women,0.892986356075067,0.809134019798877,1.02615127902516,220.704727100065,80.0334546658896,1.03018114481804
2026,41,men,0.909864514803926,0.760719430253356,1.1662279590635,216.601131353279,68.6972982555065,0.950306318447248
2026,41,women,0.876822859881146,0.804399839666858,1.22088861300942,222.337014821404,72.7638979240073,0.98545486058385
2026,42,men,0.906176435176777,0.780181211698187,1.19122842502453,241.093582134,55.7529626776635,0.959054770039924
2026,42,women,0.917492618186775,0.830194257870253,1.26340810184835,268.457913979521,66.3351151948484,0.945477313929083
2026,43,men,0.913359221855481,0.765977043493259,1.41182444627908,257.932186309031,62.0831786656629,0.974328389889736
2026,43,women,0.890589017891472,0.802811001421217,1.06398246489866,235.43702861164,71.8940535707674,0.996573885782319
2026,44,men,0.907216600664191,0.756529394510746,1.46956622282716,268.569546483681,53.158917919805,0.93852733356167
2026,44,women,0.884970463124431,0.789423910260125,1.17948661008174,216.096185897311,59.2761876466525,0.912188703565013
2026,45,men,0.841169262644797,0.747418360462965,1.35707109666328,202.07592626853,45.4887046317206,0.932445101241669
2026,45,women,0.809408296832252,0.7780923059832,1.30274915203487,218.07705912955,50.3591346040816,0.938260657945199
2026,46,men,0.857302774948092,0.739538463730774,1.17629628658813,151.472729055345,43.236294669179,0.921827381107203
2026,46,women,0.80371669270285,0.740616087783003,1.40374166139586,218.50969157712,52.7045464402521,0.983901123815213
2026,47,men,0.80281769341656,0.744794328410406,1.2752639783547,145.543647048585,41.0850793717102,0.966650409628498
2026,47,women,0.837477831006586,0.747704381608585,1.37974182727284,176.949685436244,51.4009097687361,0.927275301971505
2026,48,men,0.847723071917731,0.738327593408814,1.39535462167116,132.780414059303,38.3778290842591,0.918511508208655
2026,48,women,0.777728252670417,0.755188026478294,1.55950654529492,167.992698749819,45.0590512879094,0.890376633202405
2026,49,men,0.791413910255806,0.738084696082721,1.37612011240027,118.383862985874,36.9310367135884,0.952085271493252
2026,49,women,0.827891890920921,0.729890722889691,1.21307782217597,130.572166312863,46.7263018172079,0.923787645885585
2026,50,men,0.806583592873199,0.705268173233195,1.56862796591515,117.206372444578,35.828713384262,0.879357215842374
2026,50,women,0.777530125595659,0.702545082022937,1.263306076067,147.723794151575,41.5329041705073,0.97286941926843
2026,51,men,0.804191089887786,0.694031534034913,1.37204774697818,119.943809386334,28.2240073804406,0.911343524537901
2026,51,women,0.816768459021993,0.718471270806488,1.33965970197473,127.682008176076,36.6415364582632,0.954072921686584
2026,52,men,0.805123473528718,0.708854404993863,1.4318476298776,109.648832008095,31.576448004482,0.909331572309415
2026,52,women,0.742944154563055,0.711425370523887,1.04567841974645,117.874923319614,34.9136823990115,0.897361902855977
2026,53,men,0.818143834475666,0.703707029959952,1.74776832496644,94.0397310524228,29.2768750933661,0.900166233876658
2026,53,women,0.755176991420633,0.721666634224059,1.39066223793802,105.325791359299,37.2817236567764,0.885761309844234
2026,54,men,0.772271366065921,0.695428581114112,1.61591221398952,88.9291781123474,26.9481767538225,0.913170183039104
2026,54,women,0.734742606314627,0.69164251595311,1.16061364087437,104.7299131334,30.8650619789642,0.860978029349053
2026,55,men,0.771830751393221,0.680809820144849,1.36210719201819,86.8479823683957,25.2288545378701,0.917789527276463
2026,55,women,0.716383698226166,0.700677969324483,1.15145788430591,83.7207751951845,28.4273570753872,0.900439151543624
2026,56,men,0.75516639890067,0.693566886433713,1.35994608414815,82.5567657612102,23.2925578763663,0.890869726339739
2026,56,women,0.693285213125725,0.688770949216106,1.30773680408946,78.1726951367676,28.0898565832492,0.903044325362715
2026,57,men,0.748242261504481,0.691091240359747,1.59471656233003,71.2351223123068,23.0206397403347,0.904426550389536
2026,57,women,0.666113613733485,0.679152084494771,1.16106819778163,74.7751512618232,25.8642464094137,0.907932560122641
2026,58,men,0.777345641234922,0.682203572013591,1.52216356524365,67.4741750454691,21.6865460771136,0.876109491540558
2026,58,women,0.666009238478192,0.679421342375902,1.33949163078747,64.0108895805623,25.4406666488035,0.888063155405276
2026,59,men,0.76195831765799,0.68145981288881,1.46500624169398,59.691502980032,19.2536137474615,0.939232860034627
2026,59,women,0.685058948180804,0.645879624061695,1.64291387364262,59.0400709499875,22.7108104986612,0.880870252738931
2026,60,men,0.847118492963406,0.823078342065423,1.26387027435155,59.0048798170196,18.9797932731311,0.926591254106347
2026,60,women,0.758387121179317,0.813526413094345,1.29975246980872,56.4328861261289,24.6447931139256,0.914824145830912
2026,61,men,0.82278255985645,0.816780680579465,1.54942539715394,50.9173605013358,19.2972789095079,0.910799854044129
2026,61,women,0.768098590407422,0.787796940020176,1.25014353882933,52.4906539084722,23.6420137562415,0.874950020618024
2026,62,men,0.824844710552838,0.820120392886754,1.35469993001297,46.148705711367,17.3353314714169,0.928582295587002
2026,62,women,0.765130432677441,0.794466961993038,1.33331370248871,46.1461490225459,22.1374681198363,0.878499552782566
2026,63,men,0.826287005692265,0.818385072507765,1.44218259597418,39.4399325971314,16.2850632437432,0.893533268680642
2026,63,women,0.776288505949658,0.783860405409647,1.17154072753864,41.2504925291896,19.9236519573028,0.887610571791485
2026,64,men,0.822655069927825,0.814412786668107,1.25652103415591,35.0461539021172,15.9750341638809,0.911543813415829
2026,64,women,0.759592743750189,0.786615392413126,1.1319715532527,36.1669905107511,19.7432808904612,0.910567215796894
2026,65,men,0.812923360624411,0.813522272711405,1.26369809758052,32.5136639087655,14.8277979549743,0.911911122717812
2026,65,women,0.771299299268006,0.778545529798014,1.50502041177163,34.0928482684552,19.8480487710912,0.885669792211747
2026,66,men,0.810099587877907,0.818629196074975,1.36186963836973,29.0109613598605,13.2087388183818,0.891196706283066
2026,66,women,0.729302306835838,0.774261868647515,1.13544887043062,28.1844636683702,18.4048459736946,0.927223512011292
2026,67,men,0.800530713051091,0.830271172271352,1.29347245251401,26.0037536929738,13.0613741191183,0.893255810367534
2026,67,women,0.747371085789873,0.773311317071766,1.10731611128173,29.127861511525,16.6114566682564,0.867699706463336
2026,68,men,0.820180874011118,0.835485337636338,1.22214889666593,24.0980672001587,12.1830390920796,0.87542291545314
2026,68,women,0.754703780364782,0.783850978133495,1.24082466279734,28.1430738801922,17.6790605871792,0.851846070622668
2026,69,men,0.817217190596008,0.840002919492341,1.11973822530473,23.096245443924,11.2505767447562,0.920472046554014
2026,69,women,0.750017375949795,0.781584922519123,1.24406951448737,21.8433942496924,15.2712993423701,0.866278102312608
2026,70,men,0.842662400808463,0.8840148957623,1.09818598245053,19.5091144285469,10.3545233738869,0.863928538809028
2026,70,women,0.783812619641507,0.823526548734687,1.27325985850236,22.6716985670463,14.338022774349,0.933609215033888
2026,71,men,0.857745383038652,0.889186809934221,1.18985476201074,17.5787445381794,10.4271672417537,0.874096241082646
2026,71,women,0.806740281973677,0.817828262525603,1.0913183635937,18.1080726501312,14.2288001046508,0.918851366381974
2026,72,men,0.857753527573231,0.899858858489501,1.22396179549275,16.1739747841583,9.54188076226532,0.874904928762226
2026,72,women,0.79017748660697,0.83128606603385,1.10364657664356,17.845935608733,12.7474349777911,0.870793550410857
2026,73,men,0.815007745329962,0.904652065172499,1.308718365799,14.7418233334196,8.64511081260606,0.905106178081573
2026,73,women,0.80516529818084,0.821762670565919,1.12339873883513,16.5784683384051,11.6749670123263,0.881374953480996
2026,74,men,0.821066031176034,0.916025494311443,1.20777075583738,13.6419413054876,8.31100935951562,0.904486499408862
2026,74,women,0.78421970540794,0.825011498337354,1.0692315474126,15.5853128471692,11.8678103114204,0.90088038018508
2026,75,men,0.807668919357143,0.924775780122997,1.3222859332563,11.0908543116708,7.54917097876244,0.884213459250617
2026,75,women,0.776188814026559,0.835423376430977,1.12840765962435,13.5376544271627,9.93115896993112,0.878188659218503
2026,76,men,0.810825137538401,0.931211204828419,1.24533353528768,11.0669563178515,7.21166596152692,0.890375046368798
2026,76,women,0.772355442959948,0.852194296948148,1.33766314383548,14.1132323332206,9.34714812034783,0.881943709052375
2026,77,men,0.785385153947595,0.935834796274172,1.1824687633962,10.8377813022117,7.11617845877881,0.958226032405236
2026,77,women,0.752118154620908,0.854520040979827,1.1288446999041,11.9969645668706,8.57370716177513,0.899539371839112
2026,78,men,0.799492306135486,0.957068025548171,1.16821260994616,9.2383538468108,6.51424486531275,0.912545052054191
2026,78,women,0.758013157503513,0.863319392344431,1.07595245687119,11.0431075928302,8.49094772543047,0.904446765335952
2026,79,men,0.803865345764208,0.95878808445817,1.24328594806494,9.23050759754739,6.41924064744333,0.864702785858295
2026,79,women,0.761252810521711,0.862570256859601,1.10290313389171,9.50702985160216,7.02607919643844,0.891198727834615
2026,80,men,0.808380082844129,0.965922078077142,1.13912556240221,7.95236666580903,6.00424062581575,0.900127167748106
2026,80,women,0.758353054372492,0.871343855841357,1.07553038519769,7.86786478221972,6.70958874823104,0.89864458488086
2026,81,men,0.833457364644055,0.977678823392935,1.16578173292603,7.98612288837069,4.97831380173824,0.928240770068546
2026,81,women,0.773870999476043,0.879359494104586,1.08014592331585,8.60976440672023,6.72030690440762,0.898913960152346
2026,82,men,0.837047503646168,1.00936917074073,1.03721791901739,7.13182116714216,4.9771622201903,0.89682198381579
2026,82,women,0.78956463032064,0.888041844456499,0.992484424213199,7.75735589794556,5.93297497601711,0.901205381804514
2026,83,men,0.857140441968075,1.00919605589367,1.1435163832487,6.15785432812959,4.620049262996,0.881335276430415
2026,83,women,0.812040172504418,0.912047581804712,1.07699568017877,7.60436753273419,5.32358204856926,0.921466555176781
2026,84,men,0.893641346584873,1.03728485141726,1.1453586396683,5.52947684210856,4.52377640368979,0.896582175309111
2026,84,women,0.834876062299607,0.924617245413776,1.07014234193539,6.3900467577962,4.92723804762725,0.889336600790747
2026,85,men,0.918862364742522,1.07238163287387,1.15934485760774,5.37408889707071,4.3935749100963,0.905914233404811
2026,85,women,0.849789532881701,0.957607534385963,0.998876058809445,6.32388462854317,4.62366919352,0.899643127153131
2026,86,men,0.947848474956399,1.0810790855648,1.13141948172719,4.56637271164898,4.46148930719448,0.926079550030254
2026,86,women,0.873006107683544,0.982346137014544,1.01495036807637,5.62409321744691,4.50436073528701,0.93221855416282
2026,87,men,0.992026977104383,1.10026506376091,0.999833263280183,4.64759724578872,4.63165518475932,0.929358032213042
2026,87,women,0.917106203750221,1.00849105164349,1.02348454096042,5.54309180384073,4.00232037417591,0.966160550985611
2026,88,men,1.06206144959464,1.15292599188355,1.41613172416796,4.39337887929903,3.83487476151134,0.956245970049132
2026,88,women,0.960935970796103,1.04917191788211,1.29430251509006,4.29770525855925,3.71453886838524,0.932201923913091
2026,89,men,1.10904462896046,1.15638466478739,1.00261796411112,3.85161999148041,3.62090724628147,0.958823039342369
2026,89,women,1.02795256627141,1.08201076619577,1.0993021104,3.81929963600133,3.32106927130474,0.934330828987282
2027,30,men,1.38515808673123,0.930831708920616,1.56273500596559,173.51154416414,93.7766359976189,0.982247311812055
2027,30,women,1.07428413345938,0.923555977690659,1.46993674643119,198.075353383011,124.464008971141,0.945770334037048
2027,31,men,1.19003021960114,0.897335429935053,1.52640187592075,189.912463313433,100.662841001259,0.948562639801554
2027,31,women,1.06463927885258,0.903775555584712,1.46508154421445,201.907353024135,130.596590701554,1.00373799677341
2027,32,men,1.0121160328663,0.872514273688472,1.54247319213707,221.626907768821,107.829145223871,0.957643542505074
2027,32,women,0.893426931769752,0.877265805442219,1.49434798038597,233.584126716335,141.865499758942,0.945463077782277
2027,33,men,0.880926913890564,0.855319547415994,1.53366186596569,130.17047969892,115.892557001734,0.923536768779217
2027,33,women,0.830208810098475,0.862711023482557,1.50718994811993,252.707975933077,79.5579834039455,1.00668154104876
2027,34,men,0.94032108807631,0.822817831061786,1.50232413218236,155.194927597063,124.660979197378,0.958458193322441
2027,34,women,0.865931826321932,0.840592525713336,1.4366328898813,207.33424713063,86.3076730639879,0.975518427201257
2027,35,men,1.04163120086329,0.831160615804019,1.37776915526769,180.495315458656,130.480978637568,1.00703554519315
2027,35,women,0.923848289687972,0.848024899682481,1.22913422717702,329.356478860497,88.6876720034686,0.960609638848706
2027,36,men,1.15644275139575,0.814944012190747,1.31382388107202,208.911301621369,74.0327838087712,0.984997546896418
2027,36,women,1.01296254572587,0.868883612150097,1.29558997187677,204.281683733428,96.2958420006137,0.945503388357698
2027,37,men,1.28542705910978,0.805774917099545,1.33874375730736,223.712533034498,80.1621269664751,1.0056013557071
2027,37,women,1.11596385733732,0.841235216004382,1.34007778001462,230.107010705017,98.9926590507018,0.934509420528983
2027,38,men,1.21541384955789,0.795782608422437,1.26871212222347,267.923634017574,56.4931041775251,0.964204808202556
2027,38,women,0.957232450152081,0.865855022093492,1.21069166255419,246.536040778099,109.829655940288,0.93078001890777
2027,39,men,1.01898928218671,0.793371380743972,1.20346496478991,221.126612916606,71.3595521711983,0.971586196650385
2027,39,women,0.937478230798064,0.818224594124622,1.32285823800008,305.497633443176,88.0076727442168,0.927685836919272
2027,40,men,0.974422583324845,0.783710788420502,1.26191180191856,226.026424993825,67.5581305048606,0.953618604864932
2027,40,women,0.885271448069813,0.800840993082535,1.02604969183574,220.01276473523,80.2708217375552,0.931251738705969
2027,41,men,0.907849581604425,0.751908154305099,1.17194405125806,219.801258199671,68.9855383787986,0.898077592913341
2027,41,women,0.871030770610563,0.795334591217974,1.22245386072506,250.103010273853,82.3879898255139,0.937193425390398
2027,42,men,0.904035797996523,0.769927649038923,1.19777561152132,210.199046460492,53.686564024591,0.951094783439543
2027,42,women,0.911629242822538,0.820924538661937,1.26603703030967,249.214767778617,64.6628951661322,0.921237998090336
2027,43,men,0.911908777030179,0.755812808478365,1.42032119421528,279.772670098813,55.7102046901636,0.875754803234516
2027,43,women,0.881319841142959,0.794268426250283,1.06629577829482,298.6877551836,54.5443456395104,0.945983018139516
2027,44,men,0.904065753496686,0.746725325292329,1.47985960285914,310.192525316003,51.4508350366964,0.9290545032973
2027,44,women,0.875907782966878,0.780767516753511,1.18448479657406,271.637319314903,72.0396679737942,0.897282369771199
2027,45,men,0.837384069857577,0.737698889801707,1.36969245509137,261.606045264761,45.4876317057893,0.88977405264015
2027,45,women,0.801968714644351,0.768638693794269,1.30790397836004,243.128418028023,50.7979164608785,0.937664024396345
2027,46,men,0.852672227147504,0.729508099071014,1.18890008966297,215.984315907307,45.081966775511,0.925134068273126
2027,46,women,0.796152920501922,0.731369280081685,1.41063548808889,203.032654487773,49.4439915516794,0.986459099887095
2027,47,men,0.798217497837742,0.734033524393693,1.28903272391195,181.227397085123,41.5236771449136,0.919186526752832
2027,47,women,0.828928272014436,0.73835857111584,1.38741094620376,201.419098601135,51.5025151295364,0.953551869501132
2027,48,men,0.842671365146864,0.728104332921932,1.41140433781879,152.374295369393,36.7131336152281,0.921779588292748
2027,48,women,0.769168013180962,0.745755606326693,1.56945985080572,171.565185678618,46.0806222917119,0.923996002734755
2027,49,men,0.785727185625817,0.727017887674334,1.3924912772269,137.80036024619,34.3411640696563,0.934504424751336
2027,49,women,0.8166346871455,0.720167140183119,1.22111323760977,153.643217534492,44.9612771845124,0.870587484716532
2027,50,men,0.800960711222055,0.69508211344896,1.58739668528899,133.341218411093,32.1942679990334,0.899910317130131
2027,50,women,0.767494570073481,0.692549611222244,1.27218380568167,144.090263894875,40.3252268957267,0.912768036463057
2027,51,men,0.796716879456996,0.68398475109004,1.38960183789106,126.389530731428,33.10836504981,0.91418142964354
2027,51,women,0.80446399910941,0.708469065778086,1.34813540567023,136.150609272975,36.9686354504442,0.940692660952158
2027,52,men,0.797244126652973,0.69747755525157,1.44906188005386,119.369255581553,28.0440772455608,0.890760423845826
2027,52,women,0.732898113655629,0.701201466059048,1.05218731501146,129.432805291923,35.6457490515394,0.93508452445846
2027,53,men,0.810533246115461,0.69242995414222,1.76957960229412,119.276180262629,26.8437064345499,0.885861201865952
2027,53,women,0.743185399626915,0.710634926048722,1.39926067771804,100.592734048194,33.7420706904439,0.925602183474981
2027,54,men,0.76519638627732,0.685100483988786,1.63508255722781,100.857894556745,25.7379824961862,0.955109799600778
2027,54,women,0.723856889126908,0.68089485941922,1.16825239180242,98.2507213932656,30.5801600436703,0.906474520604255
2027,55,men,0.762032015677804,0.670136398902274,1.38196127699901,92.0328113616122,24.3181760087877,0.885027232981143
2027,55,women,0.703020821754852,0.689723941325711,1.15918107460586,92.101213219692,31.0572905065015,0.938863295060865
2027,56,men,0.746267283633198,0.682972278875355,1.37997880855088,92.0787385101578,24.4235557868541,0.905773429742967
2027,56,women,0.680449654382721,0.678003550809829,1.31532656811591,90.0429887817961,28.1493757766457,0.892745923525692
2027,57,men,0.739574794717616,0.680586864347316,1.61732995769964,86.9504489929166,23.7296020679227,0.881158588046926
2027,57,women,0.65419474654349,0.668598654642669,1.16803390472679,76.2462415937796,27.220091536719,0.892372791657685
2027,58,men,0.767363693479295,0.671408460291404,1.54335648101275,76.3032969697262,21.1226479325329,0.890238479157014
2027,58,women,0.653543751441019,0.668544210090259,1.34689112144058,70.3797607969075,25.5751341095845,0.863126715715842
2027,59,men,0.752045786155383,0.670894141357479,1.48498262942812,67.6141464410286,20.2796131370938,0.886842293197726
2027,59,women,0.671810786257406,0.635526274148805,1.65105100711222,62.7262445664097,23.0585703360893,0.905002302466382
2027,60,men,0.839140324422095,0.814318421794766,1.27975191205959,69.6433161636361,18.7854965534287,0.930212019528452
2027,60,women,0.74761318253337,0.804165674132934,1.30661136816129,64.2861479633817,22.9298218168812,0.863335997811327
2027,61,men,0.815218588629331,0.80842133225389,1.56694490880651,56.9185356370246,18.1823548973474,0.894646731159124
2027,61,women,0.756706176699847,0.779406216147708,1.25669889199514,52.8765431938619,24.1627062211745,0.888526708866396
2027,62,men,0.817075791934972,0.811739878304279,1.36945266993453,53.9035033326301,16.8350535319174,0.891939050556799
2027,62,women,0.754053423302218,0.785368795012698,1.33757353257058,50.2784309545333,22.9349523371325,0.88637077020351
2027,63,men,0.817705302091919,0.810444385232587,1.45558631399544,46.3650021359016,16.716048840249,0.90158309450543
2027,63,women,0.764735986026068,0.774400788645561,1.1748606911779,45.0780012767416,20.2207694901409,0.921073954678684
2027,64,men,0.814623129976097,0.806292957715331,1.26829119573397,44.5325309018833,15.0246082313731,0.943422832713697
2027,64,women,0.747843161454894,0.777016526322838,1.13267038585101,38.4606522371834,19.6495027463845,0.896643910008738
2027,65,men,0.803373582990048,0.805745238237336,1.27646852134432,37.5502582253097,14.8826873643614,0.890155603768185
2027,65,women,0.758146580549865,0.769056837454423,1.50891302657231,35.8675825642467,18.8874343802989,0.910776261081401
2027,66,men,0.800905161494758,0.810429527837212,1.37060144771602,31.2591149779387,13.5294738962964,0.871726440806593
2027,66,women,0.717163971920849,0.764869776596743,1.13623547415118,34.0082162035733,17.9546542217035,0.89100869971709
2027,67,men,0.791419183252061,0.821822591737654,1.30098776861638,30.6655187244537,12.6177535382232,0.868101836793901
2027,67,women,0.736513481952133,0.764671940631636,1.10724926752329,32.1755225117729,17.2464858321407,0.847603815051892
2027,68,men,0.810589307756722,0.827389159723549,1.22753357548448,26.3946780516696,12.0463030228775,0.877295094987806
2027,68,women,0.742700039370019,0.774886573889141,1.23701966023525,28.6141220267837,17.1510097911403,0.875073285460238
2027,69,men,0.80722626603504,0.832713720926595,1.12155932225941,23.0026554829499,11.1065146515982,0.888366284675979
2027,69,women,0.738588836136711,0.773099184294,1.24039128363535,24.1082850629853,14.7927621258766,0.881090648085428
2027,70,men,0.834067720228553,0.87802025245423,1.09914976055253,21.7753250644995,11.2458636662275,0.879468875222657
2027,70,women,0.773219716723969,0.81585336409478,1.26711076707176,22.8965504586634,14.3634545559347,0.918656997183983
2027,71,men,0.848148950615783,0.883519829536022,1.19237863434853,19.5277944995824,10.5324084032426,0.899210712613195
2027,71,women,0.795210492511994,0.8103567466002,1.08607873768876,22.0956222290447,14.2730775543926,0.856470296541093
2027,72,men,0.847393135763803,0.894734763854681,1.22416729339735,17.013110858615,9.67999199220982,0.903517250599199
2027,72,women,0.779243696995551,0.823937215568864,1.09651881347706,18.0100077196099,12.9625170364528,0.87414618713352
2027,73,men,0.805024977121162,0.900293031140681,1.30800282077316,15.8724843895068,9.39945139155981,0.885411426086295
2027,73,women,0.793517477581234,0.814347434888232,1.11700947202116,17.7647184948566,11.669842953288,0.912991703144471
2027,74,men,0.810337342461677,0.911129343024639,1.20779312294648,15.7668490769383,7.79852191665568,0.891823945202379
2027,74,women,0.772399744635719,0.81792691855267,1.06290028915288,15.2957961463554,11.2720071564229,0.868946883549223
2027,75,men,0.794610791562629,0.919695513046199,1.31695705109932,12.6843993053279,7.72563901720883,0.861145864433601
2027,75,women,0.762479203128836,0.827572586237254,1.12598352024298,14.7316410363643,10.0727635750986,0.893065615940697
2027,76,men,0.796638249682056,0.925993682566631,1.24394880657611,12.5025558275523,7.5596695519631,0.899781197054768
2027,76,women,0.759002847942809,0.843598849808205,1.3272093722868,15.0090318544037,9.43440743073215,0.872123210520596
2027,77,men,0.77146970708096,0.931550735034677,1.18694011180339,11.4584514707014,6.77131875147612,0.907918182548388
2027,77,women,0.738437300394321,0.846082072285286,1.11871190968538,12.3639160369142,8.46148642793173,0.901367907688592
2027,78,men,0.783982063524936,0.951640681674921,1.16096462983868,10.3708178575167,6.74049224399893,0.897279362947033
2027,78,women,0.743483589425282,0.854550019387182,1.06993596846893,11.062103602187,7.97969856087832,0.908297015960449
2027,79,men,0.786968412152237,0.954107670189539,1.23007540123663,9.31485704076658,5.6494560374924,0.910011458608108
2027,79,women,0.745900501566455,0.854305644674581,1.09147715879873,10.6841823790831,7.23407752689453,0.903819756743035
2027,80,men,0.79264516624446,0.961085071914097,1.13050982074215,9.16100405955944,5.28740910612431,0.930245034736117
2027,80,women,0.743142271233109,0.86325785865405,1.06356320220093,9.2306691732032,6.8044280911479,0.89748308611945
2027,81,men,0.815881085733642,0.973606826931298,1.15065811028045,8.22489404990286,5.06440626514991,0.940655408694227
2027,81,women,0.758049509394763,0.871291604089612,1.0641388389091,8.32198164329879,6.05196737122441,0.9106025760433
2027,82,men,0.819188478486585,1.00436668926811,1.02336563912506,6.79313557752772,5.09357565243905,0.901389521548221
2027,82,women,0.772990148748763,0.880625649457681,0.977713163146198,7.85463846738994,5.65375725231147,0.877414474720533
2027,83,men,0.840006979104098,1.00632456553515,1.1208766043834,6.43757589982476,4.31714278668415,0.936113990981669
2027,83,women,0.796323132923931,0.904888279336667,1.05620933139552,7.5910534923613,5.20517807549661,0.854497856886409
2027,84,men,0.876689743804172,1.03510706465039,1.12950855440752,5.63559501862859,3.97374162686074,0.941032174828049
2027,84,women,0.819117145298619,0.918403234534317,1.05587968922152,6.82028812004044,4.85485210945513,0.922904461277965
2027,85,men,0.903028291461054,1.0706394046843,1.15287271868367,5.6369758354638,4.32672914217644,0.934128211112597
2027,85,women,0.834733401488647,0.95221921600734,0.991669752450943,6.02668094336023,4.61158867726221,0.914772226564853
2027,86,men,0.933321904862991,1.08135681313832,1.12169232376703,4.80347967161555,4.09399677987626,0.927228953776113
2027,86,women,0.859974818757805,0.978274782145248,1.00974800434494,6.15394564535231,4.7487566647437,0.909585332036254
2027,87,men,0.978797051133582,1.10228631919362,1.00356603041256,4.57571941367946,4.00878590918657,0.983331895654102
2027,87,women,0.90455435741052,1.00615301264071,1.01522235263437,5.67799701059513,4.12311799667931,0.919866481253406
2027,88,men,1.04890497179511,1.15391595432598,1.38033715787872,3.65084160358212,3.61129561087711,0.950383027618518
2027,88,women,0.948920628840851,1.04879014577411,1.27904159228753,4.80526698574824,3.55249863903381,0.906856365560357
2027,89,men,1.09712514206116,1.16193996117482,1.01385540976699,3.27499651975371,3.43054319152879,0.952963079060985
2027,89,women,1.01602428451424,1.08250968630487,1.09053457958253,4.23064141645661,3.25897995092122,0.908941168543531
2028,30,men,1.39832792283993,0.925196167471809,1.61335331855015,174.232504168788,93.1011450960552,0.974211261653578
2028,30,women,1.07624397481853,0.918855638540823,1.51354435681992,194.290036578595,122.57641675806,0.938837150316573
2028,31,men,1.2075678514764,0.892447051283867,1.57680247472389,194.898754731856,95.5638948025543,0.961822606288956
2028,31,women,1.06689623833125,0.897999963995767,1.50911164380978,227.536767407967,129.188430299271,0.994124063538344
2028,32,men,1.02920579012705,0.866309183830866,1.59294194534221,151.024631283003,106.234457978342,0.94873629120679
2028,32,women,0.891348852761711,0.870610840657107,1.53754091292111,227.530141317058,137.666204111288,1.03329245599642
2028,33,men,0.890129060175388,0.847739573870985,1.58398983842444,139.495474872887,113.806517354659,0.968512217215666
2028,33,women,0.829391031875899,0.856595613241568,1.55023948892503,273.104561695367,147.932925396879,0.985386318233611
2028,34,men,0.941619463111679,0.816394815962442,1.55201255487139,148.569078262658,120.424799598777,0.938510907751593
2028,34,women,0.860565472936301,0.832884891071947,1.47822014740483,298.609657151662,161.956848738464,0.957746287774474
2028,35,men,1.04260785654812,0.825058725220563,1.38145981964071,184.840873552729,132.041870170499,0.986091143387945
2028,35,women,0.917932003887276,0.841763132295763,1.22796101431096,242.122662837649,90.999115666233,0.930891456790163
2028,36,men,1.15713807780488,0.806760564696471,1.31752733543009,208.624005211486,137.781787136193,0.956748927254344
2028,36,women,1.0059959135892,0.860216034869567,1.29490317051972,196.112012724907,92.3030880095701,0.968915840118059
2028,37,men,1.28623176332755,0.797956189046362,1.34358875276206,234.261700710402,76.0543686555891,0.883932288856346
2028,37,women,1.10794012060488,0.833790912398708,1.33884005187419,224.998737429158,97.4952451675087,0.926191183380722
2028,38,men,1.21650230715801,0.787306118858625,1.27460573672633,177.165717162773,83.0504908608741,0.935669537554531
2028,38,women,0.952615033863337,0.858464341924542,1.21022909805185,260.734713382146,102.348880294565,0.979117026426954
2028,39,men,1.0157091240376,0.785173854441772,1.20831378636315,216.331814764839,83.593056988697,0.983215754973741
2028,39,women,0.936010035023004,0.810712478334416,1.32111032902053,197.865804098743,111.617087634511,0.947005094849234
2028,40,men,0.974051428795396,0.774246600708246,1.2671990354573,187.08154730823,62.9967424883431,0.983396848292856
2028,40,women,0.877626948525973,0.792636991314053,1.02594816480048,248.889731427107,76.4433810540724,0.977900743218203
2028,41,men,0.90584010106197,0.743203208359951,1.17768531999748,210.334832339107,66.7940426508024,0.990166239326243
2028,41,women,0.865279771047563,0.786375900079212,1.22402034168251,248.424024874365,63.4898039551804,0.93264219152573
2028,42,men,0.901901269650978,0.759813802090618,1.20435552658481,259.277546783718,53.5140275517392,0.942014054988409
2028,42,women,0.905806202491412,0.81176281819498,1.26867012842168,280.103452378337,73.0684242311606,0.948752205701605
2028,43,men,0.910461349242201,0.745788362855021,1.42886484929106,258.896652890594,45.5844158583355,0.972737802932482
2028,43,women,0.87215163774967,0.785820897441343,1.06861297661222,283.685584733124,65.6238392391145,0.944815604444733
2028,44,men,0.900927395479731,0.737053051496071,1.49021995119701,307.599607926817,56.6963347578049,0.937531791414502
2028,44,women,0.866942312005999,0.772210244001936,1.1895016824773,268.265723091108,55.7172704727052,0.929161901414819
2028,45,men,0.833617764467281,0.728110512285136,1.38242488561426,315.417739550049,44.2223503332909,0.909676457058325
2028,45,women,0.794601131370776,0.759304518412591,1.3130766441757,304.790090762209,59.9481701444348,0.907781921023876
2028,46,men,0.848068955707919,0.719618623140126,1.20163262366176,263.709914817359,45.3053153727717,0.959430020928861
2028,46,women,0.788664008955287,0.722242397003096,1.41755974538538,217.383149430948,50.6316813208865,0.910952907388569
2028,47,men,0.79364591109435,0.723433385489951,1.30294322637278,217.644765202466,40.9806581207879,0.963878555171091
2028,47,women,0.820470145279552,0.72913410043142,1.39511887883337,235.959339159697,44.2397864146703,0.918284786863019
2028,48,men,0.837652231597044,0.718027566826587,1.42763060887964,203.76183974497,39.1078280865777,0.910048617834595
2028,48,women,0.760706146418988,0.736445563960752,1.57947172551655,228.78570774905,44.2233428374139,0.956612690568256
2028,49,men,0.78008409771808,0.716122350507711,1.40904898441991,156.971187985084,33.5383969553178,0.884769622345537
2028,49,women,0.805535991809696,0.710577795072527,1.22919787691214,224.174767773117,39.6588179807365,0.925025793870406
2028,50,men,0.79537977234313,0.685048084550109,1.6063805497861,151.381044525307,31.2683444309681,0.873766549178703
2028,50,women,0.757593397315166,0.682701176222164,1.28111949758182,178.458644702455,40.1932886846004,0.895781257059679
2028,51,men,0.789315770020253,0.674088253144615,1.40737169267829,147.091952997922,30.1631376085707,0.925733382606818
2028,51,women,0.792350835651261,0.698610937136584,1.35666051300459,162.396566661605,41.1427023902152,0.901757355733704
2028,52,men,0.789445720386608,0.686288776406789,1.4664744430171,140.019450199859,30.3605480583773,0.897773869100229
2028,52,women,0.722992769348604,0.691129423756862,1.05873348501386,132.899540154151,38.9400932359023,0.896371577180079
2028,53,men,0.802997154864388,0.681339025058851,1.79165211386861,134.603214290374,26.5970612057763,0.890647453229757
2028,53,women,0.731389998602953,0.699777170058485,1.40790800121047,121.668278584863,32.7907991605606,0.921225627231372
2028,54,men,0.758189663889837,0.674930754620887,1.65447070362723,121.244929789394,26.3301482580984,0.879354336612327
2028,54,women,0.713137701457586,0.670319392022229,1.17593761348845,108.560991042399,30.5766008954716,0.881831320178384
2028,55,men,0.752362420440544,0.659635451599531,1.40209474812253,102.293185591004,24.8479698317828,0.903778390879064
2028,55,women,0.689913613417032,0.678946439288879,1.16695221917926,108.849852609541,30.8517990523699,0.984589514200114
2028,56,men,0.737477350139503,0.672544615799795,1.40029652607039,103.764725219322,23.6936213384523,0.877962219103817
2028,56,women,0.667857890262345,0.667409663276459,1.32295660512171,103.802969009468,28.5822158844871,0.889497804042441
2028,57,men,0.731011930755258,0.670247214892071,1.64025262419557,98.1742231015128,21.9997417788574,0.917452546446217
2028,57,women,0.642494866845918,0.658214300126897,1.17503793513318,94.0639221483939,26.3667182938953,0.881571689933922
2028,58,men,0.757514753322987,0.660789367624293,1.56483379174696,92.1737121753723,19.7709498451548,0.89030295393179
2028,58,women,0.641317553377946,0.657846450684687,1.35432780781043,80.4974120351547,24.6244776652495,0.918926542758324
2028,59,men,0.742267003511252,0.66049737536327,1.50522135440401,79.7869792295297,20.1556836467527,0.899991948188071
2028,59,women,0.658825172342602,0.625343870961316,1.65922439949226,73.4346111790157,23.8537152961882,0.879385568716371
2028,60,men,0.831241173848711,0.805655984017233,1.29582513531953,77.0572095605663,19.0303734471227,0.910171051105519
2028,60,women,0.736997503640214,0.79491718075189,1.31350305173336,67.7561742974096,24.2413264269355,0.880044885173877
2028,61,men,0.807727833552732,0.80015159758763,1.58465372752961,65.3231707757094,17.5084519802688,0.867738673507002
2028,61,women,0.74548822927808,0.771108933304571,1.26328536066149,64.9017310366449,21.117378237173,0.906395596750906
2028,62,men,0.809383823755053,0.803449071399058,1.38435867237494,63.8326370610093,17.2520369129671,0.90113261383607
2028,62,women,0.743142124063556,0.776379229962007,1.34184486136666,55.1857047249378,22.7939418968609,0.895035452364562
2028,63,men,0.809216893765759,0.802584605068511,1.46910790355298,57.5294060452527,16.0274937277889,0.896298516925057
2028,63,women,0.753360958808394,0.765059911847651,1.17818841864566,51.5125300125013,20.8438283938546,0.934025193660618
2028,64,men,0.806673512972754,0.79825802988521,1.28016572451425,49.6613969006695,14.7667740632111,0.924257767634522
2028,64,women,0.736280985953006,0.767539440664152,1.13336930488358,44.0876418352619,21.2799597578242,0.913216264994659
2028,65,men,0.793940618261548,0.798046330831537,1.2893616035837,44.9646274762893,14.30984065495,0.877848980786099
2028,65,women,0.745224472795284,0.759688385289864,1.51281378194918,42.3821188936276,19.4309254517596,0.873571672279917
2028,66,men,0.791819547398998,0.802315973872292,1.37938489406663,37.3186200633373,13.2954765052347,0.896320154464428
2028,66,women,0.705233502540411,0.755596162512801,1.13702223443592,34.9051724250223,18.3795679121087,0.92328341863396
2028,67,men,0.782415777079722,0.813464084870581,1.30854301107406,31.0671398467339,12.8921734519631,0.906888856183221
2028,67,women,0.725818853297461,0.756133272542323,1.10718246076554,33.5908468584451,17.7363634247836,0.85243531076299
2028,68,men,0.801114557598505,0.819375372198386,1.23293930532848,29.9877347230558,11.8482141057122,0.893498615369574
2028,68,women,0.730893000435755,0.766029035591255,1.23322819382734,30.5180638685404,15.5351935992158,0.916526153030743
2028,69,men,0.797362323561564,0.825491323484781,1.12338248058261,24.7930673365221,11.773070028266,0.876494241836916
2028,69,women,0.727339949371806,0.764709693833097,1.23672573401635,27.34650339475,14.9098381057961,0.877522648795689
2028,70,men,0.825564874894052,0.87206918640374,1.1001139084963,24.6607155223836,10.746749081297,0.873965925932876
2028,70,women,0.762775091538902,0.808255405908865,1.26099438301413,23.7804044635653,14.3679248207813,0.885120798482619
2028,71,men,0.838664536737844,0.8778917344133,1.19490661144156,20.777464756711,10.5922889276853,0.877022201415679
2028,71,women,0.783851049963708,0.802957123654209,1.08086683390968,22.7390448364036,14.0692514082809,0.843460804821578
2028,72,men,0.83716289975612,0.889642353254366,1.22437272442329,18.5893615068954,9.81370221952263,0.885495063409933
2028,72,women,0.768466480844442,0.816656908057681,1.08944056561664,20.8549750208467,12.9440093279464,0.880053004770117
2028,73,men,0.795169318117545,0.895957135395603,1.30728801960391,17.1619791777688,8.77856840775829,0.890495181033782
2028,73,women,0.782043779363735,0.807002719067075,1.11065966825821,17.5991537770822,11.5246761273457,0.877482546016136
2028,74,men,0.799754031344469,0.906261757176085,1.20781547943764,16.0912858786025,8.35100968344988,0.900470901522792
2028,74,women,0.7607636358296,0.810906625152651,1.05660961527397,16.3161722229388,11.189859512014,0.882820198214136
2028,75,men,0.781770068225341,0.914645639540499,1.31165225704945,14.0482553449819,7.8986080929427,0.871109113173734
2028,75,women,0.749018324758953,0.819799390589538,1.12356578037933,15.0811472896052,10.437207085263,0.871880704904066
2028,76,men,0.782706402045172,0.920807945558917,1.24256629942629,12.1573283651351,7.46348502742535,0.889716593886966
2028,76,women,0.745887510208674,0.835094273967456,1.31684239211308,14.8891725209768,9.07269750746735,0.892954813945405
2028,77,men,0.757807495668955,0.927288383840916,1.19142615015207,11.4219407476865,6.73097825375362,0.899107710152681
2028,77,women,0.725011862040168,0.837731524679743,1.10867500443886,13.2120075391725,8.61368475018316,0.894791682495275
2028,78,men,0.768780149724283,0.946246769325224,1.15376516023213,9.61104817333732,6.14732857226718,0.897462936165877
2028,78,women,0.729239484688848,0.845873982903785,1.06395606552754,11.0699389870131,7.98816918346697,0.895104190425935
2028,79,men,0.770434717833833,0.94945239538712,1.21701163529813,9.94046656263313,5.63260879849105,0.893897059652482
2028,79,women,0.730865149165157,0.84612423667577,1.08017510389864,11.0350584491499,7.46262438165921,0.88595852312655
2028,80,men,0.777224061048342,0.956274655619936,1.12196344530241,8.6745114426191,5.62334134022625,0.941048679974127
2028,80,women,0.728243858286119,0.855250831606452,1.0517349795199,9.66297125200522,7.0221447511313,0.889464750729509
2028,81,men,0.798683858408958,0.969553786035111,1.13573800010185,8.14305359992273,5.30930140325808,0.91919435712203
2028,81,women,0.742559048765305,0.86330165941367,1.04837668953998,9.81679128830297,6.04742706017172,0.901263937675009
2028,82,men,0.801719016671997,0.999391449327165,1.0097050553226,7.49647316643615,4.72008006636378,0.908054074975784
2028,82,women,0.756771516129743,0.873275000494195,0.963168867851561,8.27336164458233,5.82731237953064,0.857832682415107
2028,83,men,0.823224197010762,1.00346265573047,1.0986958928599,6.78858726189598,4.7706617575521,0.924793493917299
2028,83,women,0.780917824566128,0.897788664866446,1.03583412228235,7.53906835284843,5.59476528807254,0.931905749719315
2028,84,men,0.860067822243673,1.03293492090566,1.11388546690487,6.4167452462936,4.25961448463479,0.9395732704312
2028,84,women,0.803663243251423,0.912234019744258,1.04181402082649,7.19523541487112,4.76586076318359,0.910185921064867
2028,85,men,0.887474683610886,1.06890086418455,1.14643987649638,5.60685762423323,4.12799533604926,0.951900698741714
2028,85,women,0.819951256261378,0.946863852130673,0.984518951263579,5.68495872690434,4.50761191746082,0.922025734093244
2028,86,men,0.919024967248048,1.08163447502654,1.11205352901792,5.04580014873427,4.09037602346369,0.975492901949655
2028,86,women,0.847144330651791,0.974222296690952,1.00457485273494,5.64455942703749,4.36301306954181,0.933874854916226
2028,87,men,0.965749957962723,1.10431028813054,1.00731088203309,4.28760098550932,3.73373940328022,0.94417123261504
2028,87,women,0.892180364281887,1.00382154319553,1.00703088752089,5.88474647173196,4.20531186688069,0.908277603284803
2028,88,men,1.03591784102969,1.15490627790539,1.34546433474717,4.1696277509579,3.85053777232718,0.942581862541116
2028,88,women,0.937061339567201,1.04840870077935,1.26396800290279,4.42135862367474,3.62847563881606,0.943401779986692
2028,89,men,1.08533954454251,1.16751918558781,1.02521316996294,3.69650271687189,3.60313486474469,0.945156443084566
2028,89,women,1.00424019873721,1.08300859022162,1.08184124725427,3.93031687758118,3.31505120902372,0.945582742610362
2029,30,men,1.41161639022784,0.919597498314086,1.66558502680001,171.312636426111,91.2868637185538,0.932689022281471
2029,30,women,1.078206422764,0.914181520747114,1.55842318423717,190.800689460146,118.658067941496,0.940478777525786
2029,31,men,1.22535510041404,0.887587693043374,1.62884117637511,199.732636319805,96.226436728907,0.99943952167758
2029,31,women,1.06915686623936,0.89226410138714,1.55444228955832,222.993680971898,132.907845072506,0.966176798670714
2029,32,men,1.04657547197666,0.860151249305055,1.64503589490765,228.717309407589,102.562972514695,0.944153973639886
2029,32,women,0.889276628160395,0.86400960410464,1.58196008064636,252.641896619058,132.789492855875,0.892047568794969
2029,33,men,0.899422724247339,0.840230462390028,1.63594331114842,174.392152365459,107.564375285913,0.96956316276638
2029,33,women,0.828574461735973,0.850526535420951,1.59449650727805,253.370236298345,141.316605895522,0.973291400859462
2029,34,men,0.942918989522769,0.810025069073977,1.6033186717352,159.291797605728,118.197779725134,0.933031481467813
2029,34,women,0.855234996844849,0.825251677476426,1.52098986430423,314.043127016259,154.611294902404,0.952295893372584
2029,35,men,1.04358494582206,0.819004606130132,1.38515854356851,177.127612119203,124.879522608344,1.05507249657936
2029,35,women,0.912056494343109,0.835550654208652,1.22678949881756,240.588626669357,88.524938154946,0.950206710021281
2029,36,men,1.15783347920039,0.798663266785777,1.32123939578542,209.593711818112,139.16888912817,1.00493118965118
2029,36,women,0.999080593349371,0.851639130409372,1.29421707154778,205.118011655822,173.889361497601,0.948504762500291
2029,37,men,1.28703657423531,0.790217127431878,1.34844888111485,244.195259944364,73.9343630186108,1.02923831076183
2029,37,women,1.09997798714547,0.82641610656931,1.33760407625355,230.413212932641,95.3606492197691,0.906202560982696
2029,38,men,1.21759120221736,0.778924030974132,1.28052380347566,187.782839629364,79.001366720868,0.878401513005351
2029,38,women,0.948022150495278,0.851140343265734,1.20976693818195,263.602664521656,69.9986677063565,0.914321362830853
2029,39,men,1.01244113405475,0.777065007948293,1.21317973928003,207.954740127702,68.158623719454,0.932975764272663
2029,39,women,0.934544860691316,0.803272983639663,1.31936558954336,211.009487196735,73.6697481397157,0.917625570461376
2029,40,men,0.973680598502989,0.764901285025524,1.27250579889504,219.236505514482,59.8259041747872,0.892428137363162
2029,40,women,0.870052180631794,0.78452101562518,1.0258466978541,328.535272541426,78.9178167888016,0.916083172034416
2029,41,men,0.903836055743215,0.734603257796771,1.18345186367504,232.836228552722,63.2721949298608,0.943057247001655
2029,41,women,0.859569549651304,0.777522462105212,1.22558805624469,286.288146650144,77.4683412573964,0.902555854386282
2029,42,men,0.899772829707713,0.749837699588098,1.21096831756186,241.496288010504,52.5990774703104,0.888291602968172
2029,42,women,0.90002320003849,0.802707785882402,1.27130740073673,216.637879515738,83.4202718957036,0.922116488319361
2029,43,men,0.909016930732798,0.735901716578197,1.43745564714025,299.865660506649,56.5731254781859,0.951721987681263
2029,43,women,0.86308325878471,0.777467311402995,1.07093406445466,242.995800944205,64.5279834611595,0.976824543303935
2029,44,men,0.897801470987756,0.727510737723567,1.50064767018931,294.258094587727,45.6678005413254,0.968323299522651
2029,44,women,0.858072960380619,0.763750908975974,1.1945373284782,255.699035111048,66.2119034258436,0.985872235976513
2029,45,men,0.82987024298564,0.718651396432348,1.39526931020903,354.824659193177,52.1903761745225,1.00506638547849
2029,45,women,0.787304815230946,0.750088213093974,1.31826720237719,322.19592452128,57.8551702961993,0.890606977484327
2029,46,men,0.843492786626024,0.709867988970781,1.21449513894665,384.069839512536,44.8421164092872,0.863391430462275
2029,46,women,0.781249180780381,0.713233825221193,1.42451455250677,346.613618980361,49.0457409151815,0.931470754431077
2029,47,men,0.789102741291142,0.712991435419394,1.31699687422217,318.871929309775,40.6689077257051,0.926551204902588
2029,47,women,0.812102428626806,0.720029335489007,1.40286580231504,240.826780744662,50.5772232631675,0.938961088165181
2029,48,men,0.832665445330637,0.70809512524024,1.44403528854767,271.421880334372,41.9357280781045,0.918012971020111
2029,48,women,0.752341474229416,0.727256252457375,1.58954248493613,219.530315040511,44.3971410976248,0.908840238755323
2029,49,men,0.774484290419014,0.70539535146877,1.42579526598997,200.36048960974,37.3000023281462,0.878570654714217
2029,49,women,0.79459349650119,0.701120769533119,1.23733201712636,222.686385460153,43.7116900926296,0.911941530104217
2029,50,men,0.789840442921724,0.675163744123283,1.62558191769123,174.913898385613,31.0875893113861,0.947656157189909
2029,50,women,0.747824742909094,0.672997543181703,1.29011350133911,203.733636653583,39.7342945070082,0.931124936810403
2029,51,men,0.781987011100074,0.664339719709304,1.42535985501517,163.589458825007,29.3824862458235,0.896934249872279
2029,51,women,0.780425902440846,0.688894740025218,1.36523528737039,193.007909133252,39.6192032753886,0.901695681117983
2029,52,men,0.781727383968916,0.675284869009723,1.48408750390279,158.090686390342,30.1309038719313,0.922613915368042
2029,52,women,0.713226083236449,0.681206914691758,1.06531712467811,173.477796314961,36.1508863739308,0.868392959658178
2029,53,men,0.79553479530281,0.670431080526419,1.81398885736561,154.748167213886,27.1661719733016,0.891393231794248
2029,53,women,0.719787484155407,0.689090539554891,1.41660446201804,153.35142441656,36.3494304318704,0.956202281939763
2029,54,men,0.751250507203795,0.664916888348554,1.67407901851781,158.832383162079,25.5407192277381,0.878041394305111
2029,54,women,0.702582415503203,0.65991327223191,1.18366956551593,139.124257456062,30.8606254631145,0.903250734697414
2029,55,men,0.742820201276451,0.649304108203111,1.42251139622217,139.965738009152,24.4815431549249,0.886373982968835
2029,55,women,0.677057059119403,0.668342533520786,1.17477159191388,110.55310337035,29.6901562728332,0.920244545635409
2029,56,men,0.728795206037143,0.662281186198786,1.42090314758972,118.977153676379,23.7860094507107,0.898506602135784
2029,56,women,0.65550517340057,0.656986407083582,1.33062710878771,113.013045485612,27.1667905428444,0.912555784089791
2029,57,men,0.722552356575942,0.660069629477662,1.66348863591308,113.040028749011,23.3117859961284,0.867748629810539
2029,57,women,0.631009846125212,0.647996230835534,1.18208048079311,98.0900849393644,27.0678207050918,0.923722234890021
2029,58,men,0.747796984185532,0.65034333926423,1.5865991707747,107.954908607653,20.6482432000691,0.887817970041891
2029,58,women,0.629325936258909,0.647325019883699,1.36180185839264,82.5377887949541,25.1501247748598,0.89641640295327
2029,59,men,0.73262010044416,0.650266733441805,1.52572572981777,98.8776312017572,19.3762126067789,0.876359601086431
2029,59,women,0.646096777709503,0.615329509741736,1.66743419435274,75.1997273585795,23.0015145582805,0.854818344518505
2029,60,men,0.823420220241551,0.79708989665619,1.31209215910888,90.1774603948546,20.1404097234215,0.923474733675598
2029,60,women,0.726537683478325,0.785779532647637,1.32042766095448,78.7631508924841,23.8664411643034,0.911304924334513
2029,61,men,0.800309550344497,0.791970472427288,1.60255380401752,80.2589864585545,19.4781686950637,0.894548830359339
2029,61,women,0.734441992261851,0.762904005602112,1.26990307706836,67.589444044349,23.2720854498561,0.840956631584911
2029,62,men,0.801768006444276,0.795246968385571,1.39941945278661,70.6251140563405,18.1036472590131,0.917924825494284
2029,62,women,0.732393976082522,0.767496917899017,1.3461277142229,61.7973473913113,22.4699478996566,0.868399496378524
2029,63,men,0.80082072120658,0.79480486837178,1.48274834231263,67.2610729167048,16.0686765931345,0.895120275224268
2029,63,women,0.742160611790499,0.755836227104815,1.18152392425617,52.0582344203015,22.4704109106142,0.898636299205698
2029,64,men,0.79880533518235,0.790307074240061,1.29214549378231,58.8089515437667,15.5411009178418,0.892183106458735
2029,64,women,0.724903137883813,0.758182531503301,1.13406831031849,51.1151969122462,20.2831399073757,0.883339755194234
2029,65,men,0.784622981036792,0.790424727694602,1.30237846106389,48.9996996476813,14.618857662974,0.912603826006984
2029,65,women,0.732528821890805,0.750438591461029,1.51672269089989,48.0399928076081,18.893800252124,0.908429748323379
2029,66,men,0.782841405136377,0.794287587998435,1.38822025709736,43.6794332279611,13.9604679277192,0.872888321697133
2029,66,women,0.6935072391808,0.746439474518414,1.13780915123871,37.0998390013659,18.0017204869423,0.87844705396784
2029,67,men,0.7735191590963,0.805194647652465,1.31613837215786,36.8094452766986,13.3713891752181,0.873459899417587
2029,67,women,0.715284674970506,0.747694090063511,1.10711569096966,35.5219853292888,17.2308056036215,0.861444004823482
2029,68,men,0.791755144275837,0.811443096610969,1.23836615805436,34.0169767889854,12.4125498812933,0.88536827887036
2029,68,women,0.719279345640166,0.757277037519885,1.22945020878017,34.266180820779,16.4883803340324,0.866044356533159
2029,69,men,0.787623687841439,0.818335082487132,1.12520770158947,31.2904932946588,10.7686853347474,0.908209469209238
2029,69,women,0.716267805060464,0.756415312811454,1.23307281568926,29.0741307555727,15.4454825236288,0.884372821529076
2029,70,men,0.817152838974002,0.866161359577847,1.10107842624127,27.1618683285875,11.0600042101603,0.879283565843264
2029,70,women,0.752476596933461,0.800731900121237,1.25491051635755,26.6634750650324,14.2518171767609,0.870730869294869
2029,71,men,0.829290779547929,0.872302238768677,1.19743869793666,23.4418405334718,9.99399569317222,0.894917693611803
2029,71,women,0.772659355395255,0.795628666973881,1.07568249202123,24.2791838387291,13.9819090183918,0.852097305694981
2029,72,men,0.827061121451871,0.884581415296695,1.22457808862536,21.6032143136263,9.7671250339177,0.898346915512509
2029,72,women,0.757843520445749,0.809444470871553,1.08241146492632,23.1718158330997,12.5389966711864,0.865833680872963
2029,73,men,0.785439088371458,0.891644243797736,1.3065739611517,17.9046056141371,9.16745368113173,0.884502703388784
2029,73,women,0.770741516645369,0.799727818171197,1.10434906452526,20.7617936554217,12.1290023909053,0.860462129916212
2029,74,men,0.789314057672686,0.901422556145043,1.20783782532111,17.6968105213729,8.09759406427553,0.875342561279792
2029,74,women,0.749308430739865,0.803950003525513,1.05035924580354,18.3133879186066,11.2411328424818,0.842403693246817
2029,75,men,0.769143025248857,0.909625962918425,1.30637143042416,14.993891702252,8.10367124085164,0.86392891574162
2029,75,women,0.735801546854136,0.812102984873902,1.12115441999616,15.9250826937883,10.448471092278,0.907346559724186
2029,76,men,0.769024887341482,0.91565378463866,1.24118600918134,14.1480796038305,7.06693114234322,0.895193640175929
2029,76,women,0.733005100135576,0.826679564632475,1.306561440473,15.2161464414482,10.3459812904197,0.83296190352172
2029,77,men,0.74439378981806,0.923047622050477,1.19592691942453,12.4135511599327,6.85309869397876,0.872613968417191
2029,77,women,0.711836948616897,0.829467450003137,1.09873303020942,12.5612743355814,8.07933814083959,0.912146693003372
2029,78,men,0.753880287927641,0.940886066233604,1.14661385276657,11.13696808919,5.96072717827776,0.886433889422662
2029,78,women,0.715275098146066,0.837290244180143,1.05801250769987,12.258935454965,7.63927616957971,0.889932746294257
2029,79,men,0.754256280761322,0.944822112725199,1.20409294820941,10.1091335195061,5.767325842958,0.894105851673323
2029,79,women,0.716140058108232,0.838025154793345,1.06899556510418,11.3037942220615,7.34236831150054,0.87265666590356
2029,80,men,0.762110358584411,0.951490670022031,1.11348584381642,9.68700879548986,5.77534482031646,0.89680001918794
2029,80,women,0.713651251358547,0.847321965082955,1.04004403624703,10.0432001196338,6.74998257232554,0.925652772553354
2029,81,men,0.781857327116804,0.965519603182531,1.12101856547307,8.51735487633119,5.59535343918493,0.909391974136826
2029,81,women,0.727392533401664,0.855388869153838,1.0328556092801,9.7393676903028,6.42465991146827,0.89862835181098
2029,82,men,0.784630434721413,0.99444328924814,0.996233422236386,7.36695845024431,4.91598637412583,0.931511567192576
2029,82,women,0.740900922652067,0.865989286362096,0.948847941572003,8.79335023718591,5.98095879203281,0.855217908289891
2029,83,men,0.806784750460255,1.00061028981417,1.07696472064634,7.18666517685318,4.81036368166501,0.914379429771749
2029,83,women,0.765817915402912,0.890748211703113,1.01586172403499,7.18720457553938,5.2167586154944,0.896467973584376
2029,84,men,0.843769012293679,1.03076840278926,1.09848601666555,6.59067826012621,4.28320859706099,0.972441624180423
2029,84,women,0.788508306516773,0.906109256263371,1.02794252103412,7.13183159632627,4.93621442737517,0.932658351944885
2029,85,men,0.872196438732484,1.06716600175642,1.14004607324782,6.19508456322161,4.04248013411253,0.922834153441411
2029,85,women,0.805437979866625,0.941541225108044,0.977423200675778,6.07163053239921,4.55448096951173,0.944103364216413
2029,86,men,0.904953921581131,1.08191207127737,1.10250225179366,5.4589347162684,3.91869559143871,0.970466907024017
2029,86,women,0.834511452465667,0.970188583958159,0.999430734932257,6.03150113995541,4.37610806408336,0.939823753566496
2029,87,men,0.952883082616978,1.1063369728738,1.01106785127641,4.96642900950182,3.97286963034528,0.944665071257308
2029,87,women,0.879981618434541,1.0014966216226,0.998909505812271,4.96789850153502,4.24944765230838,0.912421053551408
2029,88,men,1.02309779560669,1.15589696257535,1.31148908197793,4.5156596743892,3.48334924690031,0.926438485734584
2029,88,women,0.925356000741749,1.04802758245648,1.24907935667193,5.04077762038803,3.98025088310809,0.884833112830411
2029,89,men,1.07368626753895,1.17312242921511,1.03669247257394,3.90127896203247,3.30058762966949,0.928982533937973
2029,89,women,0.992598495998697,1.0835074779545,1.07322144935937,4.44560997742344,3.60145954142197,0.886887832179393
2030,30,men,1.42502449824276,0.914035442204384,1.71948072224833,178.273295121393,188.609701091881,0.961139722969145
2030,30,women,1.08017147947532,0.909533465215521,1.60460963217782,195.7858285298,122.414492552609,1.00121934836822
2030,31,men,1.24339539361095,0.882757168755017,1.68257037494886,200.86614233207,96.185469197519,1.02146856241528
2030,31,women,1.07142116672709,0.886567675093304,1.60111122699416,211.399335542705,125.799762152447,0.952591667510554
2030,32,men,1.0642295221245,0.854040088779744,1.69880653551725,121.185525666006,101.103244750964,0.913327957248293
2030,32,women,0.887210238599481,0.857461635854882,1.62763966578719,245.794187432522,137.086973380368,1.00354918704208
2030,33,men,0.908808770495954,0.832791516076741,1.68957394457037,262.327296926842,109.025651959469,0.954217868065417
2030,33,women,0.827759097299922,0.844503416414529,1.6399942508859,202.755844768182,141.169599977332,0.969939017775522
2030,34,men,0.944219667762385,0.803708122697813,1.65629431316583,150.336804904075,115.829768064686,0.93255742809106
2030,34,women,0.849940140681098,0.81769213020585,1.56497505391429,158.954978468643,79.6652893157805,1.01554633951429
2030,35,men,1.04456246866376,0.812997861262953,1.38886534066602,183.862244294122,120.490378602642,0.948607903865032
2030,35,women,0.90622146012779,0.829387053435885,1.22561967740646,195.806476158999,87.7013556427878,0.950738259022003
2030,36,men,1.15852895555341,0.790651169746037,1.3249600778802,196.550209593022,133.135053509164,0.876211012174729
2030,36,women,0.992216182064398,0.843151906238611,1.29353167389694,207.759595393596,92.1987782019637,0.901127008625226
2030,37,men,1.28784149179463,0.78255688185501,1.35332418213873,168.014667590201,77.365901788832,0.925694324583219
2030,37,women,1.09207695397962,0.819110115932208,1.33636984980917,238.057175585507,94.9255286832971,1.02893339476867
2030,38,men,1.21868053469604,0.770635247677363,1.28646641179604,189.562455622526,78.028746353549,1.04133005176904
2030,38,women,0.94345365770646,0.843882392070878,1.20930518239138,179.771038736344,97.4328653734882,0.886486261904245
2030,39,men,1.00918526113502,0.769043838937717,1.21806287557912,208.24144980225,57.0062852778899,0.912954513480893
2030,39,women,0.933082700100597,0.795905372724225,1.31762401226343,291.500680104278,71.8449028702232,0.954278907441502
2030,40,men,0.973310092004778,0.75567329083058,1.27783215469228,227.760242512386,59.1368009788977,0.890161115978984
2030,40,women,0.862546474410319,0.77649207883922,1.02574529093151,359.418408497049,74.3709207030186,0.961874388407599
2030,41,men,0.901837428279107,0.72610698539173,1.18924378102034,229.365005474172,61.2421926135843,0.890014300861638
2030,41,women,0.853899797394961,0.768772989743069,1.22715700477417,256.455008485635,81.8583778078785,0.906334760075491
2030,42,men,0.897650457812673,0.739997399030294,1.21761413238899,247.313380951706,50.5233897952681,0.918551297382511
2030,42,women,0.894279940642898,0.793758147675807,1.27394885180979,325.556899647504,79.6855086598731,0.974860910054897
2030,43,men,0.907575513767029,0.72615090889336,1.44609382446358,239.681847860915,51.9362513895244,0.965081497870445
2030,43,women,0.854113568951092,0.769206577892363,1.07325904642911,246.491809643462,63.6664214667404,0.88681675190677
2030,44,men,0.894687924670172,0.718096575022438,1.51114316440175,291.149072555804,44.6827188029395,0.908465399980165
2030,44,women,0.849298650976858,0.755388343338762,1.19959179543016,288.813159523023,59.7247089450764,0.876300896321162
2030,45,men,0.826141402542068,0.709319737233858,1.40822665804597,337.778189266575,47.3896425315848,0.934101494157912
2030,45,women,0.780079042237206,0.740988232403681,1.32347570599093,285.635389657579,55.1910196903423,0.903804262209868
2030,46,men,0.838943547093437,0.700254180323197,1.22748889739932,367.91736211483,41.8076370846045,0.881062002455542
2030,46,women,0.773907667142483,0.704341973893117,1.43150002908261,365.536666411443,48.2127396049267,0.933619607985265
2030,47,men,0.784587797913682,0.702705237260958,1.33119506885005,409.328791236676,40.0809123414547,0.911635982233052
2030,47,women,0.803824111804032,0.711042665017442,1.41065189452254,323.452826581244,51.0218899872206,0.955148288665997
2030,48,men,0.827710782087488,0.698304871466832,1.46062024905141,354.325468469772,36.4709140381515,0.93864299904904
2030,48,women,0.744072833137708,0.718186047852844,1.59967244611649,231.735025513831,44.6112820775933,0.903178592539413
2030,49,men,0.768927410694682,0.694834202373224,1.44273217506423,279.18404742593,36.7131914165416,0.894985593002902
2030,49,women,0.783804927539218,0.691794173870779,1.24551593671725,288.852537939449,40.130688276302,0.872026355088694
2030,50,men,0.78434239245436,0.665426786974041,1.64500317195736,233.392519470849,33.9648873218874,0.874793823534863
2030,50,women,0.738186769210374,0.663436513273764,1.29916616845976,251.90282925988,39.509434743627,0.936418644367743
2030,51,men,0.774729860287897,0.654736867242121,1.44356889728836,197.205105094146,31.0597869791512,0.87134909503476
2030,51,women,0.768686183893752,0.67931836255145,1.37385999343374,226.540285805589,36.3911632450462,0.924513927749422
2030,52,men,0.774088256429231,0.66446268957661,1.50190327082847,181.344334828859,29.0022442395153,0.90069707313712
2030,52,women,0.703596047429132,0.67143164677582,1.07193842985121,204.712155944491,35.8457116718579,0.873269695446861
2030,53,men,0.788145410246938,0.65970301359881,1.8365928633564,184.736719595858,28.1182246078988,0.856285630104081
2030,53,women,0.708374609327239,0.678572255132619,1.42535031493309,161.229183126667,33.7334606389632,0.887411278598767
2030,54,men,0.744378231864877,0.655056421327906,1.69390989173217,166.28355686222,25.7870238884042,0.861783436528347
2030,54,women,0.692188446191411,0.6496737067762,1.19144850878939,153.128719313589,30.8414109538023,0.823073350738238
2030,55,men,0.733403618739116,0.639139547817642,1.4432150616602,179.623147897629,23.2750926081884,0.868759413237677
2030,55,women,0.66444624550311,0.65790934435907,1.18263946812531,133.501761685496,29.2469723857505,0.887338526737412
2030,56,men,0.720219477373901,0.652179324392073,1.44180263569219,162.015265898699,24.6529434123211,0.888406150536115
2030,56,women,0.643386851150079,0.646730951870856,1.33833827362976,113.267695277318,27.1500002876016,0.896523591023324
2030,57,men,0.714194776255489,0.650051489903503,1.68704211856846,132.379929905341,22.2460121478481,0.872225678899297
2030,57,women,0.619735635677723,0.637941704041209,1.18916173436314,102.384190618965,26.6976722945184,0.915524900649962
2030,58,men,0.738208575732853,0.640067471483216,1.60865633702393,126.774874089047,20.4288751440281,0.89909711606832
2030,58,women,0.617564286937502,0.636976926541198,1.36931344236256,101.539035105956,25.0586256082754,0.897693193857324
2030,59,men,0.72310323470015,0.64019948127007,1.54649910904522,116.929425819404,19.6257615369586,0.85568104786948
2030,59,women,0.633620384331539,0.605480336486428,1.67568053576139,90.9375833880362,22.0917033516775,0.896385756991121
2030,60,men,0.815676651527711,0.78861904133035,1.32855522290175,117.341949233272,19.3151744801223,0.851727357772703
2030,60,women,0.716231358609858,0.776751347663363,1.32738533678599,87.2004435668112,24.8452015509376,0.87184570611853
2030,61,men,0.792963002649919,0.783876964358083,1.62064710808903,102.719719675009,18.5816193234003,0.857583628256971
2030,61,women,0.723564754629437,0.754790360296942,1.276552173952,84.4797434248742,22.0897080098857,0.884165822481361
2030,62,men,0.794227549130038,0.787132577196804,1.41463654084884,79.9312358449244,16.6220474315048,0.915607355709516
2030,62,women,0.721806461226531,0.75872052728965,1.35042211652859,71.4998602171561,23.5830580012531,0.861116104050067
2030,63,men,0.792515737452952,0.787104321136599,1.49650861556072,72.3009423647978,15.2340507143961,0.901923626275091
2030,63,women,0.731132178386245,0.746728207432951,1.18486722234289,57.9408069897578,19.5602355534809,0.881948717264315
2030,64,men,0.791017722785057,0.782439172456559,1.304231383695,70.3033118113809,15.4388698618315,0.892643086137783
2030,64,women,0.713706589965708,0.748944216806677,1.13476740212383,58.1750703158725,20.3795475940012,0.887123676437052
2030,65,men,0.775419205520545,0.782879615091741,1.31552022015992,59.3857420137062,14.1442577248463,0.900805373502339
2030,65,women,0.720055550546026,0.74130589569933,1.52063976643634,48.9434857807924,18.0460839635145,0.829032806819563
2030,66,men,0.773969411414275,0.786343434888807,1.39710781785974,52.4210604691453,13.5133498572052,0.871506892187131
2030,66,women,0.681981588511334,0.737398181813589,1.13859622451363,39.0500184345701,18.1195244156188,0.810108330224988
2030,67,men,0.764728011004168,0.797013287743801,1.32377404496893,45.0479092042623,12.3933972581901,0.888451212258082
2030,67,women,0.704908462447541,0.739353185892517,1.1070489580971,37.8933122320506,17.3254686456057,0.876676220335933
2030,68,men,0.782509607975575,0.803591464303675,1.24381420572817,38.7171593471487,12.2755808718557,0.862629981712318
2030,68,women,0.707855814621825,0.748629271042711,1.22568565054904,34.9705478484209,16.478491257638,0.877804773226735
2030,69,men,0.778008706453635,0.811244359788712,1.12703498659532,34.6268784847886,10.6505761911771,0.918810844780022
2030,69,women,0.705369541163265,0.748214916918367,1.22943247893403,32.9698939735481,15.2778921712511,0.887765242701887
2030,70,men,0.808830598593657,0.860296436730445,1.10204331374693,30.7950062983326,10.5110290570012,0.8744776567023
2030,70,women,0.742322117882604,0.79328208101672,1.24885897832651,29.8284350508257,14.9533074828614,0.866426073268066
2030,71,men,0.820026334404996,0.866751059044703,1.19997489848371,27.3340617027829,10.283777392296,0.887505133460413
2030,71,women,0.761632850776254,0.788370657544155,1.07052555279262,27.0825698358011,14.2691385276288,0.878734136717257
2030,72,men,0.817086125727998,0.879551740103332,1.22478338605816,23.883645929029,9.5642652826972,0.872024388771074
2030,72,women,0.747372533517196,0.802299238309093,1.07543114618667,23.4776613997539,13.1367833351186,0.836633411000293
2030,73,men,0.775832630950283,0.887354223050707,1.30586064427932,19.647197945398,9.28839046032564,0.897396204897666
2030,73,women,0.759608045298516,0.792522034658328,1.09807739968259,21.4472381557915,12.6979677508156,0.868279099891565
2030,74,men,0.779015410909685,0.896611560541033,1.20786016060716,18.2133510232676,8.35813049028566,0.895747395751261
2030,74,women,0.73803122981353,0.797056445234117,1.04414890283724,19.4345856409243,11.2574816430069,0.874261176086474
2030,75,men,0.756726004118873,0.904636287861408,1.3011144512044,16.7083472483516,8.224525066412,0.887755285628147
2030,75,women,0.722824325832993,0.804482573210395,1.11874941912875,16.6099388080793,9.8842406123257,0.90247610953203
2030,76,men,0.755589087423906,0.91053099211776,1.23980793119638,14.7822290584085,7.39555002037062,0.88086875587206
2030,76,women,0.720351369187626,0.818353728607356,1.29636576160136,15.0005335924298,9.63427665890237,0.865429353386506
2030,77,men,0.731223950245673,0.918828329750334,1.20044246069712,12.2112781578692,6.87317942974903,0.910057122646866
2030,77,women,0.698907765181447,0.821288910839032,1.08888504299603,13.3737437860795,8.73203536473861,0.872532603983273
2030,78,men,0.739276332109712,0.935558351720807,1.13951036175372,11.6387730104338,6.24881624894117,0.921576733945908
2030,78,women,0.701584803021035,0.828797776565226,1.05210505633503,12.0094775762886,7.89401731893081,0.897832211949
2030,79,men,0.738425298095661,0.940216675813466,1.19131765849152,10.4800639644099,6.11360973181982,0.942822770686097
2030,79,women,0.701718677808468,0.830007530649906,1.05793715491768,11.9736092616101,7.49957230437303,0.907646409904375
2030,80,men,0.747297784122528,0.946732956978455,1.1050764293628,10.9574389239589,5.93491896317719,0.896164399842049
2030,80,women,0.699358027352178,0.839470458161302,1.02848871262114,10.2146542987247,6.34938449112342,0.857226202589574
2030,81,men,0.765393324471643,0.961504181401117,1.10649701039238,8.65776778491071,5.17110136068529,0.908032673435015
2030,81,women,0.712543034103647,0.847552450796852,1.01757179507973,10.2519269700606,6.08321870318644,0.900267934459713
2030,82,men,0.767914246849509,0.989522048399804,0.9829480351351,7.56148831382181,4.63268923751718,0.930528685999634
2030,82,women,0.725370733630069,0.858767901853997,0.934746846279737,8.50348371127185,5.9493325956626,0.898785931908364
2030,83,men,0.790681451582805,0.997767431279071,1.05567376201867,7.70672522479522,4.41996968427629,0.923871506649061
2030,83,women,0.751017205052138,0.883766398059519,0.996283980554504,8.22984876795571,5.26627077567741,0.921495059600507
2030,84,men,0.827786878400495,1.02860749296956,1.08330689456383,6.95010076269036,4.35804454577653,0.897910087165724
2030,84,women,0.773646408335709,0.900028602133069,1.01426241573502,6.9411841656535,5.19667886444989,0.878849741704086
2030,85,men,0.857188549641576,1.06543480781159,1.13369105295713,5.80248410445106,4.13981742587452,0.954277567196628
2030,85,women,0.791188553001813,0.936251118835307,0.970382050060095,7.09086474167776,4.69158609342423,0.888309018281209
2030,86,men,0.891105090061222,1.08218960193867,1.09303765491276,5.57030198706974,4.19505875730749,0.985121206539321
2030,86,women,0.822073045541474,0.966173547796192,0.99431547379838,6.08029152703982,4.06406821577452,0.907485351200252
2030,87,men,0.94019384878386,1.10836637572631,1.01483697135163,4.65259624522437,3.72888478608491,0.959081195597985
2030,87,women,0.867955553377768,0.999178226318857,0.990857573800104,5.28250185483358,3.81258049261989,0.936202009151864
2030,88,men,1.01044260513292,1.15688800828945,1.27838787216008,4.39903131560572,4.21581152435251,0.976378824116008
2030,88,women,0.913802539466504,1.04764679036494,1.23437329498517,4.80344448392501,3.56677431688977,0.945576359905566
2030,89,men,1.06216376132816,1.17874978354777,1.04829455739144,3.91015544160121,3.88527360015894,0.979072343909522
2030,89,women,0.981097387027802,1.08400634951205,1.06467452810808,4.38847819538824,3.33311819254803,0.947780236030293
2031,30,men,1.43855326431664,0.908509741848704,1.77509255672769,186.500028750589,188.174497392321,0.934332939674385
2031,30,women,1.08213914713276,0.904911313894994,1.65214112790189,209.61240081352,118.425314208017,0.987060329813272
2031,31,men,1.26169220359526,0.877955293249194,1.73804411326056,210.245217603505,98.2028421194595,0.957119612812735
2031,31,women,1.07368914394731,0.880910394747323,1.64915727772075,221.017489989186,126.637017205728,0.952539882446154
2031,32,men,1.08217245258055,0.847975324192934,1.75430696688755,232.123660522421,100.381279623412,0.99254360728756
2031,32,women,0.885149664786182,0.850966480138705,1.67461478587341,250.255160787916,128.426589582746,0.950435442034335
2031,33,men,0.918288071043148,0.825422045226716,1.74493501428006,144.655977024405,106.486816506248,0.949185527396427
2031,33,women,0.826944936194849,0.838525885810565,1.68676686586362,280.81902130298,95.0749453379773,0.933126183328283
2031,34,men,0.945521498283281,0.797443513469205,1.71099294341032,162.289672966119,109.778821357239,0.969609138657533
2031,34,women,0.844680649050237,0.810205502559323,1.61020963432407,339.482691729106,149.019201152752,0.936971992058533
2031,35,men,1.0455404250519,0.80703809684624,1.39258022456441,176.625693228499,124.559157561033,0.996111533396282
2031,35,women,0.900426602681146,0.823271921636216,1.22445154679517,180.797309113028,83.1591246100899,0.908032528120672
2031,36,men,1.15922450683508,0.782723335771936,1.32868939747758,208.485015870891,131.981340314795,1.03819118506852
2031,36,women,0.985402280152684,0.834753381171971,1.29284697650533,222.189994871897,90.9427397594341,0.99228307074579
2031,37,men,1.28864651596709,0.774974611404632,1.35821469569129,155.367272036631,139.226310080475,0.96334261632618
2031,37,women,1.08423652247938,0.811872264938923,1.33513736920586,238.571990410942,93.6221910687815,0.938605824384147
2031,38,men,1.21977030455415,0.762438685157739,1.29243365129405,271.606964327311,79.5435801871831,0.947190410047753
2031,38,women,0.938909414050805,0.836689860630549,1.20884383012805,268.55580205706,99.5177849811611,0.863900659955178
2031,39,men,1.00594145441487,0.761109356898735,1.22296324743144,220.249979998443,81.983569814728,0.901804998569411
2031,39,women,0.931623545571778,0.788608916115631,1.31588558989604,296.321940582019,68.964117231805,0.929083068138921
2031,40,men,0.972939908858758,0.746561088555701,1.28317816547836,245.29091443581,58.4278730521742,0.964466796383062
2031,40,women,0.855109166647009,0.768549205328481,1.02564394396762,230.84684765696,74.3733660386167,0.892369363026302
2031,41,men,0.899844201364619,0.717713091083196,1.19506117109936,213.740160354212,61.6257715733539,0.92426541021359
2031,41,women,0.848270207744028,0.760126211813219,1.22872718763381,282.287362908974,59.2081178605402,0.94835913029284
2031,42,men,0.895534133689817,0.730290986246631,1.2242931195953,215.993567870795,62.7412160985007,0.960082136984176
2031,42,women,0.888576131798443,0.78491262584874,1.27659448619889,226.004826820898,64.1203922137641,0.874651499150341
2031,43,men,0.906137090633609,0.716534007891203,1.45477961903279,241.635532812464,52.3082401033704,0.90325253681666
2031,43,women,0.845241446413317,0.761037619847091,1.07558792714561,378.984061450216,70.1273557491206,0.918240810652251
2031,44,men,0.891586701449898,0.708808780492356,1.52170684062834,252.71244075153,55.3333895737853,0.962704808017081
2031,44,women,0.840618319272749,0.747121393256355,1.20466514435386,279.495629585408,66.4235768377752,0.985119435223445
2031,45,men,0.822431140879599,0.70011375575609,1.42129786554077,284.116106443772,40.386534591591,0.961212663247172
2031,45,women,0.772923096108001,0.732003051916218,1.32870220817364,328.772105784901,55.6327295525702,0.959048521265403
2031,46,men,0.834421065488,0.690775211209029,1.24061517252104,310.574773352679,40.7424658350007,0.927269200206957
2031,46,women,0.766638707558711,0.695565274334975,1.43851629515153,276.739156944416,46.6418265783992,0.907758058496043
2031,47,men,0.780100891817695,0.692572392807837,1.34553922466539,376.98230097086,36.6153790801716,0.885143619578134
2031,47,women,0.795634196337157,0.702172500211561,1.41847733405301,434.885249362672,47.897517158575,0.862918912246769
2031,48,men,0.822788019271486,0.688654701473163,1.47738738132891,485.228922081177,39.2463420150535,0.929774762472553
2031,48,women,0.735899074159745,0.709233348811622,1.60986192765884,339.31364407702,46.9165866243744,0.958389705575713
2031,49,men,0.763413108562575,0.684436259206325,1.45986178609558,390.724129260392,36.9222914228431,0.880609871368084
2031,49,women,0.773168045435008,0.682596146289858,1.25374991557784,270.21691859447,38.9031305642973,0.901203618807468
2031,50,men,0.778885293223645,0.655834944517425,1.66464672045162,343.290848760587,33.0819743797839,0.890312159665294
2031,50,women,0.728677664943625,0.654015922119413,1.30827785239402,276.306364132027,38.3441824991601,0.894555136190449
2031,51,men,0.767543583153407,0.64527744854224,1.46200142090626,277.893486917722,27.9901054822873,0.925353183918922
2031,51,women,0.75712871418769,0.669879725264441,1.38253489713946,280.614479025183,38.037737720676,0.892059844846158
2031,52,men,0.766527486472054,0.653819149583789,1.51992397512415,216.235041260472,28.1324682910086,0.894729588994767
2031,52,women,0.694100684080501,0.661801364158432,1.07859759730668,221.719652035831,32.9402762731553,0.894652060942766
2031,53,men,0.780828250656193,0.649151771575558,1.85946719565169,229.166514050648,26.7829304897521,0.851270792555702
2031,53,women,0.697148183378691,0.668219583865402,1.43414581594265,199.528535289493,33.2995960463412,0.891457656975178
2031,54,men,0.737572160782426,0.645346929848229,1.71396573784658,221.022190630751,27.1536266062315,0.888594520346778
2031,54,women,0.681953250465578,0.639597949798637,1.19927470554037,163.818410486026,30.9118238299611,0.904849036347957
2031,55,men,0.724110957975584,0.629138997820972,1.46420963494976,203.926861678321,25.9124631552141,0.871049779606388
2031,55,women,0.652076357871865,0.647644041293657,1.19055612456424,157.898753043791,30.3471814538849,0.871600260942563
2031,56,men,0.711748808374852,0.642236409247823,1.46299900531895,205.455856372779,22.5855577145298,0.874393206796287
2031,56,women,0.631498363645242,0.636640515586845,1.34609029500239,146.409361982303,29.6661039350263,0.895963858577239
2031,57,men,0.705937910755561,0.640190221525891,1.71091725012649,190.902858507333,22.362274295066,0.896303669358608
2031,57,women,0.608668265030409,0.628048023573411,1.19628188936826,119.531267273431,26.880426003853,0.890595657462908
2031,58,men,0.72874774348946,0.629958910667798,1.63100905556551,148.96310367133,20.5267298126021,0.917092926883803
2031,58,women,0.606028085193376,0.626799231687863,1.37686272957771,112.170202650244,25.3569995508026,0.918200148661417
2031,59,men,0.713714590648812,0.630292930844891,1.56754488610926,140.056583066134,19.116005754352,0.864730270452114
2031,59,women,0.621390882529749,0.595793547034297,1.68396356828444,103.433036835216,22.6989923354806,0.873805628658403
2031,60,men,0.808009664461456,0.780242313181424,1.34521659092853,138.301395969544,17.7163754289688,0.835343172325074
2031,60,women,0.706076202574207,0.767831261545068,1.334376220723,103.712644178204,23.0255791468418,0.867268489017079
2031,61,men,0.785687461953309,0.775870092560933,1.63893562886483,123.311903644937,18.4285121955059,0.875053765557258
2031,61,women,0.712853849466,0.746766937625376,1.28323278454681,89.5472709097617,22.8259056042255,0.918624636613335
2031,62,men,0.786761669536963,0.779104917341617,1.43001148059356,106.954751294846,16.4712206074635,0.878598995245722
2031,62,women,0.711377101440789,0.750048743774565,1.35472809371642,85.843789252563,21.9825799615182,0.847341821513713
2031,63,men,0.78430090793454,0.779482118882822,1.51038971626096,94.5402490830897,15.6163772079947,0.868026999322271
2031,63,women,0.72027293715762,0.737734346481913,1.18821832725866,67.8353030223492,21.3654759194121,0.872499359180509
2031,64,men,0.783309811760513,0.77465341669928,1.31642428133113,79.7749023645064,15.3568751274955,0.865873239299507
2031,64,women,0.702688366090294,0.739822936131052,1.13546658026773,54.7754043901375,19.921077430663,0.91563481122153
2031,65,men,0.766327845256047,0.775410188248459,1.32878801693424,75.3977041260686,14.6676946312434,0.924123195909832
2031,65,women,0.707800656835876,0.732288759006213,1.52456502158479,55.4764546974138,20.1702188717693,0.865324851517406
2031,66,men,0.765202259873659,0.778482589941753,1.40604785878743,58.4837156567716,13.5040174973603,0.892607550098023
2031,66,women,0.670653022155719,0.728470774379103,1.13938345421457,50.4002400299816,17.4594121800258,0.875947975131505
2031,67,men,0.756041031417698,0.788919024341666,1.33145022344209,52.8522931062377,12.7836752504198,0.869584705081229
2031,67,women,0.694687770872784,0.731109367961871,1.10698226210917,41.7853668339126,16.8505121036455,0.883288675531801
2031,68,men,0.773376508067084,0.795819616297154,1.24928352062623,44.6990213907451,12.4347858696031,0.876768311068969
2031,68,women,0.696619203553374,0.740084444386437,1.22193446483654,38.0674227374093,15.5696842959465,0.917732716348193
2031,69,men,0.768515749565738,0.804218523710031,1.12886433691579,37.4316830797364,12.1197664793879,0.868158867461325
2031,69,women,0.694642343362731,0.740107395678028,1.22580467425073,33.4354475267392,15.8932663370996,0.88499489951643
2031,70,men,0.800597151689222,0.854474085377941,1.10300857097278,34.0016928063422,10.7724575230426,0.881664801819167
2031,70,women,0.732309570992643,0.785905191126697,1.2428395813336,30.1125036860515,14.6957831487486,0.796975515365956
2031,71,men,0.810869873657824,0.861237913905115,1.20251521773552,30.7278863555885,9.88986808918697,0.878260124822655
2031,71,women,0.750769018316052,0.781182383963291,1.06539585799084,27.3413251439481,13.5279303032268,0.906952108138292
2031,72,men,0.807236260114822,0.874553119297948,1.2249886167763,26.0128930818191,9.69969934728967,0.898319734921262
2031,72,women,0.737051272643574,0.795220551521623,1.06849924707025,24.349156543193,13.016834986225,0.89463884445212
2031,73,men,0.766348311609889,0.883086940695642,1.30514806785186,21.7249224921397,8.35141926369286,0.889604579524459
2031,73,women,0.748640763249931,0.785384678294113,1.09184441445761,20.7385091219036,12.1106764048445,0.881719429940434
2031,74,men,0.768856109689657,0.891828592194893,1.20788248530606,20.731443558665,8.60588422747736,0.916303037713199
2031,74,women,0.726929181366514,0.79022534795098,1.03797831052253,21.3519805764572,10.7479409454754,0.87461683478077
2031,75,men,0.744515410716496,0.899676420409513,1.29588120003104,16.5930157223609,7.96843390323671,0.88829542140942
2031,75,women,0.71008220486293,0.796937368353878,1.11635075788467,17.4155415797186,10.0074170728676,0.895321957722279
2031,76,men,0.742394471553828,0.905439361775484,1.23843206083852,17.2838475154713,7.33178846607185,0.850623714150512
2031,76,women,0.707922148357302,0.810115784154103,1.28625460673985,15.0443920081588,9.52462761430765,0.882164239928238
2031,77,men,0.718293426500909,0.914630387752083,1.20497281514044,13.9210593729855,6.76269377266997,0.877516257231268
2031,77,women,0.686219610859039,0.813194980387394,1.07913010864313,14.1700252504096,8.77504979236131,0.874999174713043
2031,78,men,0.72496226423805,0.930263406681683,1.13245434415486,12.3239821200995,6.46890136129937,0.902545444128539
2031,78,women,0.688163088414645,0.820395565325189,1.04623347446559,13.6172602633817,7.82584993991579,0.887814007198159
2031,79,men,0.722934142097178,0.93563593919057,1.17868410496811,11.2078895433819,6.01224637960367,0.876373713205155
2031,79,women,0.687594599107932,0.822070505448874,1.04699850222695,12.2568879113181,7.46242825150858,0.885288581517229
2031,80,men,0.732780194010283,0.942001359370636,1.09673462031446,10.3489523021679,5.50369014166096,0.931021292349809
2031,80,women,0.685357901143978,0.831695518514985,1.0170673697513,10.5588264358638,6.59045630841335,0.883905483858686
2031,81,men,0.7492838669285,0.957507424264512,1.0921705791635,9.89868627748474,4.84214511848952,0.913881330471116
2031,81,women,0.698003773192052,0.839791630145541,1.00252150571487,10.0084487401104,5.97703662258139,0.882804755199622
2031,82,men,0.751562160371626,0.9846275671821,0.96984622930847,9.23762191606433,4.82309812274326,0.912705492393985
2031,82,women,0.710173485493304,0.851610247697114,0.920862101689107,8.84435001407408,5.80470911750419,0.887688510119585
2031,83,men,0.774907266420843,0.994934043775545,1.03481388916838,7.41979437641772,4.64285819725683,0.895614131797515
2031,83,women,0.736509621977741,0.87684270700423,0.977092904783633,8.19018611436547,5.33663091347593,0.92460916831722
2031,84,men,0.812115116266724,1.0264521741768,1.06834484203301,7.08426531304194,4.37093018785072,0.902328863890395
2031,84,women,0.759071742276549,0.893991718191991,1.0007709717913,7.76129996919944,4.82613318306674,0.882753102737394
2031,85,men,0.842446102604409,1.06370727279136,1.12737456144675,7.18283806721728,4.06862486496537,0.947483908586792
2031,85,women,0.777198052469883,0.930993318740223,0.963395052697114,6.74196607111329,4.81730640655233,0.844888764039394
2031,86,men,0.877474856534529,1.08246706705823,1.0836589096087,5.70486305041927,3.83809143207225,0.913158706871007
2031,86,women,0.809826022582601,0.962177092593817,0.989228893361984,6.51941952993138,4.35697621437714,0.903404500989138
2031,87,men,0.927679718222996,1.11039849899186,1.0186182755424,5.29401020659991,3.70842840205304,0.981213627241527
2031,87,women,0.856099641443887,0.996866335763093,0.982874463814109,5.84359703256656,3.98816474133234,0.920535507365854
2031,88,men,0.99795007006523,1.15787941500132,1.24613780573056,4.25653075828821,3.52239642662146,0.973974632670683
2031,88,women,0.902398911755174,1.04726632406498,1.21984749045253,5.20466839052038,3.49238267640123,0.903473221557975
2031,89,men,1.05077049508818,1.18440134038005,1.0600206762332,3.51961713597582,3.29540306473364,0.976672944648413
2031,89,women,0.969735105903658,1.08450520490273,1.05619983191455,4.5806015753909,3.18447337298122,0.905585019209353
2032,30,men,1.45220371402626,0.903020141886535,1.83247428968673,187.203549895816,175.887982778103,1.06360614144798
2032,30,women,1.08410942791736,0.90031490977009,1.70105615069896,211.595296061009,113.832864100167,0.982574176255862
2032,31,men,1.28024904880312,0.873181882635802,1.79531813389773,213.023417357757,93.0378491786144,0.946387650688211
2032,31,women,1.07596080205552,0.875291972261609,1.69862036953521,238.22910129945,125.117557455611,1.04723944941369
2032,32,men,1.10040884467067,0.841956580722382,1.81159194296687,239.587391273315,103.448120059599,0.965374361851135
2032,32,women,0.883094887500958,0.844523685308208,1.72292151885103,253.946163249022,131.218831991161,0.978568442446069
2032,33,men,0.927861505808245,0.818121367249866,1.80208146068849,136.899206015701,106.833726778933,0.920979584191634
2032,33,women,0.826131976053695,0.832593576362943,1.73484942054947,286.494127123758,138.547165368729,1.04774689190986
2032,34,men,0.946824481538175,0.791230782315006,1.76746971123117,160.745922591013,111.676771330423,0.991531933409084
2032,34,women,0.839456268513063,0.802791055766866,1.65672845270844,330.290161034224,149.050088547603,0.890251759932751
2032,35,men,1.04651881496515,0.801124922571773,1.39630320891144,186.497990476157,121.766611231703,0.930820566351865
2032,35,women,0.894671625790708,0.817204854078451,1.22328510370908,207.227612729357,83.5872928485433,0.95541455556665
2032,36,men,1.15992013301658,0.774878837834857,1.3324273703616,204.463971710918,129.115635603347,0.906258108655624
2032,36,women,0.978638491363396,0.826442585234512,1.2921629783134,205.903778779738,163.697379747031,0.928113077845326
2032,37,men,1.28945164671431,0.767469484549057,1.36312046171558,168.1156675281,73.3621680673819,0.883516330736186
2032,37,women,1.07645619832859,0.804701885000542,1.33390663111633,254.394961488586,94.5512476880608,0.889578224521293
2032,38,men,1.22086051175183,0.754333272718601,1.2984256118588,179.770426065281,76.4241114571757,0.955003338836705
2032,38,women,0.934389278971642,0.829562127505814,1.20838288084092,260.275481099143,98.3400058930572,0.992094409226363
2032,39,men,1.00270966326921,0.753260582989707,1.22788090714041,218.884269374181,81.7875992183209,1.03954612065936
2032,39,women,0.930167389449123,0.781382892097858,1.31415031517679,208.395396192591,72.6328402826595,0.919577915216657
2032,40,men,0.972570048623712,0.737563169313373,1.28854389405165,255.511737234057,60.2978694906596,0.869487688560762
2032,40,women,0.847739600818354,0.760691430873662,1.0255426568975,281.951923816945,71.5289950570966,0.976233183466598
2032,41,men,0.897856357758486,0.709420291739777,1.20090413331591,223.107266506364,61.4716123924711,0.878612859255814
2032,41,women,0.842680476635156,0.751580873293311,1.23029860518614,280.142970198267,76.6976942525275,0.920078328025325
2032,42,men,0.893423837140792,0.720716574970233,1.23100542830443,208.634707311551,62.5272462391587,0.918277896159021
2032,42,women,0.882911483294116,0.776169958782842,1.27924430846447,338.694271093167,78.5332083365645,0.960580124640687
2032,43,men,0.904701653644835,0.707049110069462,1.46351326969468,284.646435726662,50.8565682899851,0.908825276502185
2032,43,women,0.836465782631333,0.752959373219723,1.07792071121755,279.676263943209,64.4275520259681,0.901661704182219
2032,44,men,0.888497746521841,0.699645596897413,1.53233910790263,298.088593560476,52.7618185768346,0.908489495819052
2032,44,women,0.83203091318507,0.73894891921071,1.20975743643764,364.382859360569,56.7371958932756,0.928021140373427
2032,45,men,0.818739356350966,0.691031698752188,1.43448387640748,294.114614212939,46.3855556827933,0.895294715949681
2032,45,women,0.765836268182239,0.72313116791962,1.33394676221364,316.959760771378,54.253248678705,0.894708363084647
2032,46,men,0.82992517136502,0.681429125422876,1.25387524953418,326.840848691367,44.1650731024667,0.893421457459274
2032,46,women,0.759441549803341,0.686902179702458,1.44556347116274,314.715156028905,55.6915466114056,0.900786008286133
2032,47,men,0.775641835218593,0.682590541933732,1.36003076921082,346.066634970437,41.5161538439022,0.891457061573773
2032,47,women,0.787531695387275,0.69341727440828,1.42634230022934,387.088818816844,46.8258516825571,0.9335167231361
2032,48,men,0.817896935937538,0.679142543373926,1.49433859520665,497.746660017737,36.4071795023378,0.897970361613935
2032,48,women,0.727819062614453,0.700396576300186,1.62011124972101,443.292956677328,47.855404083462,0.876538314286704
2032,49,men,0.757941037063849,0.674198921375873,1.47718619507289,666.103788790553,36.6650818035175,0.887352626208123
2032,49,women,0.76268064436132,0.673524852467944,1.26203423503582,372.316881200056,43.7024778323228,0.917625215400005
2032,50,men,0.773468820273435,0.646385984179086,1.68451499620291,508.942292462832,34.1150969839322,0.900062160803887
2032,50,women,0.719295644811847,0.644733639231642,1.3174489085462,298.087036906626,35.6758572627609,0.890121253529857
2032,51,men,0.760427453154936,0.635959252154254,1.4806600566111,434.268742567731,28.8533880015419,0.920018194731701
2032,51,women,0.745750576417451,0.660576780641034,1.39126026571675,288.136473800476,34.3206891733329,0.897111765448491
2032,52,men,0.759044232363707,0.643351214480546,1.53815187156453,333.64198859437,27.975276088303,0.885975327210688
2032,52,women,0.684738044924308,0.652313846635969,1.08529482474819,270.316092903272,32.8874431331744,0.966282699849638
2032,53,men,0.773582575541677,0.638774355028939,1.88261495165,270.272298161114,27.5897321766099,0.907005098178569
2032,53,women,0.686105070786999,0.65802983850659,1.44299122223351,249.635547752704,34.4462316960655,0.83732865978684
2032,54,men,0.730831624048959,0.635786029658915,1.73424899642494,277.969220694351,24.7679263782214,0.866736501163398
2032,54,women,0.671874326581758,0.629683302030587,1.20714841933331,223.968310010607,31.8344028116498,0.898641617487365
2032,55,men,0.714940528366701,0.619299733015005,1.48549905738474,254.598390551581,24.0144999310456,0.895434715431661
2032,55,women,0.639942678163511,0.637543842104334,1.19852183942277,162.525135098708,30.7049631144597,0.896702274103353
2032,56,men,0.703381861193275,0.632449863416711,1.48449632443409,249.539464770465,21.538512744981,0.870842567306083
2032,56,women,0.619835241907726,0.626712363641283,1.35388336910169,164.072423206925,26.3155491486203,0.869531410112107
2032,57,men,0.697780497695535,0.630483292512482,1.73511826143657,246.244489415325,19.2876033720064,0.89988387455135
2032,57,women,0.597803840391976,0.618312539006095,1.20344114020469,148.693339510812,26.7988168238068,0.880604963482523
2032,58,men,0.719412728456666,0.620014852430153,1.65366113816285,225.875619901582,20.9117538048173,0.883357711596115
2032,58,women,0.594712901815913,0.616789047595885,1.3844498905799,125.118479522323,25.064569385159,0.943274600513756
2032,59,men,0.704452378885862,0.620544439676004,1.58886649615168,174.465672930936,19.9063185573763,0.888202633932098
2032,59,women,0.609403268671384,0.586266386172581,1.69228343698837,118.097804420094,22.4076611514547,0.855318797726123
2032,60,men,0.800418464524162,0.771958620704153,1.36207855243623,177.563704670179,17.8669476366894,0.881505761859358
2032,60,women,0.696069925291744,0.759017927700954,1.34140045479565,119.530351372219,25.4432610469703,0.875514059829967
2032,61,men,0.778482207490846,0.76794888767139,1.65742137494708,152.451435998056,18.7958111954879,0.931700213968241
2032,61,women,0.702306653224667,0.738832690640203,1.28994504258665,103.871884108585,21.9657436538398,0.881948332158958
2032,62,men,0.779369593889451,0.77116301976422,1.4455458305333,134.947941465495,16.4551054462723,0.833885329615606
2032,62,women,0.701103458091293,0.741480269939355,1.35904567126246,85.2041653110285,21.9858923712246,0.856923223897443
2032,63,men,0.776175210319441,0.771937426545185,1.52439264510911,115.115359026942,16.7868506448797,0.880709431313348
2032,63,women,0.709580211056245,0.728853158246745,1.19157725337561,80.2460366282398,20.8058748152978,0.850567238187868
2032,64,men,0.775680747773187,0.766948909495845,1.3287250807423,98.1016708391102,14.9246361912841,0.898696035623468
2032,64,women,0.691845540432906,0.730817150318638,1.13616584471831,65.9300592893956,19.9829901757429,0.831138019768613
2032,65,men,0.757347472860709,0.768015651247629,1.34218299721562,88.0437442330571,14.7127326217513,0.878874370564357
2032,65,women,0.695760212771605,0.72338566335297,1.52849846938583,57.6665796099425,20.6416566978368,0.875161087989211
2032,66,men,0.756538660864295,0.770704139152611,1.41504066370181,78.9023722519968,14.5373171845089,0.885434590204288
2032,66,women,0.659518075486831,0.719655762684404,1.14017084029565,51.393483102926,18.4587202907989,0.873882494385501
2032,67,men,0.747456935637988,0.780910888040074,1.3391671023489,63.3504662111064,12.1588162880698,0.862497796546773
2032,67,women,0.684620194406002,0.722961459239768,1.10691560296743,45.6229057867574,16.8599470246974,0.873857404016464
2032,68,men,0.764354422840885,0.78812670317789,1.25477417523543,51.976106938405,12.064325723897,0.863761959967624
2032,68,women,0.685566364134164,0.731641282411538,1.21819659759147,44.3438986750372,15.9234156289459,0.849549916105775
2032,69,men,0.759143209614293,0.797256948968415,1.13069575386655,45.1067451879409,11.232195135171,0.888591228799512
2032,69,women,0.684083444244592,0.732091652272637,1.22218935235841,36.6643337825641,15.5420958909127,0.857507486745358
2032,70,men,0.792451507864594,0.848693975775191,1.10397419787838,37.5551047447669,11.4948792039054,0.843368857234925
2032,70,women,0.722436904013147,0.778600481136324,1.23685213897134,34.2792270631405,14.8816030364632,0.886151595546447
2032,71,men,0.801820086422215,0.855762524216431,1.20505966034786,33.7073645336087,10.3872037653798,0.872785309211881
2032,71,women,0.740065379811437,0.774063142358643,1.06029325037372,30.5982006670778,14.8451722069193,0.855065650249094
2032,72,men,0.797509894478662,0.869585345994693,1.22519378083429,30.5333042495656,9.18761540834034,0.870061579324258
2032,72,women,0.726877524727284,0.788207758439266,1.06161540811723,25.7646899268903,12.684958559356,0.840937357926421
2032,73,men,0.756984518473126,0.878842265105514,1.3044362307367,24.9243087164473,9.10294919931631,0.844895061705366
2032,73,women,0.737837109791664,0.778315066072,1.08564985143044,23.9777616812336,12.1105624494475,0.911702173741842
2032,74,men,0.75883420138041,0.88707347414981,1.20790479942798,22.1259811006215,8.16773568779512,0.873115111258945
2032,74,women,0.715999480770495,0.783456115393939,1.03184719504231,20.9163962374124,11.3683645105642,0.859095832510151
2032,75,men,0.732507714154156,0.894746167951356,1.29067155820047,19.1142926567238,7.65348548729845,0.91854600221256
2032,75,women,0.697570812162408,0.789466591596288,1.11395841644349,19.4965601266585,10.1457096808958,0.878756581523046
2032,76,men,0.72943659470491,0.900378688847423,1.23705839348689,16.6852798231848,7.1838727823314,0.865076589217528
2032,76,women,0.695713346638856,0.801964760855057,1.2762272340688,17.4395047056738,9.21369573034012,0.864954635237652
2032,77,men,0.705597755221101,0.910453677587216,1.20951802401942,15.1919777516232,7.02030297759621,0.902779150011194
2032,77,women,0.6737678769529,0.80518474233948,1.06946730273306,13.8588762216845,8.97368516366743,0.891434353785737
2032,78,men,0.710932191546904,0.925001013573128,1.12544545955943,13.8866374353509,6.52298515660777,0.895351652338767
2032,78,women,0.675004556862834,0.812082607499188,1.04039752679492,13.1639846084646,8.11171740107359,0.889367656901158
2032,79,men,0.707775356113204,0.931079758317795,1.16619064651057,11.9089779248977,5.88241586613837,0.9304513088183
2032,79,women,0.673761551157143,0.814213229864081,1.03617825210395,11.9471583368975,7.34174735622536,0.88213557617558
2032,80,men,0.718551572872612,0.937295721096364,1.08845984028831,11.9856593215243,5.36539460046416,0.887356642743005
2032,80,women,0.671644722556674,0.823996362316837,1.00577838934422,11.8895695471176,6.65472571190027,0.879491351368487
2032,81,men,0.733521150557202,0.953529235889076,1.07803655579532,10.0166656894207,5.08735751030144,0.948734155705109
2032,81,women,0.683768121123255,0.832105641226388,0.987701060752489,11.6794505153415,6.1097659059168,0.886664334010954
2032,82,men,0.735566071217806,0.979759687019207,0.95692537945576,8.40971555891098,4.64435718317183,0.89897671232902
2032,82,women,0.695301881870133,0.844515730492369,0.907190284286621,9.25572412018156,5.68053552251042,0.874546203362674
2032,83,men,0.759455311559512,0.992110091110757,1.01437616790786,8.20245992388508,4.29501204021367,0.939151156357449
2032,83,women,0.722289220750828,0.869976626413997,0.958280675122645,8.65858369268855,5.33326433150919,0.931021997026329
2032,84,men,0.796747550111792,1.02430242920288,1.0535966502687,6.89276387884802,4.29738648902992,0.956435327611516
2032,84,women,0.744778619734474,0.887998268051712,0.987465496412174,7.83696200262415,5.37158717239762,0.892624136374043
2032,85,men,0.827964275548952,1.06198338716668,1.12109634632895,6.36637357086304,4.05276774703498,0.944188141402218
2032,85,women,0.763461649293402,0.925767611770995,0.956461765739664,7.52284627279734,5.01677725428739,0.932451060771789
2032,86,men,0.864059665431629,1.08274446668379,1.07436519544122,5.90788774618387,3.87386355796443,0.977588242970646
2032,86,women,0.797767346788796,0.958199123276015,0.984170818810739,7.05650646998265,4.34352110362751,0.925209480566571
2032,87,men,0.915338190185157,1.11243334497502,1.02241179720711,5.31954056865554,3.63208125938757,0.952667305384721
2032,87,women,0.844411393182297,0.994560928515562,0.974959554161667,5.92611332896568,4.2777792160728,0.926664368298851
2032,88,men,0.985618021269227,1.15887118266461,1.2147165939226,5.19977093246605,3.33078438947258,0.96075435145029
2032,88,women,0.89114310211615,1.04688618311765,1.20549964647537,4.8020732824435,3.68932072995285,0.968453986209237
2032,89,men,1.03950495665784,1.19007719181018,1.07187209305377,4.57661211643239,3.09453967743563,0.963426824116516
2032,89,women,0.958509909739604,1.08500404413503,1.04779671533533,4.09429286384968,3.30476258481366,0.970722993805997
2033,30,men,1.46597688115439,0.897566388875398,1.89168133691799,192.288836201192,87.3493826325697,0.916999180666127
2033,30,women,1.08608232401086,0.895744096853673,1.75139426092011,208.494397818406,115.284814708381,0.975769128520963
2033,31,men,1.29906949416266,0.868436754294704,1.85444993180609,214.146296325144,96.5308930533948,0.924707286383695
2033,31,women,1.07823614520985,0.869712121808965,1.74954156738013,233.070260110562,117.444541141531,0.929087304866817
2033,32,men,1.11894335006654,0.835983486756182,1.87071792261746,249.105092525328,101.269798203282,0.896071031637624
2033,32,women,0.88104588759722,0.838132803797431,1.77259692885623,270.511319929081,128.964751945375,1.00650153432407
2033,33,men,0.937529962574038,0.810888806593508,1.86106994019382,281.771242067911,108.726721688317,0.934314805902929
2033,33,women,0.82532021451519,0.826706123962556,1.78427792994056,294.64718964594,141.392509496377,0.939349448563213
2033,34,men,0.948128617979736,0.78506947441181,1.82578150211208,160.850166116624,113.91766777349,0.943226626012284
2033,34,women,0.834266747570059,0.795448058901345,1.70456731030093,175.345811250699,76.7949161324476,0.971189851127259
2033,35,men,1.04749763838221,0.795257951563696,1.40003430737076,184.839709102325,121.412583989082,0.997788740133698
2033,35,women,0.888956235572062,0.811185449607764,1.22212034488198,202.130316670351,83.5431191915381,0.96085686921856
2033,36,men,1.1606158340691,0.767116759553769,1.33617401233771,228.033394631044,123.278758158362,0.952447082930789
2033,36,women,0.971924422747104,0.818218559528193,1.29147967826341,237.801042378678,90.7531904089294,1.00272989973165
2033,37,men,1.29025688399793,0.760040679026917,1.36804152023948,158.929955677386,72.383369879805,0.96072603391802
2033,37,women,1.06873549148347,0.797598314412628,1.33267763222128,236.834022455498,90.663080875309,0.980024037135481
2033,38,men,1.22195115624923,0.746317952612067,1.30444238366327,192.813107263135,77.3359537984344,0.926855801283129
2033,38,women,0.929893112795548,0.822498577462474,1.2079223339799,236.749384950444,98.4340076007268,0.914383426068484
2033,39,men,0.999489837310078,0.745496549895396,1.23281590714258,204.703608919463,54.3045763604378,0.957511205603365
2033,39,women,0.928714224100258,0.774226586625113,1.31241818086169,300.514277980746,70.9064529125602,0.972632927019438
2033,40,men,0.972200510859268,0.728678044606728,1.29392940338053,257.529962408259,86.8426332445483,0.981851392947084
2033,40,women,0.840437127020877,0.752917802524829,1.02544142965629,253.730886729016,74.8138905644197,0.962390967413511
2033,41,men,0.895873880282906,0.701227320931633,1.20677276741251,223.260773606999,59.7772491582046,0.907748579829801
2033,41,women,0.837130302454988,0.743135735105021,1.23187125779377,279.481821140865,64.6121108058048,0.918139932583812
2033,42,men,0.891319548044605,0.711272306417671,1.2377512082362,217.491966151754,63.4188034424384,0.89393448536684
2033,42,women,0.877285707195173,0.767528900757093,1.28189832316997,309.954468300672,78.5477410599175,0.925447369117955
2033,43,men,0.903269195136544,0.697694339901494,1.47229501637577,248.370280321481,50.5773294861106,0.890808573872102
2033,43,women,0.827785482196473,0.744970786814065,1.08025740326142,403.52372226656,60.5331916405179,0.899112624827626
2033,44,men,0.885421005351469,0.69060529228426,1.54304037750877,295.285673940109,52.3868166421298,0.903070138039138
2033,44,women,0.823535392917875,0.73086979581517,1.21486873303793,321.249187414385,53.9397218338949,0.879042948942004
2033,45,men,0.815065947914629,0.682071838278688,1.44778564171159,294.857508451059,44.3322613524117,0.957932263492468
2033,45,women,0.758817857334399,0.714371097124024,1.33920942153056,406.791242195712,51.5125967594951,0.904717412737367
2033,46,men,0.825455695448575,0.672213996081377,1.26727042548388,343.852124698362,40.2642799468647,0.877303863210917
2033,46,women,0.752315449814039,0.678351164676346,1.45264167797672,302.65737490143,54.8776115184342,0.937885881678743
2033,47,men,0.771210441681015,0.672757361969964,1.37467114327709,349.491529627803,40.3078008752978,0.888834711708934
2033,47,women,0.779515633609339,0.684775442767223,1.43424697310272,374.191168405101,48.5348223938074,0.917000626565839
2033,48,men,0.813037312778449,0.669766356924979,1.51147581957784,456.882410206924,36.6186577023516,0.927914337451692
2033,48,women,0.719831677938774,0.691674173265574,1.63042073402416,379.706104560718,41.5562371625501,0.922960724835773
2033,49,men,0.75251085223566,0.664119630978279,1.49470751973445,599.615024615259,31.8945261937189,0.920140171150982
2033,49,women,0.752340551630202,0.664578485137135,1.27036917786049,454.991603755784,40.050554951975,0.915519410098531
2033,50,men,0.768092651384249,0.637077708806322,1.70461045765277,964.15094224394,30.6470670063226,0.910244369761754
2033,50,women,0.710038949111292,0.635587567468321,1.32667969428429,380.81960035349,38.9162332418467,0.930265793940574
2033,51,men,0.753380751550905,0.626780101782377,1.49954746479551,817.870586948619,29.8431930727115,0.926699731277306
2033,51,women,0.734548901764559,0.651407512580284,1.40003636768512,332.52336970134,38.7526332793722,0.882327637785303
2033,52,men,0.751637661820255,0.63305590271991,1.55658923860362,672.896508261142,31.2710196297813,0.85383066600957
2033,52,women,0.675506210817599,0.642966909071314,1.09203031081373,328.091325110021,35.5965881732119,0.911136463847133
2033,53,men,0.766407651875767,0.62856781684859,1.90603926268878,486.091390572204,26.7951206108696,0.935559259887551
2033,53,women,0.6752421902644,0.648000376703604,1.45188679219715,297.810774592077,32.4776710559492,0.903647729288368
2033,54,men,0.724155958860381,0.626371375308132,1.75476213226489,333.643811028432,25.8669435091748,0.928061135852713
2033,54,women,0.661949213417547,0.619927109978482,1.21506991507228,272.372799016869,31.3376279205097,0.897329344290359
2033,55,men,0.705890663173133,0.609619074791722,1.50708732167727,346.436957235599,22.0774613931702,0.908643481237651
2033,55,women,0.628040582964494,0.627606012013615,1.20653689234164,224.790068704925,28.6487068906729,0.880236359678727
2033,56,men,0.695117315664698,0.622817152579487,1.50629871469873,344.743782385175,21.8501011911808,0.881741766288472
2033,56,women,0.608393105991224,0.616943808072516,1.3617176929687,192.034043934424,26.4600818435674,0.845098286253625
2033,57,men,0.689721291127441,0.620928213109784,1.75964943687491,329.703948548842,19.3790736414816,0.874320166145918
2033,57,women,0.587138543135141,0.608732644859394,1.21063968214384,164.17201478128,25.9861908450519,0.859952194438368
2033,58,men,0.710201796736574,0.610232540735276,1.67661644382698,340.048103206715,18.7579517688768,0.87556226145563
2033,58,women,0.583614396728383,0.60694353686098,1.39207509659791,138.556185025453,25.6184947568299,0.891008920700362
2033,59,men,0.695314835841484,0.610951409993527,1.61046741591117,295.16130466019,18.984024531154,0.888266437346338
2033,59,women,0.597652642918413,0.576896146758803,1.7006402874416,130.273930450578,24.5026317087266,0.907255270123659
2033,60,men,0.792902265825192,0.763766885578376,1.3791434219531,224.141110065705,18.6743034932234,0.878982108811059
2033,60,women,0.686210272477293,0.75031001696428,1.34845818157142,130.686369190856,25.1392065724823,0.886735550234879
2033,61,men,0.771346526164302,0.760112391640304,1.67610637460108,197.378687009882,16.8804885248766,0.883256184478879
2033,61,women,0.691920585000568,0.730986585049411,1.29668908230685,126.050713153629,23.0184271853744,0.851854724123235
2033,62,men,0.77205055681509,0.763305926705144,1.46124116378986,181.878123632891,17.607023385743,0.874206374072825
2033,62,women,0.690983131318712,0.733013825087905,1.36337487468634,106.496816622343,21.4224718144307,0.917518359751463
2033,63,men,0.768137634363482,0.764469418363738,1.53851841059052,155.711700365009,15.6820673539549,0.867562434761221
2033,63,women,0.699051366678058,0.720083176783089,1.19494401508537,85.5144631410455,21.1136322561283,0.824349863867475
2033,64,men,0.768129686059167,0.759324763613614,1.3411346830042,126.305588083018,14.0887418134559,0.8831955107989
2033,64,women,0.681175236578757,0.721925341196429,1.13686519544372,77.6152046852475,19.4585948139245,0.872720563263414
2033,65,men,0.748476679765211,0.760695216927607,1.35570631667779,102.041225028433,14.7215666304307,0.849028034367293
2033,65,women,0.683930362899294,0.714595111384862,1.53244012289451,77.2185225273528,18.2978201894527,0.868262786330959
2033,66,men,0.74797734122288,0.763007178987137,1.42408651781857,91.4088095803663,13.5746408265216,0.875576202857246
2033,66,women,0.648573346444241,0.710951677399699,1.14095838271095,54.4000162593111,18.4483105449577,0.858235511174106
2033,67,men,0.738974455431005,0.77298792069202,1.34692487730094,82.2498541385097,12.3210342883114,0.867154865034912
2033,67,women,0.674703365581149,0.714908297533074,1.10684898063337,51.8266667663314,16.2352525188165,0.868671928196063
2033,68,men,0.755441949250989,0.780511884986968,1.26028624225396,62.4282364110449,11.9429737670736,0.868381125807875
2033,68,women,0.674694202601226,0.723298526389929,1.21447199500754,46.8227082579986,16.4449558680155,0.910458964476905
2033,69,men,0.749889500989786,0.79035901661007,1.13252923876352,53.2112677050661,12.3646659291629,0.881912218410389
2033,69,women,0.67369012249364,0.724166603367834,1.21858646419404,38.9280176066246,15.6338286343224,0.880877685206636
2033,70,men,0.784392688249891,0.84295578089156,1.10494019442318,47.0690543955379,11.4811575149153,0.92391212911391
2033,70,women,0.71270209535627,0.771367209792822,1.2308964660045,35.9882656999017,15.1832128825645,0.900316484882014
2033,71,men,0.792875678361067,0.850324613029615,1.20760823097947,39.2848138827514,10.0558937659883,0.866553196978689
2033,71,women,0.729519496004998,0.767012236303267,1.05521757368344,31.6866055358816,13.6250793320826,0.895163306822982
2033,72,men,0.787905420709324,0.864648214786827,1.22539887828658,33.9734882845559,10.0713478823,0.88349379897672
2033,72,women,0.716849110447784,0.781260213697944,1.05477927271124,27.2849620333836,13.2023073082573,0.895323044034295
2033,73,men,0.74773966171274,0.874620065479443,1.30372513180358,28.1407331490362,8.72624738109646,0.872744358332406
2033,73,women,0.727194564903632,0.771312522134079,1.07949345501986,27.4054985412564,13.0040172955397,0.861195557020304
2033,74,men,0.748947761652779,0.882346030652531,1.20792710298317,25.1957480709011,8.12764681163339,0.910469824098644
2033,74,women,0.705239369653752,0.776748157262529,1.02575528459909,22.6510389427623,11.409116409329,0.84946029443406
2033,75,men,0.720699445632781,0.889845339214064,1.28548540766108,22.1481765191935,7.33503246746321,0.898809507338585
2033,75,women,0.685285859337182,0.782069472669816,1.11157237505642,19.6625072606081,10.7251251692677,0.904241358695464
2033,76,men,0.71671109590054,0.89534877001443,1.23568692453254,19.3219887377324,7.51820902546348,0.892846102263055
2033,76,women,0.683720949531496,0.79389969947675,1.26628290863932,18.1231443345285,10.1879682569539,0.867948296631232
2033,77,men,0.693132558423479,0.906298081502418,1.2140781286936,16.1561077482413,6.89702602818116,0.894487268713082
2033,77,women,0.661548045092434,0.797257290753773,1.05989571047997,15.4825117538199,8.355841666725,0.847781281261539
2033,78,men,0.697180343869618,0.919770956402289,1.11848337016361,14.706984301145,6.52099138359407,0.86561377102508
2033,78,women,0.662103921947523,0.803857911757166,1.03459697968455,14.5210610619066,8.18357362142058,0.901685060250738
2033,79,men,0.692941650659107,0.92654798957273,1.1538356617864,14.0802551601056,6.02272244511679,0.911521435165243
2033,79,women,0.660213398364504,0.806434863930829,1.02547506560583,13.988008372908,6.90634822956925,0.857974597276998
2033,80,men,0.704606030871753,0.93261588706261,1.08025151809545,12.472617602349,5.43183106890321,0.899190371414099
2033,80,women,0.658212473396888,0.816372214143686,0.99462017343545,11.4050217333,6.60738162313207,0.881246301545031
2033,81,men,0.718097546916135,0.949569520930572,1.06409226341051,9.96645291998005,5.13144325262817,0.90741759169132
2033,81,women,0.669829593180922,0.824493726198264,0.973106839533419,10.5694010975858,5.98957542874557,0.891942224162892
2033,82,men,0.719918059552869,0.974918250352312,0.944182899083942,8.84057728238238,4.61643618024629,0.92271916467171
2033,82,women,0.680748789762436,0.837483762653915,0.89372802637749,10.2079927334899,5.51954029071168,0.84666123272784
2033,83,men,0.74431885083339,0.989295537247835,0.994351853471047,8.64108854833097,4.63014331060141,0.916715981431469
2033,83,women,0.708350179370131,0.863167648926716,0.939839631922618,9.42184096814963,5.19244272464879,0.884161709564187
2033,84,men,0.781678129990477,1.02215824090109,1.03905915944486,8.01731442893925,4.39562680084674,0.942039557946924
2033,84,women,0.730761467484451,0.882047918072758,0.974343336538492,8.38505639535652,4.91387912178985,0.915057399762892
2033,85,men,0.813738336311111,1.06026314143798,1.11485615699229,6.42749678585783,4.0617608690686,0.932209692319219
2033,85,women,0.749974606866219,0.92057378638464,0.949581750177346,7.45840837097748,4.77797325189737,0.891934609014955
2033,86,men,0.850856020723188,1.08302180086303,1.06515570020869,6.29457805778747,3.83231552934602,0.994330857858395
2033,86,women,0.785894031005825,0.954239545300682,0.979141076483059,7.36974378017482,4.09420604486895,0.924018923181865
2033,87,men,0.903166800840405,1.11447091598116,1.026217569779,5.63079409441376,3.37156622387369,0.9818489092888
2033,87,women,0.832888356763356,0.992261983217741,0.96711222906802,5.90443118057761,4.15248501334047,0.925658031167092
2033,88,men,0.973444319583923,1.15986331123302,1.18410254218553,5.27394299308246,3.43699728285123,0.963062590913433
2033,88,women,0.88003312314134,1.04650636708483,1.19132749682431,5.65190639870652,3.62428255744645,0.932230724597615
2033,89,men,1.02836565230016,1.19577743024126,1.08385008405623,4.54788738932834,3.23086237642427,0.965752707928504
2033,89,women,0.947420078371431,1.08550286721745,1.03946453900847,4.92342486102766,3.24216770024289,0.934419032006098
2034,30,men,1.47987380775137,0.892148231275466,1.95277082073718,197.860776565547,88.618476155955,1.09818664847484
2034,30,women,1.08805783759581,0.891198720179722,1.80319612979478,215.056763757707,117.86197982436,0.973486494843536
2034,31,men,1.31815715168484,0.863719726866403,1.9154988084735,219.773224479442,95.721449392353,1.01824804794528
2034,31,women,1.08051517757112,0.864170559803743,1.80196310514611,229.520651553676,122.701726948077,1.01339032884799
2034,32,men,1.13778069183049,0.830055673863773,1.93174312182427,242.665550033129,102.499189232907,0.96245089555367
2034,32,women,0.879002646000959,0.831793392083426,1.82367909266751,270.394041352251,126.404665758488,0.980162870671423
2034,33,men,0.947294337052995,0.803723694666464,1.92195887789377,149.937023895003,106.281959499062,0.999614524802746
2034,33,women,0.824509649223895,0.820863167609015,1.83508938076205,310.568375756376,138.822486869145,0.928354172142124
2034,34,men,0.949433908060588,0.778959139144552,1.88598699205513,166.733207527778,112.882875545695,0.875006351728989
2034,34,women,0.829111836645604,0.788175788791398,1.75376298802594,338.554636616982,103.981267322371,0.96333401449933
2034,35,men,1.04847689528177,0.789436800346691,1.40377353362265,182.745772204218,121.18770212885,0.915466925955403
2034,35,women,0.883280140449518,0.805213310612352,1.22095726705492,202.608484465881,153.992591402466,0.876707706894812
2034,36,men,1.16131160996388,0.75943619506785,1.33992933923219,212.379084430632,66.7991541145909,0.878861918582879
2034,36,women,0.965259684626661,0.810080356099994,1.2907970752999,229.727521168181,86.8053929490857,0.98862133883849
2034,37,men,1.29106222777965,0.752687381739268,1.37297791137618,177.131750050791,92.1738237596929,0.932247987586326
2034,37,women,1.06107391613365,0.790560898281052,1.33145036920924,263.74890123699,93.1009203836751,0.960003528037283
2034,38,men,1.22304223800652,0.738391679876263,1.31048405716456,182.601622299823,75.6465063429023,0.930596324462591
2034,38,women,0.925420776726426,0.815498601406158,1.20746218899602,266.450778106667,97.5219949046015,0.9240878139534
2034,39,men,0.99628192638546,0.737816301685732,1.23776830000739,227.167151116913,81.3933045261991,0.973813496672923
2034,39,women,0.927264041915819,0.767139293236577,1.31068917972683,235.381410754522,69.2061722875326,0.923428530604947
2034,40,men,0.971831295125863,0.719904246044097,1.29933475660291,177.975460883579,58.2940885961768,0.908819095810344
2034,40,women,0.833201101901495,0.74522737846432,1.02534026217931,255.003857055996,72.7840053351425,0.957913534095655
2034,41,men,0.893896751823333,0.693132928705125,1.21266717347124,236.752512966838,60.7050596597938,0.860105425961587
2034,41,women,0.831619386019209,0.734789573903827,1.23344514581908,280.746258942983,76.9818753566786,0.977434984787757
2034,42,men,0.889221246357268,0.701956348875345,1.24453060970919,225.015803332058,63.1054247182252,0.872850763175848
2034,42,women,0.871698517824036,0.758988221739734,1.28455653488121,313.385426217468,58.9226378112559,0.873410950608697
2034,43,men,0.901839707467995,0.688467849411693,1.48112510008651,259.308594516308,50.4786519612887,0.900975836077444
2034,43,women,0.819199462669596,0.737070822123782,1.08259800789691,276.539509731499,62.1097653173852,0.882046568968955
2034,44,men,0.882356423673305,0.681686159606212,1.55381106299298,250.444617061881,51.7269337433028,0.913397137144898
2034,44,women,0.815130730813109,0.722882911632362,1.2199990956795,354.384604658344,51.7038627799697,0.868889194992507
2034,45,men,0.811410815130935,0.673232471318224,1.46120411992372,310.200971838913,43.9484491982945,0.849514093163971
2034,45,women,0.751867169890815,0.705721376374457,1.34449023967569,362.538714950592,45.8122268511393,0.878089069761497
2034,46,men,0.821012469623023,0.663127925169555,1.28080200934112,360.303314264801,39.9017824319544,0.896105737632009
2034,46,women,0.745259671599471,0.669910725152511,1.45975103686678,475.061269253957,45.1493581885029,0.95555376941326
2034,47,men,0.766806526108467,0.663070567092965,1.38946180102066,346.951525540855,36.9497076256709,0.925314195309145
2034,47,women,0.771585047012811,0.676245481956299,1.44219153345549,347.061247123523,46.2074180872407,0.873002270918759
2034,48,men,0.808208932111995,0.660524133024968,1.52880100258366,421.425275748891,37.564361479282,0.949398418213061
2034,48,women,0.711935813505206,0.68306460431894,1.64079070385936,364.226312080812,48.540822522729,0.922169276351145
2034,49,men,0.747122213083854,0.654195872077317,1.51242789978236,565.715745360356,33.2947001002844,0.918647313782735
2034,49,women,0.742145627179198,0.655755263672028,1.27875502826891,451.956374651489,39.0996957818485,0.933267605261432
2034,50,men,0.762756467048856,0.627907956089005,1.72493558890751,1026.60568002559,28.0217076527009,0.905275708468809
2034,50,women,0.700905843352315,0.626575642494358,1.33597056894989,543.954662314433,39.9347360672576,0.894204222943579
2034,51,men,0.746402767312324,0.617737855714547,1.51866633582173,1319.64932388136,30.4160088007572,0.888800903561032
2034,51,women,0.723520868681554,0.64236993590602,1.40886347285943,454.591352907393,34.8793208808466,0.898570064655944
2034,52,men,0.744306951896884,0.622930284807513,1.57523837861176,1242.87214947946,27.0330871181092,0.870220410440853
2034,52,women,0.666403291291312,0.633758400823128,1.09880425507969,329.198697799757,36.7100406768017,0.868845802100513
2034,53,men,0.759302754502644,0.618529261303991,1.92974329439961,1024.70778984092,25.0407180943286,0.869798788177791
2034,53,women,0.664556513793957,0.638128600226432,1.46083278543452,373.333359828826,32.7416059532782,0.936699163051102
2034,54,men,0.717544509437267,0.617100659492755,1.77550763564635,754.096776340193,23.6820987628351,0.880085963728043
2034,54,women,0.652175489793211,0.610326765125661,1.22303945900646,332.805793928521,29.2516110372296,0.887134877941613
2034,55,men,0.696959719186396,0.60009439031428,1.52897847260222,470.8178378154,23.4463068825694,0.879498617762304
2034,55,women,0.616365541565787,0.617827862855077,1.21460156441657,275.616044188133,31.2032531696423,0.898772372280958
2034,56,men,0.686953869064897,0.613335784708094,1.52841035215268,549.973059595848,22.478703780654,0.881428952685273
2034,56,women,0.59716766316552,0.607332206730195,1.36959346449263,252.359172977588,28.0017544281877,0.916148764695803
2034,57,men,0.681759061314248,0.611522534923644,1.78451511499563,516.646272230583,22.0039064176849,0.894334146136712
2034,57,women,0.5766686283098,0.59930577981602,1.21787771133553,182.480785650701,27.3507365856133,0.907936159411973
2034,58,men,0.70111323916175,0.600609267044139,1.69987887937893,528.456064380682,18.6515188444268,0.885909760299833
2034,58,women,0.572728317151779,0.597259911501341,1.39973851954985,160.55151953772,23.9181794624484,0.893785715062659
2034,59,men,0.686300223395115,0.601511287969831,1.63235116420611,464.068176433849,18.1504976809565,0.905608977014859
2034,59,women,0.586134207024974,0.567680168859153,1.70903426571546,164.585988488786,22.5752955478156,0.888952882281149
2034,60,men,0.785460291004011,0.755666042503453,1.39641353955441,408.541295497791,20.0192610892626,0.858174532573658
2034,60,women,0.676495025063607,0.741706217359497,1.35554954415648,143.708712401247,24.9101746460518,0.84957975796494
2034,61,men,0.764279712455812,0.752359657596279,1.69499267593698,278.192421633962,16.8859486474957,0.844020030298192
2034,61,women,0.681693105817165,0.723227599057167,1.30346503844552,135.896060735702,23.621003335298,0.864342183000569
2034,62,men,0.764803801249371,0.755532691564165,1.47709906822337,234.73264778283,16.3216541121053,0.872595275613655
2034,62,women,0.681013759403227,0.724648145018916,1.36771572955114,124.71293231077,22.1915271450581,0.835430592274289
2034,63,men,0.760187181761551,0.757077277775634,1.55276802903601,219.49828174313,15.9982627415807,0.85282219140023
2034,63,women,0.688683813530779,0.711422955926647,1.19831862679873,101.845551480821,19.8724589914624,0.857743502474309
2034,64,men,0.760655791314283,0.7517801019379,1.35365399626878,170.60277401519,14.5786821039591,0.915282608243192
2034,64,women,0.67067462666493,0.713146011279955,1.13756463241219,85.762760760229,19.6702593943914,0.856341000205151
2034,65,men,0.739714075956592,0.753448106781815,1.36935914091945,136.063937282213,13.5521061979061,0.870590348077864
2034,65,women,0.672307322925784,0.705915626129627,1.53638999518004,80.7626198096794,19.1207913672442,0.865875419167274
2034,66,men,0.739517044054372,0.755390816256489,1.43318570775346,119.129946535669,14.3015407170928,0.874585845165812
2034,66,women,0.637815494374589,0.702357069112297,1.14174608141453,67.5214810044856,18.47920885841,0.849925422508244
2034,67,men,0.730592338808416,0.765149175273241,1.35472374475301,96.3914152822048,13.314619835807,0.851906827541519
2034,67,women,0.664934954675806,0.706948735293141,1.10678239506859,53.9256165103744,17.4565415666151,0.828570070517101
2034,68,men,0.746637702660852,0.772974331110311,1.26581979459167,86.3053863363265,12.268224315751,0.89150785697084
2034,68,women,0.663999678758428,0.715054933785951,1.21076060352211,51.3533266283255,16.2828482207842,0.874955398321494
2034,69,men,0.740753059726266,0.783524113943042,1.13436479292281,65.861688801576,11.2508948475654,0.884524872432195
2034,69,women,0.663459702103665,0.716331178940356,1.2149959609114,41.4364211596631,15.6938591104749,0.847472951006701
2034,70,men,0.776419725361695,0.837259176387279,1.10590656056686,56.1973290041403,10.5254572679475,0.870448813013673
2034,70,women,0.703103153623944,0.764204643814816,1.22497237836178,38.5272804053254,14.1912782571318,0.884517767889806
2034,71,men,0.784035371467611,0.844923905561901,1.21016093429208,45.9853586601788,10.1519024633597,0.878596179043598
2034,71,women,0.719128965954585,0.760028976733557,1.05016867263974,36.0578660743467,14.4915084079707,0.845450892883094
2034,72,men,0.778421252411706,0.859741521735391,1.22560390918749,38.5485226080163,9.8678736771971,0.890669223026561
2034,72,women,0.706963883729847,0.774377278567139,1.04799048705575,30.7459183360289,13.1511488260686,0.881638666363957
2034,73,men,0.738612173239307,0.87042021183719,1.30301476992439,30.8653267016992,9.44432675950357,0.893702295138591
2034,73,women,0.716710648587493,0.764376377692778,1.07337497146926,26.6224328056893,12.434539539398,0.883606764615642
2034,74,men,0.739194894056774,0.877646087144581,1.20794939598183,28.6702470579718,8.31458238902105,0.883888708177594
2034,74,women,0.694646135116128,0.770100889175118,1.01970230939902,24.5345380737009,11.5254454095292,0.882052633785524
2034,75,men,0.709087197320158,0.884973744253346,1.28032263100909,23.74238477278,7.42891970673467,0.846760394125332
2034,75,women,0.673223139749879,0.77474524965138,1.10919261404608,21.8765513339617,10.5323037419167,0.870365416654993
2034,76,men,0.70421369658443,0.890349403391761,1.23431764937842,19.6605430228296,6.90808290747257,0.897659963294984
2034,76,women,0.671941017572067,0.785919651835695,1.25642090230654,17.2251472660807,9.10870331304243,0.859580846008467
2034,77,men,0.680893541831129,0.902163482454879,1.21865317061718,17.7216722652664,6.92410283953056,0.899466074156813
2034,77,women,0.649555685420033,0.78941172993386,1.05041442662474,16.5169911652659,9.42206196569497,0.904176952356195
2034,78,men,0.683701071029786,0.914573020714687,1.11156774074905,15.6927376152711,6.42630244840561,0.877829556921317
2034,78,women,0.649456005959097,0.795720498259309,1.0288316011417,15.6899878332736,8.23486902185817,0.879909708983466
2034,79,men,0.678425899591079,0.922040490243046,1.14161754901075,14.7555499660681,6.12628666942657,0.858370453901777
2034,79,women,0.646944137414372,0.798734576938052,1.01488761957869,13.8709200280364,7.58694382025706,0.857439180296473
2034,80,men,0.690937801027989,0.927961703178617,1.07210908769181,13.1471989241391,5.60423942730427,0.905019434978179
2034,80,women,0.645055264560036,0.8088223068823,0.983591144124209,12.714916909292,6.75661184417494,0.865103732515991
2034,81,men,0.703005599022271,0.945628184580896,1.0503350636635,11.8603845994899,5.56802615775515,0.919157765026548
2034,81,women,0.656181846243216,0.816955135262096,0.958735280173,10.2550993995088,5.98254008152194,0.886854903587199
2034,82,men,0.704610385500689,0.970103100632707,0.93161623991543,10.6440817086663,4.68617165522937,0.89428126935279
2034,82,women,0.666507235809736,0.830513762349367,0.880472015148762,10.6320088706675,5.94041543828278,0.912124455085414
2034,83,men,0.729491292106007,0.986490346305247,0.974732386406926,8.68203390299968,4.42632378245002,0.908466026991849
2034,83,women,0.694686796640924,0.856415271894818,0.92176227405518,9.66613593946007,4.9963753465916,0.889483627003512
2034,84,men,0.766900929169053,1.02001959218587,1.02472925794268,8.9813825329866,4.16379866777458,0.922255406818819
2034,84,women,0.717014825285816,0.876140337340785,0.961401878237645,8.49465497581905,4.86093464953318,0.908438137072474
2034,85,men,0.799763640915358,1.05854652613505,1.10865374458829,7.74662706032739,3.93512855024656,0.928937740228936
2034,85,women,0.736732279142395,0.91541163253566,0.942754570801389,7.30747015635119,4.52533167749047,0.898759452689446
2034,86,men,0.837860484894611,1.08329906964357,1.05602961986144,7.06603168886851,3.85161635321559,0.936313056558993
2034,86,women,0.774203136890094,0.95029826465541,0.974139493860034,7.4965841338632,4.37577150863989,0.918529914570097
2034,87,men,0.891163122715376,1.11651121431648,1.03003562676624,5.95034308122467,3.7181376350692,0.919673905831237
2034,87,women,0.821528117391667,0.989969478591899,0.959331878617058,6.74281940780456,4.04089156661969,0.889197381427651
2034,88,men,0.961426855393304,1.16085580066024,1.15427453406197,5.04950438663449,3.72018794245495,0.898657084264741
2034,88,women,0.869067015101541,1.04612687552918,1.17732880522288,5.11338999134514,3.51645093507505,0.924623257775215
2034,89,men,1.01735110646903,1.20150214838213,1.09595593780466,4.29029635499084,3.45819525698402,0.901178481085375
2034,89,women,0.936463914050355,1.08600167415842,1.03120266959332,4.46039302249423,3.25128418110521,0.926797477146997
2035,30,men,1.49389554419702,0.886765419434395,2.01580162165682,195.996321346874,87.6732816549215,0.955153964247324
2035,30,women,1.09003597085544,0.886678625796091,1.85650357005536,212.778069630101,114.17033424764,0.949430962808666
2035,31,men,1.3375156810618,0.859030620242676,1.97852592776306,221.652900729664,93.302531316708,0.924044029241532
2035,31,women,1.08279790330273,0.85866700488315,1.85592841834721,240.162197452356,119.342106807861,0.977797906173695
2035,32,men,1.15692566547515,0.824172776767145,1.99472756747493,253.120290911634,97.8682957423352,0.939753363138698
2035,32,women,0.876965143710509,0.82550501064784,1.87620712685354,264.73217867499,130.88250427077,1.0232096914974
2035,33,men,0.957155532954217,0.796625369763935,1.98480852188993,143.989831661792,107.193291171151,0.956876773756411
2035,33,women,0.823700277830124,0.815064349382547,1.88732175718896,312.693256087936,131.898471286826,0.909563750619737
2035,34,men,0.95074035223331,0.772899330065551,1.9481467030157,171.272761351668,59.7011762975526,0.923692754159048
2035,34,women,0.823991288072316,0.780973529935397,1.80435327280517,363.018403784908,144.78936321705,0.921745770553984
2035,35,men,1.04945658564254,0.783661088814391,1.40752090136364,193.981147432752,62.5630866395892,1.04005773553932
2035,35,women,0.877643051136734,0.799288042990443,1.21979586697737,206.017396988914,83.5209293441891,0.932159565474423
2035,36,men,1.16200746067216,0.751836248910551,1.34369336689219,206.935669352733,128.739566433727,1.00978945793387
2035,36,women,0.958643890568337,0.802027037811701,1.29011516836964,228.208986637794,84.2386821066255,0.918885046838213
2035,37,men,1.29186767802116,0.74540878864313,1.37792967532432,243.117692777099,70.6706428517106,0.914313399304757
2035,37,women,1.05347099066352,0.783588988448563,1.33022483877678,272.004405454699,92.0127319909549,1.01916770521073
2035,38,men,1.2241337569839,0.730553422174577,1.3165507231049,201.60817393857,72.8921041212951,0.987956104050407
2035,38,women,0.920972132839569,0.808561596318018,1.20700244534122,300.137263464146,95.1025310167395,0.857155115016537
2035,39,men,0.993085880578077,0.730218893676325,1.24273813843775,206.758250781466,76.4933693888392,0.935273898926553
2035,39,women,0.925816835309685,0.760120312972165,1.30896330456851,306.728719975275,81.8588906067353,0.850850533520224
2035,40,men,0.97146240098474,0.711240325057843,1.30476001702721,244.217464544662,56.9074740962106,0.913180719359161
2035,40,women,0.826030888587969,0.737619227871314,1.02523915440187,273.597016334697,71.2184582034477,0.881210291496895
2035,41,men,0.891924955328166,0.685135881360439,1.218587451915,212.661683454644,59.1198424863666,0.90352111911998
2035,41,women,0.826147430551821,0.726541181871602,1.23502026962454,294.68967886548,75.5749217539541,0.906383373602522
2035,42,men,0.887128912111488,0.692766897292156,1.25134378364252,228.278706266766,63.6558826265747,0.931898323010546
2035,42,women,0.866149631741525,0.750546707183137,1.2872189481671,321.939427587264,79.9516277995744,0.891531953409758
2035,43,men,0.900413183021761,0.679367817757454,1.49000376292562,274.14378431402,49.0344631302545,1.06109929825067
2035,43,women,0.810706654421262,0.72925845317311,1.08494252974688,365.41940074503,60.7713260650388,0.900825223982238
2035,44,men,0.879303947489484,0.672886516353074,1.56465158017466,259.452592288877,50.6593349082264,0.908573449288543
2035,44,women,0.806815911203013,0.714987168994562,1.22514858605597,330.910741117848,51.2529136177358,0.914086494215691
2035,45,men,0.807773858158154,0.664511919407884,1.47474027697355,273.338317131905,55.9383290823451,0.87422863681471
2035,45,women,0.744983519546844,0.697180562367826,1.3497892703322,421.417601480832,51.838536472457,0.897561673720688
2035,46,men,0.816595326924399,0.654169043094414,1.29447132210666,400.318848107996,38.8356298467517,0.859293709951494
2035,46,women,0.738273487147716,0.661579377936693,1.46689166952043,362.822577772707,47.7823985957292,0.900575522602202
2035,47,men,0.762429904733065,0.653527907722022,1.40440421007996,376.697370854016,40.5480200676231,0.871363501120912
2035,47,women,0.763738982823929,0.667825889841837,1.45017616280339,491.282785952824,45.1966279891949,0.865045993224616
2035,48,men,0.803411577868107,0.651413893224979,1.54631611179559,437.178879421014,37.8770124421108,0.916674044871629
2035,48,women,0.70413037644175,0.674566355423622,1.65122148409464,356.637175765588,42.3173859075974,0.867760987153307
2035,49,men,0.741774781555947,0.644425169995432,1.53034949709949,534.627885237453,37.7913186828275,0.914872375930724
2035,49,women,0.73209376306579,0.647053433684211,1.28719207193298,426.553467420415,37.6054069050303,0.840135771340423
2035,50,men,0.757459950448192,0.618874597990407,1.74549289999379,881.255311481081,27.5590152300795,0.883436674027333
2035,50,women,0.691894617885887,0.617695832252642,1.34532189386827,462.789729608851,37.4084664411743,0.883800893128545
2035,51,men,0.739492797036248,0.60883040625624,1.53801939034419,1682.21139310168,26.5516863583913,0.887127159627384
2035,51,women,0.712663702090271,0.633462095877687,1.41774185235591,683.965039844654,33.5355895373829,0.894751635441178
2035,52,men,0.737051288878532,0.612971482367899,1.59410161811436,1437.3855531617,29.5785276742523,0.892367593289807
2035,52,women,0.657427424108134,0.624686205184847,1.10561685806436,531.559407310806,32.8826324917862,0.91391206289827
2035,53,men,0.75226716605002,0.608655843124091,1.95373024706607,1312.81277959066,26.8192771574851,0.862436196979077
2035,53,women,0.654045065683078,0.628411954209665,1.46982946276178,395.757616199518,31.9614920336783,0.96340935519055
2035,54,men,0.710996626947016,0.607971612419631,1.79648802258189,1201.18856160795,24.0827902269078,0.85111967382051
2035,54,women,0.642550773804075,0.600879703148353,1.23105731873681,400.522008708769,29.2618932864358,0.873434897866089
2035,55,men,0.688146076385425,0.590723091713111,1.5511766076502,1004.10285511067,24.1118332308778,0.871184821067687
2035,55,women,0.604913114059941,0.608206752256549,1.22271613820553,325.415628337129,27.9159972944122,0.856152011002826
2035,56,men,0.678890235870873,0.604003309339458,1.55083546790431,775.636169973341,20.8903772619095,0.885240056221779
2035,56,women,0.586154706137928,0.597874962472404,1.37751088241368,304.920183944799,27.645004495293,0.86163521806032
2035,57,men,0.673892594510951,0.602263850212424,1.8097196891883,785.380332435005,20.0646769075513,0.87266850010346
2035,57,women,0.566390423186355,0.590029425951397,1.22515542481171,264.008195135121,26.6882394410536,0.821633232911506
2035,58,men,0.692145370930685,0.591142369472413,1.72345240001786,720.666009828981,19.2109513407961,0.856187475853531
2035,58,women,0.562050495807008,0.587735432073093,1.40744033204551,203.595663573065,25.3329533518276,0.865745885915448
2035,59,men,0.677406828495807,0.592221562955011,1.65452130242248,681.034232404595,19.5829145889456,0.876508898593098
2035,59,women,0.574843262182437,0.558615838902581,1.7174655183861,188.425075235032,23.4906808242176,0.845091103610624
2035,60,men,0.778091771133483,0.747655039034756,1.41389127113256,605.712937516365,18.6127320584452,0.855288881757945
2035,60,women,0.666921998634128,0.733205233871556,1.36267468619791,178.547264029518,25.6532075914515,0.88566205217466
2035,61,men,0.757281068343551,0.744689749709823,1.71408234709493,490.207621036489,16.7785845697163,0.889307579807552
2035,61,women,0.67162171792515,0.715554723206715,1.31027304624545,147.558989036659,22.0240526312457,0.869880375464162
2035,62,men,0.757628578341513,0.747842378764899,1.49312114656374,342.249836400533,17.4017038962704,0.883926274742865
2035,62,women,0.671193018140085,0.71638198180545,1.37206826146366,129.637874225541,22.3344504933183,0.890169748183893
2035,63,men,0.752322866000574,0.749760197308271,1.56714252467965,290.672083077312,15.1352998393742,0.887170389633766
2035,63,women,0.678475003314088,0.702871069016827,1.20170110294615,119.245426241281,21.1304003299207,0.838676012086218
2035,64,men,0.753258237583563,0.744314057351695,1.36628393581539,253.446472776793,15.5978966059176,0.843122934921876
2035,64,women,0.660340930537566,0.704477683481419,1.13826415559197,102.531005286587,19.769031234326,0.885231345368243
2035,65,men,0.73105828972479,0.746273550859253,1.38314264554446,175.587235090513,14.1310815105056,0.86337125030821
2035,65,women,0.66088737837116,0.697345750710147,1.54034809932624,88.2375739636033,18.2665725279236,0.87317392030088
2035,66,men,0.731156528516259,0.747854167993784,1.44233852152887,153.311586429236,13.2065089551086,0.850881266582244
2035,66,women,0.627241238893637,0.693870508046973,1.14253393636063,73.2011489394278,17.5709070213772,0.865288154376737
2035,67,men,0.722309349811874,0.757393715747768,1.36256390200628,125.563295967145,13.5505491659825,0.833523991120315
2035,67,women,0.65531266909136,0.699081639424228,1.1067158462347,62.6541376474648,16.5930001309599,0.879050656571593
2035,68,men,0.737940316593063,0.765513220170195,1.27137490537061,89.0210029412259,12.0954559178901,0.858245147134507
2035,68,women,0.653479805023302,0.706909278040164,1.20706236981507,58.4327863448458,15.6917787165804,0.879481411870729
2035,69,men,0.731732343195368,0.776751634470745,1.13620241766075,83.2029738394714,11.4466916837117,0.864142087832704
2035,69,women,0.653389551601389,0.708584322108107,1.21141779388006,46.147857754633,15.796495685461,0.883943876432339
2035,70,men,0.768531662965118,0.831603840590026,1.10687329626899,64.1114853533918,11.3010367599265,0.851796076865935
2035,70,women,0.693638117142482,0.757112057802728,1.21907969312831,40.9349838930542,15.4200700080123,0.878705222171565
2035,71,men,0.775297903851379,0.83956012917879,1.21271777495036,61.1251957696259,10.1700346934651,0.889927198524394
2035,71,women,0.708891426412827,0.753112681867896,1.04514639293341,38.1073680220158,13.928393784917,0.890488085276134
2035,72,men,0.769055824602356,0.854865064358107,1.22580887359138,44.2295892754896,10.0920300569552,0.877503705515765
2035,72,women,0.697219731220433,0.767558320878523,1.04124870015011,36.5972290762733,13.1196463834372,0.842600160637337
2035,73,men,0.72960050639343,0.866242575013507,1.30230514397342,36.7518695045908,9.05098692979919,0.902863916410633
2035,73,women,0.70638292021191,0.757505970953474,1.06729414883265,30.3144912642493,12.4231502590008,0.890082785332679
2035,74,men,0.729573729604223,0.87297347025355,1.2079716784341,32.4121276600694,8.75513969715305,0.892619960125714
2035,74,women,0.68421710895752,0.763513732606649,1.01368800163619,28.0034378626166,11.2645372456634,0.838117267916389
2035,75,men,0.697667621250352,0.880131194443578,1.27518311148486,24.0647597441156,8.04876904299783,0.885417292111965
2035,75,women,0.66137852692236,0.767493168868196,1.10681911380617,22.540788598457,10.8971990675329,0.856728499770792
2035,76,men,0.691940199023399,0.885380388518242,1.23295056343936,21.8650391553747,7.47926863970358,0.905896584599302
2035,76,women,0.660369684896628,0.77802368066573,1.24664049366316,19.9664727978364,9.38590635469665,0.870839125930368
2035,77,men,0.668876493232492,0.898049764107688,1.22324319133933,19.0069834741634,6.78790474341156,0.889172140416575
2035,77,women,0.637786454814724,0.781647174307428,1.04102255533109,17.8384672452391,8.65545066170434,0.860635805076811
2035,78,men,0.670488840288631,0.909406993582533,1.10469823866177,17.1025414278982,6.61431286560599,0.886538013122912
2035,78,women,0.63705573760907,0.787669398517289,1.02310116080694,16.3746254442617,7.82260707757656,0.899670797092701
2035,79,men,0.664221136368502,0.917557118520251,1.1295347257014,15.704093941813,6.07082427934459,0.882484531580879
2035,79,women,0.633947894352503,0.79111154732201,1.00441460646369,14.2521425096842,7.28208487162695,0.881926127702255
2035,80,men,0.677541236597921,0.923333016348856,1.06403198812931,13.3058207121511,6.22496927159182,0.927027200607853
2035,80,women,0.632167333199909,0.801345881636214,0.972689743311776,13.2705414892673,6.88383063811001,0.873868688298849
2035,81,men,0.688238017416139,0.941705132564753,1.03676235616734,12.0571799474981,4.99216051407349,0.92772814508652
2035,81,women,0.642818675623598,0.80948912657164,0.944582878578608,11.3412371183698,6.44686548452817,0.880794797666188
2035,82,men,0.689635484969459,0.965314082314745,0.919222891304991,10.7743613789003,4.57395297610403,0.899940263679896
2035,82,women,0.652570402640779,0.823605153440579,0.867418991748563,11.6089819437937,5.94380528979521,0.884163755231811
2035,83,men,0.714966184121927,0.983694482555939,0.955509388564186,10.3275323940422,4.5430568596821,0.913721769976363
2035,83,women,0.681293489610557,0.84971899733923,0.904041255556088,9.51261998971872,5.24714513174131,0.897863117877411
2035,84,men,0.752410141557167,1.01788646603255,1.01060388159198,8.1594717310485,4.52806580165802,0.907599539016337
2035,84,women,0.703533343537946,0.87027519764301,0.948638546107736,8.81435776728644,4.91543189500886,0.873345246993814
2035,85,men,0.786035631889157,1.056833531817,1.10248886201818,8.10951121411585,3.97438461993572,0.916419243822958
2035,85,women,0.723730108861432,0.910280941664669,0.935979796169992,7.72202131916558,4.85568392406107,0.932585223521165
2035,86,men,0.825069677938383,1.08357627307297,1.04698615841582,6.91039964517533,3.78116878034728,0.91430122289326
2035,86,women,0.762691774087647,0.946375187854206,0.969165899557247,7.45157530012352,4.19079067065563,0.894140973267106
2035,87,men,0.87932476413918,1.11855424228802,1.03386600175216,5.84901415897414,3.87363388340214,0.932409661155627
2035,87,women,0.810328296728924,0.987683393440796,0.951617898692726,6.4886692896184,4.13675073095957,0.933988139092314
2035,88,men,0.949563548203928,1.16184865090004,1.12521201551035,5.92795269793282,3.20914076435268,0.971664698132157
2035,88,women,0.858242845547438,1.0457477080142,1.16350136493719,5.67718103276547,3.66988109790075,0.912430307782907
2035,89,men,1.00645986157889,1.20725143924824,1.10819095533784,4.79979844441045,3.00984437491576,0.974404292806184
2035,89,women,0.925639741140016,1.08650046496642,1.02301047971083,4.67786109515176,3.28067532487745,0.914579498306849
2036,30,men,1.50804314926323,0.881417705572218,2.08083443159826,201.729327064232,84.8268230131643,1.06372090404911
2036,30,women,1.09201672597379,0.882183660757406,1.91135956739109,216.592807713036,113.10370303273,0.954550613479933
2036,31,men,1.3571487902723,0.854369255557353,2.04359437344203,114.213633850664,91.1293298194644,0.991539416211138
2036,31,women,1.08508432657083,0.853201177888752,1.91148217769259,239.781620688112,124.143484649961,0.977792616693518
2036,32,men,1.17638314003839,0.818334433312292,2.05973315275987,175.079250651194,97.9121163183359,1.00591878984514
2036,32,women,0.874933361796175,0.819267223938797,1.93022121563571,276.297262188379,128.221708201232,0.929899962204166
2036,33,men,0.967114462050826,0.789593176993223,2.04968099923106,154.056708325513,105.031024562375,0.946802907276059
2036,33,women,0.822892097990003,0.809309314416258,1.94101406723402,304.631814061321,139.84531712755,0.971459901728654
2036,34,men,0.952047950950438,0.766889604853908,2.01232306002634,171.010480313385,113.284300601996,0.993665735531199
2036,34,women,0.818904856075529,0.773840574416384,1.85637698455851,191.143030059484,76.1398001690684,0.938679404253154
2036,35,men,1.05043670944325,0.77793044019821,1.41127642430651,194.636076088824,120.546640393509,0.943315821169157
2036,35,women,0.872044680617703,0.7934092561176,1.21863614140646,219.594648133841,80.2946460923348,0.850141596938314
2036,36,men,1.16270338616522,0.744316035885364,1.34746611118643,222.828814361029,128.857265783334,0.996885998245235
2036,36,women,0.95207665735329,0.794057678211292,1.28943395642137,250.452906798576,86.618503252872,0.955379048420343
2036,37,men,1.29267323468424,0.73820410464619,1.38289685236809,235.50611372849,69.3738018101675,0.967961762646689
2036,37,women,1.04592623761397,0.776681943422205,1.32900103762833,256.975104343019,91.1751230064855,0.958922993325602
2036,38,men,1.22522571314162,0.722802159636968,1.32264247251239,193.126745573165,75.1506654433021,1.01048736909268
2036,38,women,0.916547044075814,0.801686965191218,1.20654310246857,298.30068157506,99.0182306297799,0.937793698654011
2036,39,men,0.989901650204137,0.722703392290696,1.24772547527029,232.226802259113,74.7721575342767,0.902715991627875
2036,39,women,0.92437259671859,0.753168954289272,1.30724054820308,288.253010209088,68.8789385969159,0.995594161392302
2036,40,men,0.971093827997969,0.702684852627106,1.31020524813261,236.457988778683,83.1112204842366,0.978790138854534
2036,40,women,0.81892585662081,0.730092430788093,1.02513810625934,298.740137410774,71.0747491803143,0.992461290828627
2036,41,men,0.889958473808496,0.677234961232411,1.2245337035083,223.011561107093,60.0654502785669,0.919749146684207
2036,41,women,0.820714141664507,0.718389366512082,1.23659662957254,310.608725154763,73.0503750315717,0.923604674259205
2036,42,men,0.885042525416309,0.68370217287867,1.25819088155814,200.902417587265,60.3920406480833,0.899843239025123
2036,42,women,0.860638767728282,0.742203157821416,1.28988556759903,349.8734331336,59.8705067278205,0.969202480703246
2036,43,men,0.89898961420369,0.670392450817799,1.49893124808447,281.100464268368,49.8429752109117,0.898084099873967
2036,43,women,0.802306000473914,0.721532666359549,1.08729097343744,293.604716101112,63.0907046568277,0.884129575839109
2036,44,men,0.876263523068294,0.664204704186617,1.57556234715782,311.122931290198,42.2267974637858,0.877454240443541
2036,44,women,0.798589930264468,0.707181483826493,1.23031726602996,353.490921857388,50.7505983086549,0.890396161587302
2036,45,men,0.80415497774872,0.655908528273392,1.48839508630464,310.381193397388,43.0790232482273,0.916701681700017
2036,45,women,0.738166227285019,0.688747231373947,1.35510656731567,359.240428309984,63.847651307671,0.942860756535015
2036,46,men,0.812204101531996,0.645335508245711,1.30827969691499,338.185802467481,45.8398294682549,0.871779119266788
2036,46,women,0.731356176335967,0.653355660443702,1.47406369803999,490.818412348655,48.4806013664086,0.891951736967469
2036,47,men,0.758080395105382,0.644127169927351,1.41949985169449,399.654304722326,40.9242477843376,0.847782638411728
2036,47,women,0.755976499349789,0.659515185183426,1.45820104339845,416.510007819956,47.5267441803614,0.943904592026906
2036,48,men,0.798645035576126,0.642433689246115,1.56402313439954,451.628146719532,35.7156275058356,0.988280989047879
2036,48,women,0.69641428745434,0.666177933587939,1.66171340118234,575.207069889508,40.2132269148832,0.846020322340787
2036,49,men,0.736468222514238,0.634805090617308,1.54847449596844,531.43142667722,35.4218402954539,0.924982687893217
2036,49,women,0.722182882969736,0.638471266622919,1.29568059598621,464.276555686136,41.7609241285145,0.845969820306179
2036,50,men,0.752202787427331,0.609975540187418,1.76628492711602,791.67294392777,30.5885617876846,0.875885406252713
2036,50,women,0.683003587535875,0.608946136443857,1.35473403235788,495.108461067581,37.1736453094396,0.88160661081514
2036,51,men,0.73265014486035,0.600055679173861,1.55760937963539,1515.43991033153,29.2085639463197,0.836494009903344
2036,51,women,0.701974672594329,0.624682067709136,1.42667177859737,600.264105640401,38.269455580175,0.873825923889188
2036,52,men,0.729869868171991,0.603176667228023,1.61318130803383,1568.95718174563,27.7599772567561,0.843339466118003
2036,52,women,0.648576774827243,0.615748238832736,1.11246832123235,745.723503044617,34.8522836437708,0.850368061918809
2036,53,men,0.745300176841808,0.598944766593801,1.97800335598667,1234.6387729128,25.6742372493869,0.918189191971542
2036,53,women,0.643704921634351,0.618847926407943,1.47887708621458,602.844079255796,33.6134177041551,0.870560128668979
2036,54,men,0.704511669426857,0.598982001177694,1.81770583507014,1219.03941738905,23.6212533864271,0.88861739253185
2036,54,women,0.6330727221647,0.591583403145796,1.23912376322184,420.451146510196,30.439248788276,0.909932874318257
2036,55,men,0.679448137598128,0.581502635296146,1.57368587768875,1080.61865487656,22.0278746266805,0.888352754494846
2036,55,women,0.593678949477981,0.598740082838015,1.23088089773545,427.318071747363,28.4602409299675,0.910885626787053
2036,56,men,0.670925147525561,0.594817316862433,1.57357834882955,975.63736133642,22.2666313726639,0.827583964652152
2036,56,women,0.575350111312232,0.58856952237753,1.38547014632705,381.500637932025,26.6942854299623,0.864062709961385
2036,57,men,0.666120692749033,0.593149791192422,1.83526760834339,772.911621180783,21.2676956325137,0.899443378247579
2036,57,women,0.556300325828365,0.580901107977872,1.23247302048984,347.185301046463,25.0189335575897,0.877406065346469
2036,58,men,0.683296531248653,0.581829231964392,1.74734100989645,774.16308959226,17.8518477374783,0.883708635412663
2036,58,women,0.55157684915538,0.578367406801996,1.41518070738899,273.260397055194,24.170776030559,0.895083075002105
2036,59,men,0.668632962788548,0.583079766726276,1.67698143500775,647.228172895875,17.7137236898132,0.864826038633869
2036,59,women,0.563775206911449,0.549700588850484,1.7259341925361,209.366321780419,23.4638110008155,0.890631775829769
2036,60,men,0.770795945624332,0.739732835422293,1.43157900866825,558.884889677709,18.9264346912885,0.883436600152953
2036,60,women,0.657489042865326,0.724805788218498,1.36983375188493,221.277447039412,25.7547820451253,0.864811021940563
2036,61,men,0.750349903218605,0.7371017430593,1.7333774764302,553.333563443036,16.6744164226153,0.839136326477708
2036,61,women,0.661703964112997,0.707966960225518,1.31711324145536,172.685375155194,21.6597251290626,0.876544349563475
2036,62,men,0.750524147361312,0.740234063621042,1.50930901654197,444.357554902361,16.6134972565172,0.847412401262763
2036,62,women,0.661518620225715,0.708214103577624,1.3764324960743,149.149692444269,21.8511709679996,0.890656543650321
2036,63,men,0.744543712214687,0.742517378473697,1.58164292971564,410.973723574488,16.3108535608465,0.895331470102527
2036,63,women,0.668422429212159,0.694426108624241,1.20509145797725,136.600727630197,19.6952124425104,0.862795743633268
2036,64,men,0.745936208152111,0.736925772616893,1.37902542410423,339.570624159305,15.3823258193812,0.880005337667047
2036,64,women,0.650171414923996,0.695918900822063,1.13896376495127,114.314651964638,19.3352088504447,0.872014438712171
2036,65,men,0.722507967412742,0.739170787666448,1.39705801624272,264.628728990967,13.9875097865218,0.867445810784722
2036,65,women,0.649666883247445,0.688884048061429,1.54431444843121,97.2188047396033,18.203231884993,0.85365697457172
2036,66,men,0.722894569605749,0.740396361332164,1.45154524857969,196.799358046519,12.6081237172226,0.900465444800798
2036,66,women,0.616847358770112,0.685490583790511,1.14332194750341,81.1879592964902,18.4708419655936,0.848391546852014
2036,67,men,0.714124268299844,0.74972061693507,1.37044554721164,187.719939251654,12.6032369761494,0.899011563546191
2036,67,women,0.645834252743636,0.691305891094434,1.1066493340934,72.8185991786048,16.1775364688921,0.83335719608753
2036,68,men,0.729348442482287,0.758127739918017,1.27695164792574,131.335251478406,12.1292300468193,0.883667530245041
2036,68,women,0.643131645491289,0.698860348356273,1.20337724080751,62.0107065729273,15.9365346030126,0.860649564114616
2036,69,men,0.722825829805117,0.770040977826362,1.1380421142938,98.2157177661523,11.0014211335607,0.872708552605112
2036,69,women,0.64347708328396,0.700924988962452,1.20785191468427,52.4300835331362,15.8265065499793,0.888065531475787
2036,70,men,0.76072755593754,0.825989454471644,1.10784040148913,92.0972282236606,11.2007953214162,0.870053587365952
2036,70,women,0.684305053504656,0.750088734150297,1.21321822853744,47.2277588991933,15.3988300041332,0.846250651790808
2036,71,men,0.766662029527252,0.834233013376239,1.21527875762196,70.0616232290792,10.2186017845601,0.89675006244833
2036,71,women,0.698804551217442,0.746262677126058,1.04015058121973,41.6232627068338,13.4688224120842,0.848171395284554
2036,72,men,0.75980759340992,0.850018641618101,1.22601377155244,54.5950208708784,9.66591085365955,0.877966468428367
2036,72,women,0.687614571774019,0.76080271495535,1.03455356376627,35.8462253689286,12.7944371611,0.831570522945518
2036,73,men,0.720703135642535,0.86208702665276,1.30159625282718,40.9414553190358,9.00112154509861,0.860059993430348
2036,73,women,0.696208977868693,0.75070064703799,1.06125073696096,33.6443249414412,12.199075514872,0.861302487437524
2036,74,men,0.720082426357917,0.868328007784419,1.20799395035022,37.0610501515115,8.50050636988356,0.859542277789528
2036,74,women,0.673949666920055,0.756986114827136,1.007712095477,31.8926862925199,11.837333223293,0.90299934846284
2036,75,men,0.686437428243222,0.875317502468018,1.27006673296888,29.2463021796375,8.10582350601086,0.867518095381059
2036,75,women,0.649747972969807,0.760312484804441,1.10445185480117,23.2049896868501,10.1236534959824,0.854448582991711
2036,76,men,0.679886484742078,0.880441526345541,1.231585662142,26.2759695655725,6.93327081494786,0.853160501687209
2036,76,women,0.649003157830294,0.770210859486986,1.2369409679739,21.9522083224287,9.45236863619753,0.869855201693914
2036,77,men,0.657077280873948,0.893956810825221,1.22784823250422,21.3162834284462,6.75898767222097,0.911000498562587
2036,77,women,0.626236095152496,0.773962748307105,1.03171921008303,18.3924611945915,8.62374171535138,0.89619311855884
2036,78,men,0.657538233848356,0.904272663593109,1.09787453379133,19.1671044199598,6.44728399416682,0.859658050363544
2036,78,women,0.624898149792006,0.779703655257365,1.01740542994178,15.7740581668081,8.47962804080306,0.870537767525803
2036,79,men,0.650320550403309,0.913097733493573,1.11758562843681,16.6743238335814,5.75686242868444,0.893770749137671
2036,79,women,0.621218921736812,0.783564962561092,0.994054734105768,14.6592215549061,7.40478919018716,0.851296396646209
2036,80,men,0.664410808510688,0.918729674466143,1.0560196635075,14.831973923763,5.60391808109864,0.916376930394543
2036,80,women,0.619543039961476,0.793942187633767,0.961914432443441,13.9064780346572,6.911109751012,0.875891741798135
2036,81,men,0.673787676318561,0.937800271136412,1.02337157792917,13.8248356570593,5.28814938233849,0.896740989953352
2036,81,women,0.629734011983787,0.802094966145336,0.930646187484427,12.3413660885874,6.6061576567476,0.879312097564146
2036,82,men,0.674985965575901,0.960551040848977,0.90700037966592,11.3168404869913,4.78326504587286,0.893014395557252
2036,82,women,0.638931625309761,0.816757365425353,0.854565750381302,10.8784527564437,6.11173509348082,0.920843079685969
2036,83,men,0.700737213428943,0.980907910426664,0.936674659164834,10.5773523105059,4.54470706518915,0.90868574669725
2036,83,women,0.66816479105986,0.843078331903677,0.886669382341663,9.51995079390099,5.70090684938317,0.906103177568607
2036,84,men,0.738200079194484,1.0157588454771,0.996680012924826,9.76202283370304,4.17513865264309,0.89492863640038
2036,84,women,0.690311780985484,0.864452173444843,0.936050802690845,9.57531037157878,5.25593055964228,0.887769880853366
2036,85,men,0.772549836610243,1.05512414907206,1.0963612639197,8.14676275008139,4.26443165998567,0.928118146696229
2036,85,women,0.710963625809328,0.905181506687124,0.929256998573789,8.52689434393245,4.75252978396192,0.900030199987772
2036,86,men,0.812480276364497,1.08385341119874,1.03802452786954,7.24093807986844,3.94520124095553,0.940507151714143
2036,86,women,0.751357099427349,0.942470221934316,0.964220123316868,6.90858809342412,4.40659496887201,0.933709654001878
2036,87,men,0.867649368698203,1.12060000220363,1.03770872839529,5.9355592884893,3.49194281658924,0.950557698496779
2036,87,women,0.799286552325968,0.985403706647317,0.943969690921073,7.16492602971562,4.12808585877747,0.931268689303415
2036,88,men,0.937852346228957,1.16284186190617,1.09689497966018,5.72530065699732,3.57954930131232,0.961907587579803
2036,88,women,0.847558708916841,1.04536886410416,1.1498429983715,5.73948924632293,3.73712019752411,0.95365265568152
2036,89,men,0.995690477777474,1.21302539616243,1.12055645028366,4.99278548927501,3.30954408526461,0.964634183403047
2036,89,women,0.914945905817774,1.0869992396499,1.01488734788455,5.03515826327651,3.40399850957849,0.955903154844317
2037,30,men,1.52231769017671,0.876104843766396,2.14793180868621,201.247335629464,84.568384872859,0.949137719091544
2037,30,women,1.09400010513557,0.877713673118036,1.96780831275062,227.545369439916,113.72249932807,0.936807344028809
2037,31,men,1.37706023619462,0.84973545517716,2.11076920845821,230.230428844536,92.1231405188413,0.977807512522889
2037,31,women,1.0873744515441,0.847772801848194,1.96867032357962,245.153456354341,119.556359656814,0.980331116057364
2037,32,men,1.19615805917366,0.81254028444104,2.12682369423608,130.10617740544,97.1070483644923,0.968607689119084
2037,32,women,0.872907281399955,0.813079600333148,1.98576263948177,272.376818183846,128.716988960676,1.01870093486015
2037,33,men,0.977172044247792,0.782626468200342,2.11664037354475,153.618079366666,102.495576015887,0.950872784180884
2037,33,women,0.822085107365337,0.803597710868606,1.99620636982145,314.980769280743,140.293764899861,0.957575403089261
2037,34,men,0.953356704664457,0.760929525275426,2.07858045005767,177.229605827556,109.781330587033,0.898609585283904
2037,34,women,0.813852296757925,0.766776221818027,1.90987400391429,190.78004409839,148.58550865309,0.939089230455393
2037,35,men,1.05141726666264,0.772244481036381,1.41504011618036,192.447571636267,122.670323474901,1.02574626404607
2037,35,women,0.866484744127869,0.78757656281433,1.21747808710719,223.492990428661,80.3028786095833,0.974842337981596
2037,36,men,1.16339938641435,0.736874680943054,1.35124758800447,224.999192589837,127.877250304483,0.924561454325008
2037,36,women,0.945557604949216,0.786171361405949,1.28875343840582,255.788814511275,86.0441641929018,0.987990794822979
2037,37,men,1.29347889773064,0.731072543502882,1.38787948287738,177.357732690569,91.5242122359075,0.958303121089156
2037,37,women,1.03843918364456,0.769839128301646,1.32777896247639,274.946933345059,92.0197614208293,0.877935857383874
2037,38,men,1.2263181064399,0.715136884703504,1.32875939670149,231.866304463612,74.2766188869282,0.892464465375372
2037,38,women,0.912145374235573,0.794874116968094,1.20608415983213,236.302063808973,95.3353581472348,0.915539645622134
2037,39,men,0.98672918581216,0.715268874924332,1.25273036347559,222.555548035857,75.9795866157626,0.883339371966375
2037,39,women,0.922931318602333,0.74628453298046,1.30552090346708,285.891243891873,70.2839234694101,0.863877534205583
2037,40,men,0.970725575728435,0.694236419004684,1.31567051356912,207.096430246693,79.3810745617433,1.00370616632354
2037,40,women,0.81188538188537,0.722646077988041,1.02503711768751,283.383154215638,71.4738813684885,0.926666211043014
2037,41,men,0.887997290337862,0.669428966474446,1.23050602935814,217.571255447638,57.9079452497155,0.918015275589025
2037,41,women,0.815319227336429,0.710332950449154,1.23817422602519,277.140790591504,56.7162361784027,0.861842163451501
2037,42,men,0.882962066456832,0.674760422712349,1.2650720555828,270.543003494515,60.9722445091445,0.944232130807993
2037,42,women,0.85516564676624,0.733956389470782,1.29255639775115,282.091742294053,59.5233817146376,0.937155313172095
2037,43,men,0.897568993442856,0.66153998078841,1.50790779985146,241.711553143934,62.7586479716353,0.880203658064948
2037,43,women,0.793996456346174,0.713892460298758,1.08964334359777,400.719979570743,59.7577324908937,0.918599358900792
2037,44,men,0.873235096942754,0.655639088581773,1.58654378434276,286.297155436377,52.7644975299212,0.932135237245955
2037,44,women,0.790451795875118,0.699464785470414,1.23550519763381,340.542001862241,64.1214306012514,0.903017199240561
2037,45,men,0.800554075245316,0.647420667468942,1.50216952892823,318.708514465425,43.745947531892,0.912697366654046
2037,45,women,0.731414621294232,0.680419978960809,1.3604421845739,415.269896266691,51.8480530310772,0.97136916481995
2037,46,men,0.807838628760022,0.636625506563664,1.32222847914017,345.160465438517,44.6504437223752,0.889207903832615
2037,46,women,0.724507026841194,0.645238130401181,1.48126724494451,388.154587728693,51.3547823147265,0.929766737732356
2037,47,men,0.753757816084284,0.634866174847975,1.43475022082333,351.107412934389,40.0508443804385,0.919173794942085
2037,47,women,0.748296665844194,0.651311907333267,1.46626635823143,490.923392031061,44.9711998535996,0.855361090644994
2037,48,men,0.793909092352231,0.633581602505007,1.58192407738163,509.172711858346,35.7149897238602,0.902014124999218
2037,48,women,0.688786480651588,0.65789786656254,1.67226678316522,428.737362924823,47.7777192010412,0.936080734028879
2037,49,men,0.731202203709366,0.62533323970572,1.56680510329213,575.133372562531,32.5258308498593,0.885445603012121
2037,49,women,0.7124109417037,0.630007059382209,1.30422088903007,664.123031738207,40.6895185369981,0.931750044880513
2037,50,men,0.74698466647193,0.601208721520319,1.78731423291613,891.023377199585,30.2992905492756,0.911119944095499
2037,50,women,0.67423109123707,0.600324586014987,1.36420734974092,508.346864478464,33.2984553485607,0.873360791507739
2037,51,men,0.725874122378424,0.591411633147457,1.57743908591554,1392.06349572248,28.357453267051,0.948970119712338
2037,51,women,0.691451095705225,0.616027956095152,1.4356535253195,682.434286647889,35.8987351523591,0.896094946582652
2037,52,men,0.722761894199211,0.593543060517654,1.63247982393258,1402.5116611886,27.2586270913879,0.868455518217385
2037,52,women,0.639849536376146,0.606942451283663,1.11935884699837,664.515706101399,33.3099361033727,0.91233953152506
2037,53,men,0.738401084811823,0.589393284667274,2.00256589183929,1365.38193174738,26.2132475624968,0.842329979767443
2037,53,women,0.633533207833168,0.609434046464645,1.48797591905405,993.819365696898,31.4935450899157,0.897791332245534
2037,54,men,0.698089001707885,0.590129629121136,1.83916364135083,1272.64870112318,26.7709687638128,0.894481242784835
2037,54,women,0.623739029564176,0.582435386884292,1.24723906278412,798.319746047226,29.0051453937588,0.890894046887091
2037,55,men,0.670864328168284,0.572430520773736,1.5965104876298,1232.03623925722,21.5417982738622,0.928249475983144
2037,55,women,0.582658783965385,0.589425301424049,1.23909612850901,455.285666496816,29.8136253504295,0.93316424366629
2037,56,men,0.663057352205785,0.585775437817136,1.59664333827887,1027.61113367605,21.5565444255139,0.907928049307497
2037,56,women,0.564749837083733,0.57941337697007,1.39347145668539,539.760262100443,28.0646798041915,0.854212568148164
2037,57,men,0.658442173623813,0.584178029355676,1.86116337752568,954.400277838543,19.9333979199853,0.846582973641014
2037,57,women,0.54639480369434,0.571918392502203,1.23983069717655,451.539800148291,25.4068933267013,0.864167016905346
2037,58,men,0.674565082974088,0.572667283482254,1.77154876270114,781.276841265051,19.2745710859204,0.864531131592435
2037,58,women,0.5413033756759,0.569153190731192,1.42295981958096,326.923818707162,22.8404345776645,0.865274418336138
2037,59,men,0.659976962246572,0.574083472750648,1.69973520996989,753.365683948953,18.9075533349245,0.85664384765106
2037,59,women,0.552925534999481,0.540931895381701,1.73444043575524,302.746622520915,22.2235258421473,0.861485681384441
2037,60,men,0.763572062130668,0.731898404451529,1.44947917050537,614.430938959007,17.4173994645769,0.846052842543864
2037,60,women,0.648194040978256,0.716506618627188,1.37702688595096,259.828350660657,24.0460965519307,0.880852871651547
2037,61,men,0.743485533802531,0.729594723498509,1.75288017270132,525.346555600947,17.0889825933872,0.836117981387176
2037,61,women,0.651937427029849,0.700463324872241,1.32398576033213,225.502288519719,22.6453271246168,0.857543522631546
2037,62,men,0.743489775607212,0.732706832204433,1.5256643110234,539.363886911375,16.7968125595322,0.910294151723634
2037,62,women,0.651988314654175,0.700143294308269,1.38080845907709,173.387829620575,21.3281582414611,0.876401375302333
2037,63,men,0.736848757041969,0.735348031664289,1.596270284357,470.06641333226,15.8336982493051,0.868879266482585
2037,63,women,0.6585236251985,0.6860866862823,1.2084897063613,151.588501242609,20.0477380542404,0.857576228687187
2037,64,men,0.738688895437277,0.729614400256943,1.39187939082815,387.585351451246,15.34612861325,0.854241692856463
2037,64,women,0.640163392619888,0.687468226148691,1.1396634604584,127.17998404847,19.0013472096719,0.833762985587531
2037,65,men,0.7140617731703,0.732139064070427,1.41110644887164,327.727854064363,13.9712244722333,0.899883249106641
2037,65,women,0.638642258762977,0.680529100651606,1.54828905560728,121.408135892609,18.3336607617605,0.906676650414159
2037,66,men,0.714729957950051,0.733016533384374,1.46080617975975,291.673340176982,13.4331003307061,0.868932559178168
2037,66,women,0.6066306908309,0.677215905020143,1.14411011479702,95.8914786804552,18.8303210710896,0.868060614513665
2037,67,men,0.706035889737726,0.742128964378969,1.37836887937278,209.731384979375,12.3880261635853,0.860190003124049
2037,67,women,0.63649748546377,0.683620385549329,1.10658285860651,75.2550093071113,16.1139438889166,0.85731356154143
2037,68,men,0.720860749432037,0.750817087128527,1.28255009580496,193.998610625298,11.8825665715571,0.841665412834657
2037,68,women,0.632952315017168,0.690906949490929,1.19970516366062,71.6928140921846,15.3481719622656,0.869264903825973
2037,69,men,0.714032018702775,0.763391549707947,1.13988388413862,134.77214897429,11.5660885925016,0.882727735695949
2037,69,women,0.633719752469974,0.693352148402649,1.20429827512204,60.9420896328221,15.4765210913606,0.878910439230711
2037,70,men,0.753006470134207,0.820415701625141,1.10880787618699,97.6723940413103,11.4820711066923,0.880900715467012
2037,70,women,0.675102059118976,0.74313396295707,1.20738780396332,50.1069012916424,15.2310069066181,0.849900970384529
2037,71,men,0.758126518207365,0.828942289762952,1.21784388697749,94.1354189105219,10.5911656281638,0.845730449775104
2037,71,women,0.688866050691323,0.739478295049779,1.03518108511194,45.8931527264479,13.7532929143737,0.878431319807521
2037,72,men,0.750675035780369,0.845202053913056,1.22621860312485,68.664169658612,9.67602665114342,0.874814926383295
2037,72,women,0.678146355946301,0.754109841542655,1.02790473242548,38.4620314077116,13.052411709569,0.854106244544072
2037,73,men,0.711918556282153,0.857953439203341,1.30088809536442,52.0973722704509,9.81471691375178,0.881487771732501
2037,73,women,0.686186457739882,0.743959757909003,1.05524448748837,34.4218777651262,11.4262098301757,0.865380126933146
2037,74,men,0.710719169027171,0.863709528711084,1.2080162117403,42.887580297951,8.32569953430726,0.847777609059063
2037,74,women,0.663841227943249,0.750517468840815,1.0017743270447,30.272572067045,11.9805319526998,0.874235764408346
2037,75,men,0.675393386844252,0.870532482309115,1.2649733799781,33.5868252771581,8.01370008748915,0.890229425157236
2037,75,women,0.638327507066487,0.753202460009013,1.10209081756611,27.5499925572314,10.5557421402915,0.859485717068251
2037,76,men,0.668048512988579,0.875532619227531,1.2302229409248,29.3210386131563,7.32168814993705,0.839692961278811
2037,76,women,0.637837713504667,0.762480272476606,1.22732161711063,23.0268529044765,9.75565678870115,0.834903392400908
2037,77,men,0.645491851884512,0.889884507668579,1.23246833585128,25.0819710855988,6.3908542611275,0.869419317582923
2037,77,women,0.614900431602409,0.766357586252533,1.02250351358337,18.4831137842315,9.01715007276884,0.909353924599839
2037,78,men,0.64484394640943,0.89916982083732,1.09109629855028,21.8993765829901,6.45134471768304,0.895542463438504
2037,78,women,0.61297837739566,0.771822322284983,1.01174418141658,18.7063240606258,7.96957694814434,0.874715589419713
2037,79,men,0.636717483494994,0.908662195143796,1.10576871261734,18.2130637121349,5.51082690986757,0.882242237868332
2037,79,women,0.608751595852603,0.776094019071936,0.983806725564762,16.3473137197572,7.4093005286118,0.888511943085619
2037,80,men,0.651541102859604,0.914151526404783,1.04807156292581,16.0169639053727,5.66962518782842,0.920645159636135
2037,80,women,0.60717686627626,0.786610482137183,0.951263692253906,15.3863288676328,6.87584488095384,0.880640325525706
2037,81,men,0.659647609877806,0.933913507076549,1.01016020279466,13.0103718591288,4.99876299349982,0.895804878644981
2037,81,women,0.616921918317082,0.794771927779047,0.916921815502546,13.1080114914578,6.29189657485869,0.847562284046392
2037,82,men,0.660654602665947,0.95581382267523,0.894946267905323,13.2863058460201,4.85236729568548,0.886601219364198
2037,82,women,0.625584387816205,0.809969833379417,0.841909137418476,11.9470687125397,6.07584115521192,0.908092043627446
2037,83,men,0.686798201368741,0.978130594497245,0.918220170964516,11.0689373618957,4.44744643083862,0.896149229820095
2037,83,women,0.655295347048918,0.836492786809598,0.869639608996446,10.6041471200778,5.13798572893481,0.889150223361072
2037,84,men,0.72426516979106,1.01363671361593,0.982954680441325,9.13951644614562,4.60058198495141,0.905151892782063
2037,84,women,0.677345002472727,0.858670941866704,0.923636147896022,9.41280211176761,4.99787102118903,0.876868192181339
2037,85,men,0.759301865686439,1.05341836851758,1.09027070665408,9.54826766998821,4.04737503227568,0.914883661957202
2037,85,women,0.698428445114285,0.900113121982273,0.922585754001822,8.3100911391045,4.81430554193459,0.875770380456904
2037,86,men,0.800089012228466,1.08413048406833,1.02914394811774,7.66817020710543,4.13539635470731,0.946580943919521
2037,86,women,0.740196316128091,0.938583274453102,0.959301995999669,8.17809749756205,4.29696415572334,0.885055797647959
2037,87,men,0.856134614699507,1.12264849637193,1.04156384042954,7.24031179644614,3.8188857138628,0.937525772134107
2037,87,women,0.788400577063987,0.983130397174129,0.93638666261289,7.01605382934987,3.93463472652551,0.88741207247495
2037,88,men,0.92629122597816,1.16383543363243,1.06930395198745,5.93206335447088,3.24214297574411,0.91524419299335
2037,88,women,0.837012726147617,1.04499034336411,1.13635155666937,5.7438646274783,3.68461218472912,0.922151877770695
2037,89,men,0.985041532721389,1.21882411275592,1.1330537489747,4.87857264700677,2.98929096244903,0.917853548205747
2037,89,women,0.904380775780349,1.08749799821729,1.00683265848233,4.90018079952719,3.31349057897479,0.924332738293476
2038,30,men,1.53672024268234,0.870826589937006,2.2171582336742,204.026093400255,85.9722669281409,0.924279228924329
2038,30,women,1.09598611052634,0.873268511924973,2.02589523551963,217.467876459205,111.800266001926,1.02181683761272
2038,31,men,1.3972538252271,0.845129042692579,2.18011753601739,236.795494356186,89.3373256273461,0.919204870736361
2038,31,women,1.08966828239399,0.842381601956909,2.0275401015327,257.92396419955,121.298907117615,1.07281743942992
2038,32,men,1.21625544225588,0.806789974163022,2.19606499060899,140.912967488643,97.479738140799,0.992879617457791
2038,32,women,0.870886883735242,0.806941712099183,2.04287380445237,287.69957465144,126.380247118733,0.93012876876674
2038,33,men,0.987329207650654,0.775724601897352,2.18575270440776,146.872389920258,102.369663509585,1.02002375993918
2038,33,women,0.821279303623753,0.797929189896095,2.05293980256235,318.573394985804,136.733363778755,0.947780128299356
2038,34,men,0.954666613827819,0.75501865714278,2.14698528267074,172.830681380504,111.135862124585,0.840676038532996
2038,34,women,0.80883336808426,0.759779779141472,1.96488530065019,371.019106067868,146.939549800371,0.912549714914503
2038,35,men,1.05239825727946,0.766602841143317,1.41881199073072,195.109605421444,120.184523600037,0.86464961775202
2038,35,women,0.860962959135221,0.781789579314066,1.21632170085247,218.923161709269,81.3215080441372,0.95540595316347
2038,36,men,1.16409546139089,0.729511319060419,1.355037813257,217.023798111102,68.6515067974667,0.917338550015012
2038,36,women,0.939086356482358,0.778367181936574,1.28807361327615,249.856698967773,84.8212003414405,0.885817345996402
2038,37,men,1.2942846671222,0.724013327711644,1.39287760730802,182.451572080266,71.475026292268,0.95946935848469
2038,37,women,1.03100935949589,0.763059914708108,1.32655861004098,295.040999978795,91.3499751910991,0.929544605823044
2038,38,men,1.22741093683902,0.707556601969726,1.3349015872743,199.197394112557,73.8584522720356,0.879715935791081
2038,38,women,0.907766987973092,0.788122466477985,1.20562561688683,214.99582217607,94.0506303319079,0.991410067790235
2038,39,men,0.983568438181759,0.707914429810384,1.25775285615846,222.308534215178,76.8147507136882,0.890937106373717
2038,39,women,0.921492993443493,0.739466372092095,1.3038043632167,233.824353409327,96.6617963166461,0.908975424344337
2038,40,men,0.970357643739808,0.685893633447742,1.32115587715868,205.015603794318,54.9973241546091,0.941558816202551
2038,40,women,0.804908846545004,0.715279270845259,1.0249361886218,279.167446049343,69.6417672924092,0.941045583774969
2038,41,men,0.886041388051985,0.66171671084526,1.2365045309154,254.810042791752,83.7459876621205,0.88368827665482
2038,41,women,0.809962397893911,0.702370771227728,1.23975305934481,331.056671351555,56.8204377694547,0.964227901146564
2038,42,men,0.880887515493814,0.665939919349009,1.2719874584504,256.239539034025,62.3521882960416,0.874166017802092
2038,42,women,0.849729992020399,0.725805232832552,1.29523144320051,258.232056712691,76.6476088557161,0.896122171986607
2038,43,men,0.896151313191347,0.652808665782849,1.51693366361674,273.680763616977,54.4597273517461,0.850587071502037
2038,43,women,0.785776989899048,0.706336845671281,1.09199964486033,334.599917769251,59.9094351172457,0.933941133879469
2038,44,men,0.870218615909142,0.647188058473138,1.59759631443694,274.763080769057,51.6254795310784,0.925360172429546
2038,44,women,0.782400527471373,0.691836016513572,1.24071244306976,379.70491851541,62.2963446162395,0.868008733609245
2038,45,men,0.796971052577161,0.639046730022424,1.51606459347913,335.65132419726,43.9212903700927,0.840709622643535
2038,45,women,0.724728036889581,0.672197419723572,1.36579617618745,387.368644169187,52.1657128337624,0.928255678680428
2038,46,men,0.803498745049184,0.628037251113535,1.33631902650228,367.869013071525,38.4786511741516,0.941443152764279
2038,46,women,0.717725334051927,0.637225365557682,1.48850243317047,506.935786201516,45.2356553568986,0.961687021471842
2038,47,men,0.749461987826976,0.625742778119313,1.45015682626594,390.637039152003,39.6954247265271,0.876249875160303
2038,47,women,0.740698562374982,0.643214615939923,1.47437229103472,447.110924456218,45.5656313703566,0.909231655205806
2038,48,men,0.789203536886861,0.624855743646853,1.60002096771563,473.786220854221,35.6406899887938,0.895179839123599
2038,48,women,0.681245903371812,0.64972470254226,1.68288195968386,626.703460774499,39.2585329359493,0.885384022437675
2038,49,men,0.725976395753897,0.616007262228865,1.58534354881731,714.644806789664,32.223418349848,0.856627155316016
2038,49,women,0.702775924731291,0.621659133914086,1.31281324114131,579.040479297292,44.0303645393933,1.0054810979772
2038,50,men,0.741805278684617,0.592572113451705,1.80858340673624,949.785106053744,31.2184448046009,0.938933357494928
2038,50,women,0.665575491678472,0.591829242656107,1.37374221335328,820.549951589992,38.1642540953673,0.905091365580254
2038,51,men,0.719164048556874,0.582896259232661,1.59751132268451,1586.2032571564,26.7269583502142,0.89193190580883
2038,51,women,0.681090331081924,0.607497894745767,1.44468736757587,628.99135342307,34.3509458599049,0.880026194622308
2038,52,men,0.715726580291846,0.584067931786247,1.65199956625946,1574.82655838539,28.2870976624806,0.888596241936295
2038,52,women,0.631243928629145,0.598266824361325,1.12628863873129,706.68048547422,34.9960679324733,0.876951623351527
2038,53,men,0.731569195418487,0.579998698097193,2.02742116105155,1254.60121603439,26.6215979994026,0.894711153819235
2038,53,women,0.623527100052139,0.600167885193243,1.4971262257708,794.667290040447,31.1980639046703,0.819891778040529
2038,54,men,0.691727995339744,0.581412335262839,1.86086403616308,1285.56472882288,21.7945933047129,0.882300006848461
2038,54,women,0.614547428032501,0.573433218054376,1.25540348911646,1682.69441206545,27.6122341941869,0.856652537982277
2038,55,men,0.662393095627056,0.56350429049713,1.6196546971074,1124.15362598795,22.6718985165972,0.894771969649348
2038,55,women,0.571848438996382,0.580259898270261,1.24736211751187,1059.71317410934,29.1849250792725,0.847411884582579
2038,56,men,0.655285614593323,0.576875342206653,1.62003483679291,1072.87402666105,22.5767472092145,0.851597493697933
2038,56,women,0.554349922169884,0.570404059460496,1.40151501480274,602.164625661241,27.9652974247368,0.907514233279745
2038,57,men,0.650855870084591,0.575346274799637,1.88741155865626,897.709857947878,21.2261751682617,0.85179403697165
2038,57,women,0.536670392267489,0.563078887296435,1.2472286545711,672.878079483267,24.5770399062086,0.900556780228266
2038,58,men,0.665949412270318,0.563653997209572,1.79607976224157,804.5240043595,18.6304159044742,0.864670084619394
2038,58,women,0.531226154178794,0.560090184884382,1.43077784332113,468.639023871456,26.5269065057533,0.830866406075066
2038,59,men,0.65143718680886,0.565230295460817,1.72278631938238,721.190352170677,18.640384790446,0.877901427319524
2038,59,women,0.542289833483115,0.532307279092421,1.74298439614295,390.13560024842,22.2260304427325,0.82979660423641
2038,60,men,0.756419376456648,0.724150731286102,1.46759420162861,633.816671547468,17.9445094510743,0.872834908807297
2038,60,women,0.639034909199072,0.708306479612119,1.38425423367552,347.680517943318,24.0780716296864,0.842481265095971
2038,61,men,0.736687284066096,0.722167787525896,1.77259256525897,571.506572191389,16.5737955976643,0.869707905208708
2038,61,women,0.642319728519639,0.69304284378581,1.33089073964185,245.797992294451,22.9248354268546,0.899393150159981
2038,62,men,0.736524738315355,0.725259781214576,1.54218867814158,535.435380385373,15.9873724520351,0.856339478936493
2038,62,women,0.642599886123603,0.692168353601483,1.38519617620994,240.792575653948,22.1927689887716,0.878849326830793
2038,63,men,0.729237048483251,0.728251376049707,1.61102563689309,430.868363696103,15.5544579089292,0.843261509591716
2038,63,women,0.64877616535261,0.67785143222247,1.21189586258682,184.324123175579,21.536488339005,0.85962271222145
2038,64,men,0.731515500882068,0.722379102440994,1.4048467729666,402.318214109112,14.8880820183167,0.864660291112508
2038,64,women,0.630314221690595,0.679124241854375,1.14036324208165,153.913690267813,20.151078438077,0.849010151529229
2038,65,men,0.705718388711142,0.725177635202814,1.42528914953843,354.44281886204,13.9081820503218,0.845673198085807
2038,65,women,0.6278099920518,0.672279510207024,1.55227193398147,128.926166958438,18.6725003258737,0.848365574105953
2038,66,men,0.706661499599259,0.725713831123877,1.47012160734815,299.897142872534,13.3444124608446,0.876376001291949
2038,66,women,0.596588128886704,0.66904509923595,1.14489843819584,105.635083546756,17.8603259477126,0.868836603219877
2038,67,men,0.698043024990594,0.7346178542181,1.3863340983496,274.599360188627,12.3873956550478,0.885728811876485
2038,67,women,0.627300182409271,0.676024031927995,1.10651641973577,90.6877001933187,17.3629646416783,0.862953631802612
2038,68,men,0.712475923974424,0.743580467495107,1.28817032277022,217.419394488909,12.4723420745477,0.845936951399125
2038,68,women,0.62293897831305,0.683047901546435,1.19604608577435,75.3682544578515,17.1295790229881,0.871780571488025
2038,69,men,0.705349429482221,0.756802761814172,1.14172772851217,195.584151108659,10.8853284514162,0.869201660408705
2038,69,women,0.6241150567636,0.685864781972553,1.2007568272038,68.8808024494593,14.2351735515327,0.848142548819762
2038,70,men,0.745367482255309,0.814882268241892,1.10977572032222,137.160830288834,11.2421420991426,0.867167816316112
2038,70,women,0.666027258766112,0.736247041941859,1.20158823991294,61.3693073440251,15.7082898317079,0.85298745455511
2038,71,men,0.749690155095675,0.823687692042895,1.22041316769058,104.01838278049,11.3219413380201,0.855387127414875
2038,71,women,0.679073671052831,0.732758875224046,1.03023775317485,53.8659757506275,14.3790894945002,0.85160351404226
2038,72,men,0.741656649186134,0.840415103064134,1.2264233683627,91.8749919640156,10.0651557158166,0.844606842612469
2038,72,women,0.668813065496069,0.747479087738229,1.02130186337524,46.5493035929032,13.3711164592061,0.849203125078142
2038,73,men,0.703245284141544,0.853841685912316,1.30018067046621,64.0674172985764,9.15356666122888,0.891816199370464
2038,73,women,0.676313033475347,0.737282662295179,1.04927515381858,36.5682433056983,12.6186749435667,0.903448564357668
2038,74,men,0.701482168569328,0.859117863167771,1.20803846261448,51.8522967925264,8.58544518544477,0.846599667836159
2038,74,women,0.653889253432247,0.744107233325904,0.995874434403902,34.9582024605643,11.0741893617743,0.873408482220174
2038,75,men,0.664532322283622,0.865775949238834,1.25990293766195,36.6361985207635,7.92957654234586,0.884607438110696
2038,75,women,0.627113233941827,0.74616236500441,1.09973598270621,29.5449285022647,10.1217652109571,0.81564355250109
2038,76,men,0.656422319230562,0.870653470909699,1.22886239523793,32.585162871013,7.65497497412558,0.894961144574397
2038,76,women,0.626869698502468,0.754831014340987,1.21778173948797,24.6570076491011,10.2841227351817,0.848018010636386
2038,77,men,0.634116230732184,0.885832740391017,1.23710354321536,26.7223136428748,6.6609487344682,0.871859616534964
2038,77,women,0.603775370957448,0.758830832233916,1.01337459765331,23.3145821236825,8.50797133906337,0.873490820229315
2038,78,men,0.632400782781049,0.894098256898115,1.0843632078534,23.1049252517232,6.53973284513265,0.868546795203177
2038,78,women,0.601291655158005,0.764024464351327,1.00611718969838,19.700428337999,8.65173002572245,0.860661841287833
2038,79,men,0.62340542634837,0.904250364337198,1.09408245222949,20.7119096562478,6.01175092662791,0.888556851594497
2038,79,women,0.596540413990026,0.768697922106723,0.973669318928813,16.8736287566118,7.30608979618565,0.85966781882425
2038,80,men,0.638926818448691,0.909598422013745,1.04018714043593,18.7554774920197,5.3634996636809,0.872539204284758
2038,80,women,0.595063411717405,0.779350030352772,0.940736022516164,15.1016757322172,7.09544510804553,0.887307034306768
2038,81,men,0.645811008504101,0.930044747688897,0.997125740900676,15.4861655577839,5.49512718058665,0.869941480988547
2038,81,women,0.604376586999868,0.787519292959878,0.903406426190351,12.9731140583349,6.24789015820929,0.886518992950427
2038,82,men,0.646634335429211,0.951102275215838,0.883058154867993,12.2972685165332,4.94672419192955,0.897411185827403
2038,82,women,0.612522319705482,0.803241997899256,0.829446050524656,12.8238341361049,6.07683148424031,0.883550930012251
2038,83,men,0.673143101135203,0.975362499499799,0.900138066497982,12.4239628919131,4.89739099565217,0.898736638472228
2038,83,women,0.64267991451605,0.829961877811379,0.852945035629874,11.3294180331348,5.50932431603172,0.862692436757855
2038,84,men,0.710599954319893,1.01152005360557,0.969424957887256,10.4404769435067,4.13378102483575,0.919901231118385
2038,84,women,0.664627976744918,0.852931182661102,0.91139211843096,9.80055081396127,5.23465270664496,0.899549450486113
2038,85,men,0.746287411366981,1.05171618079984,1.08421694829311,8.9827027995551,3.77361865651341,0.916164431357863
2038,85,women,0.686120265576618,0.895075583381975,0.915965642107672,8.97603384294221,4.69932367514097,0.888569501821356
2038,86,men,0.787892672176191,1.08440749172912,1.02034364686995,8.6287150796064,4.19554945626914,0.947687166668625
2038,86,women,0.729206673019526,0.934714253484751,0.954411349577056,8.21510702776834,4.3977452152078,0.903686403260411
2038,87,men,0.844778214642307,1.12469972710242,1.04543137166431,7.42249057403409,3.8679775065998,0.939081276198666
2038,87,women,0.777668098604662,0.98086344406335,0.928868226706924,7.11661811314528,3.95920524330264,0.889716911167806
2038,88,men,0.91487819185415,1.16482936603267,1.04241997589863,6.30423231997744,3.45948516722825,0.924765007838752
2038,88,women,0.826603044296354,1.04461214535996,1.12302491932049,6.51906919604715,3.52484564202475,0.942136260108969
2038,89,men,0.974511621354894,1.22464768296909,1.1456841905648,5.32849839886035,3.16057510534898,0.927417606116234
2038,89,women,0.893942739953324,1.08799674067703,0.998845801658397,5.57347529914829,3.18508059204389,0.944370102858086
2039,30,men,1.55125189110691,0.865582701832052,2.28858016804435,206.787158029855,88.32234391132,1.00465728131467
2039,30,women,1.0979747443323,0.868848027210985,2.0856670375938,225.283990725729,114.550002028909,0.960628006148419
2039,31,men,1.41773341391578,0.8405498429089,2.25170856251152,242.190325929894,93.0003259171584,0.96305655886742
2039,31,women,1.09196582329448,0.837027305560223,2.08814009861096,256.40189442328,121.859909290287,0.956789650596318
2039,32,men,1.23668038550332,0.801083149528047,2.26752488327915,275.137341278653,95.571050325177,0.974624980416686
2039,32,women,0.8688721500865,0.800853135359631,2.10159827231636,297.450920314674,127.217483830257,0.940877689795376
2039,33,men,0.997586888634285,0.768886943190681,2.25708610850383,160.463931741762,104.150110344557,0.923094532644237
2039,33,women,0.820474684438537,0.792303405626375,2.11125661024943,170.538228056713,135.871642180633,1.04734966164349
2039,34,men,0.955977678892914,0.749156570276311,2.21760605251219,170.294987287008,111.360863710537,1.0428747214495
2039,34,women,0.803847829866313,0.75285056072328,2.02145296288047,260.199733370285,146.261015765621,0.977289505101378
2039,35,men,1.05337968127245,0.76100515357934,1.42259206171954,199.711288958717,117.342023875992,0.93009250360304
2039,35,women,0.855479045321911,0.776047925231426,1.21516697942281,219.869036118056,81.9037534978075,1.00372147872308
2039,36,men,1.16479161106618,0.722225095120651,1.35883680287597,230.798612436936,65.2065697924965,0.895639743684091
2039,36,women,0.932662538209681,0.770644244653932,1.28739447998725,253.539884054047,87.8782538283428,0.846967591854629
2039,37,men,1.29509054282075,0.717025688413487,1.39789126620154,175.016794775077,71.0388485797825,0.929108557128434
2039,37,women,1.02363629995254,0.756343680714427,1.32533997705015,284.799249298049,86.8109877046407,0.898816206910451
2039,38,men,1.22850420429927,0.700060328034286,1.34106913612088,211.23880865213,74.6858724685999,0.921499393880572
2039,38,women,0.903411750790722,0.781431434375739,1.2051674730888,348.640192759318,94.2080398357175,0.898117228527979
2039,39,men,0.98041935832248,0.700639155887296,1.26279300655806,236.006173840915,77.5204353521925,0.883231357988674
2039,39,women,0.920057613747374,0.732713801844032,1.30209092032843,251.844352503982,98.3573128292675,0.935674204075762
2039,40,men,0.969990031596579,0.677655123952571,1.3266614028945,227.371684957347,55.1833877084944,0.963651723386422
2039,40,women,0.797995638974938,0.707991121205937,1.02483531899812,264.202266124562,69.5039478434523,0.844489180601308
2039,41,men,0.88409075014849,0.654097023498952,1.24252930997556,234.920455359087,58.3616138232589,0.893624001622751
2039,41,women,0.804643365990462,0.694501681117642,1.24133312989334,334.998089864109,72.7362406591429,0.93649903294083
2039,42,men,0.87881885286342,0.657238960440261,1.27893724350374,282.825875725966,60.1225546864902,0.952208909738239
2039,42,women,0.844331528820646,0.717748533298991,1.29791070852667,391.653101890721,76.9381827409145,0.904988414412317
2039,43,men,0.894736565924321,0.644196789440302,1.52600908587576,314.125130606855,47.4980789990123,0.872253722565836
2039,43,women,0.77764658118414,0.69886484507149,1.09435988186084,382.3813053258,58.2580397453856,0.897691840443904
2039,44,men,0.867214027025629,0.63885002590713,1.60872036246731,288.126167615854,40.2016411915956,0.921158323568551
2039,44,women,0.774435155908162,0.684294132618069,1.24593906471003,390.707012284843,60.9360130642101,0.945657004553916
2039,45,men,0.793405812256176,0.630785132086306,1.53008127627065,281.726434522114,43.4480801830492,0.86678709033689
2039,45,women,0.718105816433547,0.664078187017761,1.37116859636993,444.194029604472,51.4599931522527,0.850457565981904
2039,46,men,0.79918428795855,0.61956898166713,1.35055270917392,372.184470266614,45.6641871754341,0.887488819394279
2039,46,women,0.711010400980993,0.629315963395169,1.49576938607314,466.315806118261,52.6599614189392,0.861656835180094
2039,47,men,0.745192731779031,0.616754869310644,1.4657211907831,402.08104329282,39.7163406535351,0.865938586798713
2039,47,women,0.733181279693306,0.635221890656618,1.48251902628461,573.243807396476,44.7267771703986,0.878321324063365
2039,48,men,0.784528159432373,0.616254252086217,1.61831585255179,536.450239406875,33.6327894752788,0.908026825315205
2039,48,women,0.673791516012621,0.6416570098724,1.69355926198401,570.479063326205,39.8702902741269,0.867036977712834
2039,49,men,0.720790472096436,0.606824841699889,1.60409208535887,569.758345640432,33.6810693581337,0.866295494132053
2039,49,women,0.693275847693222,0.613425836847949,1.32145794387832,816.596767069167,34.798237072664,0.888329048960604
2039,50,men,0.736664317761849,0.584063719534588,1.83009506488309,1251.96725293615,30.8044500039101,0.825134531164546
2039,50,women,0.657035174952333,0.583458198305823,1.38333899255427,634.026125643917,37.9451576228616,0.91031602813026
2039,51,men,0.712519249652225,0.574507580331736,1.61782893505865,1604.3096022818,27.3905383672029,0.866364645830772
2039,51,women,0.670889781783694,0.599090045928248,1.45377358174394,1037.73237136237,34.6903996184537,0.867124378252995
2039,52,men,0.708763148587383,0.574748598136258,1.67174296059771,1650.58406081761,27.9437308767958,0.883837534313616
2039,52,women,0.622758197992668,0.589719371672084,1.13325790075819,815.380618398823,31.3476014930052,0.857639366352202
2039,53,men,0.724803821560631,0.570758354580453,2.05257250617281,1485.72946412384,25.0694389580197,0.850317258359234
2039,53,women,0.613683822771759,0.591047053871587,1.50632827209117,951.591851018003,32.3887392688443,0.939067449063457
2039,54,men,0.685428028516458,0.572827993678624,1.88280964100504,1293.26038532285,22.6606323492861,0.876236470053324
2039,54,women,0.605495686317935,0.56457450154176,1.26361731528801,983.985904960609,32.5359452222329,0.873562431258065
2039,55,men,0.654032909370025,0.554721528710969,1.64312282116127,1239.49111566754,21.6364220958491,0.860481174091677
2039,55,women,0.561243819625775,0.571241406303833,1.25567915321931,1639.67892730238,30.2292953641485,0.869147403598174
2039,56,men,0.647608715649476,0.568114738820964,1.64375730282652,1172.42413113328,23.1285671339763,0.860375987538114
2039,56,women,0.544146483975822,0.561539144998744,1.40960102285729,1243.64990252013,27.9795753090845,0.922838843106971
2039,57,men,0.643360630228086,0.566652275568659,1.91401677120004,911.044706189512,19.6194525079443,0.876664636599713
2039,57,women,0.527123693713574,0.554380240581932,1.25466709326892,809.155816912953,26.7967567960434,0.879965028695574
2039,58,men,0.657447928262747,0.554786889769829,1.820938163044,835.583041555704,20.4865128404677,0.863161964774565
2039,58,women,0.521341342154715,0.551175835444701,1.43863495401082,745.367502330217,23.7916819251035,0.850842075000311
2039,59,men,0.643012020023664,0.556517889543984,1.74613849989373,742.269396041942,17.5357805880208,0.863484961351087
2039,59,women,0.531863780674136,0.523824303710852,1.75156622230903,585.048922130807,22.0075192795156,0.867038066759164
2039,60,men,0.749337152464344,0.716488813312837,1.48592657394308,734.236866561967,17.8104758370592,0.829388343130802
2039,60,women,0.630009596228781,0.700204141757408,1.39151594088581,440.016708221959,22.7462983143895,0.879877799770716
2039,61,men,0.729954485148816,0.714820042155609,1.79251680423675,589.334942513348,15.9627105723149,0.879000805723653
2039,61,women,0.632848528966884,0.68570455533651,1.33782831666183,350.133376952016,24.0637225893953,0.886310291540286
2039,62,men,0.72962831856984,0.717892017850069,1.55888378143334,531.17159213004,15.7520363936244,0.89732878456565
2039,62,women,0.633351154452965,0.684288096484323,1.38959567325439,261.758765194374,22.3415338445854,0.874551460526373
2039,63,men,0.721707645762565,0.721226639475137,1.62591004374876,490.938265138658,15.0856954835279,0.864480470630246
2039,63,women,0.639177663188669,0.669718995113644,1.21530994116193,225.840879112363,19.7821005004072,0.8986530954256
2039,64,men,0.724415234850041,0.715219050869489,1.41792851483852,399.998940782109,15.4078326537103,0.846524560308643
2039,64,women,0.620621304686982,0.670885549603244,1.14106310978941,173.331588640958,19.6226342410875,0.876805628017227
2039,65,men,0.697476513073669,0.71828576436531,1.43960733468253,399.316521819817,13.7479809200394,0.853184906972784
2039,65,women,0.617166634927919,0.664133897441421,1.55626309669501,142.929299969002,19.9739894685195,0.823937972263432
2039,66,men,0.698688015822406,0.718487411267411,1.47949182505509,341.579209767146,13.4419913954349,0.882987439617411
2039,66,women,0.586716622678447,0.660976812497246,1.14568691765413,119.0486915033,16.5667606378908,0.840369673620458
2039,67,men,0.690144500118974,0.727186393058132,1.39434140486127,272.444412825959,13.0211745705269,0.852357755548745
2039,67,women,0.618240193485028,0.668515753081684,1.10645001744314,111.381718203409,15.9191399524122,0.842929971547515
2039,68,men,0.704192669833765,0.736417095526558,1.29381240279763,244.340865748012,12.5495996640849,0.848106718292721
2039,68,women,0.613088849063196,0.675282039766448,1.19239995478636,87.9872863251776,15.7824770054912,0.843690792565585
2039,69,men,0.69677660189565,0.750274031780884,1.14357364873142,222.994227204668,10.8958585662487,0.835778503384191
2039,69,women,0.614660535331665,0.678461883699484,1.19722752315182,74.7650875300333,14.8694363168536,0.834820477942881
2039,70,men,0.737809679714969,0.809388843089068,1.11074393385451,182.117848691009,11.3982499959255,0.861549090455221
2039,70,women,0.657078805162514,0.729427276357435,1.19581935801862,70.1605652245991,15.0008925631993,0.815080297493145
2039,71,men,0.741351740685559,0.818468955997868,1.22298660443772,136.25392883079,11.2613163029472,0.892837212817528
2039,71,women,0.669425193835978,0.726103764199431,1.02532043491837,62.2439886639845,14.2073241980446,0.888064481965519
2039,72,men,0.732750951339722,0.835657592305259,1.22662806731997,108.492337578305,9.84657475691101,0.843507331278135
2039,72,women,0.659612712895241,0.740909846924421,1.01474461656656,47.1163496034895,12.9193851955475,0.869458750574386
2039,73,men,0.694681855293604,0.849751640819997,1.29947397701578,81.1971348552618,9.36360296822697,0.884997482633329
2039,73,women,0.666586415581095,0.730668725617413,1.04334249111156,42.2912466169072,12.9112664410406,0.843367623041609
2039,74,men,0.692369661797852,0.85455284244064,1.20806070298288,64.6500824546838,8.37625432546185,0.863573115781562
2039,74,women,0.64409124653895,0.737754852575205,0.99001215754565,36.2733298199293,11.8440598745878,0.845342118371959
2039,75,men,0.653851115455027,0.861047719809132,1.25485529179884,47.4333302601209,8.3305299664528,0.87608562599414
2039,75,women,0.61610133240696,0.739191478196688,1.09738733089665,28.8071703983859,10.2509770966969,0.869322573259154
2039,76,men,0.645004013681258,0.865803886518731,1.22750402054335,37.6214987358579,7.69909158043374,0.887229852501317
2039,76,women,0.616095527528839,0.747262190189726,1.20832063999976,26.1448044984717,9.52198265007002,0.919076747028403
2039,77,men,0.622946517711306,0.881801395433524,1.24175389652685,30.8191675532267,7.12741177172213,0.898441532379497
2039,77,women,0.592856899999887,0.751381639997085,1.0043316031334,22.2959730730259,9.19442169750341,0.835040305143701
2039,78,men,0.620203655543636,0.889057764839358,1.07767493909764,27.0973528942923,6.61926108150318,0.890760269321918
2039,78,women,0.589833315570568,0.756309157021349,1.000524230839,21.3646794072683,8.39504023312656,0.868866443988577
2039,79,men,0.610378015172887,0.899862102819538,1.08252533961351,22.7655578835203,5.85069889625859,0.890841281561528
2039,79,women,0.58457999178313,0.761375885651934,0.963641267130389,17.9490980950999,7.84848762790289,0.850332072629126
2039,80,men,0.626562764392536,0.905070212109943,1.03236585499514,19.7269635685022,5.64018874270035,0.898787186507131
2039,80,women,0.583197391414755,0.772160105342044,0.93032994179381,16.568145008027,7.09161563508086,0.866124269795644
2039,81,men,0.632271215290337,0.926193900797192,0.984265738136676,16.5962180460877,5.39501828859626,0.895213588688666
2039,81,women,0.592092336910903,0.780336350781186,0.890096737134267,13.7060440827952,6.55125084406325,0.866459884872468
2039,82,men,0.632918263105892,0.946416246868916,0.871333674789432,14.271688116309,4.84742155177756,0.921144877431992
2039,82,women,0.599739192748858,0.796573305045491,0.8171734377988,12.8098214278193,6.30445589451492,0.896477531209727
2039,83,men,0.659765994897745,0.972603590318013,0.88242065440747,13.0064277159539,4.66572820819866,0.894118448392458
2039,83,women,0.630313358928792,0.823485125152223,0.836578904801506,11.5274842477391,5.61798779877229,0.881519204799046
2039,84,men,0.697199084660904,1.00940884866251,0.956087963543553,11.9593073595703,4.70952353419141,0.945585121029458
2039,84,women,0.65215577429678,0.847232578189971,0.899316287242706,11.5570171389831,5.15652675850077,0.867444835292467
2039,85,men,0.733502245985241,1.05001757659399,1.07819974860629,11.1235749381577,3.8956420885084,0.90438969160434
2039,85,women,0.674034868032477,0.890068688159852,0.909396246176113,9.85853571298361,4.62005094566259,0.888380915168708
2039,86,men,0.775888096506105,1.08468443422846,1.01162285956813,8.80017672302428,3.78935614831435,0.91078417374974
2039,86,women,0.718385463776604,0.930863067617281,0.949548017123383,8.32405941876212,4.18626444289226,0.897058303337184
2039,87,men,0.833577914698341,1.12675369670538,1.04931135598464,7.73407032364834,3.87807885147703,0.941941557773646
2039,87,women,0.767086878849212,0.978602826436206,0.921413801713777,7.6313604931107,4.10875199040734,0.901295202959021
2039,88,men,0.903611275754431,1.16582365906071,1.01622459871231,6.18850040462602,3.59296005724994,0.953035848522495
2039,88,women,0.816327836162977,1.04423426965838,1.1098609937733,6.47140474760057,3.7397467408899,0.907100858161115
2039,89,men,0.964099355691426,1.23049620105231,1.1584491271466,5.21728557009466,3.32441112630518,0.955786693037722
2039,89,women,0.883630208205004,1.08849546703753,0.990926173296331,5.64212163866125,3.28334169904196,0.909258104467722
2040,30,men,1.56591372842345,0.860372939012819,2.36226611383637,212.388959665296,175.950979353571,1.01225763616527
2040,30,women,1.09996600874047,0.864452069987575,2.1471717283718,233.401738460265,109.407136828779,0.902131353271953
2040,31,men,1.4385029095902,0.835997681837161,2.32561366235892,233.926714394354,92.2745654333924,0.895043404720843
2040,31,women,1.09426707842231,0.831709642135369,2.15052028081691,259.824534452881,124.69340309398,0.956042545802687
2040,32,men,1.25743806311549,0.795419460598606,2.3412733187076,143.592918105384,97.7773869395499,0.97873342219979
2040,32,women,0.866863061808957,0.794813450055028,2.16198079145796,288.768632652756,128.806391126124,1.03142124862571
2040,33,men,1.00794603191262,0.762112863710018,2.33071082262783,159.985261190511,102.642212014877,0.908514482219959
2040,33,women,0.819671247488653,0.786720015131344,2.17120017409146,244.817104127008,134.551033663379,0.881620027051826
2040,34,men,0.957289900312103,0.743342838464952,2.29051340370942,177.065998433307,109.372996472256,0.881905420733211
2040,34,women,0.798895443747753,0.745987888154163,2.07962022701287,201.354512988599,141.336703985827,0.890762126124946
2040,35,men,1.0543615386204,0.755451054620554,1.42638034292506,196.56356474633,116.070757679866,0.941622198611162
2040,35,women,0.850032724565656,0.770351223530755,1.21401391960694,232.169763913891,81.6475960224372,0.891116786649745
2040,36,men,1.1654878354116,0.715015163794986,1.36264457281455,234.156978683079,123.80571757005,0.993063287150281
2040,36,women,0.926285779491359,0.763001664596228,1.28671603749644,261.557358753274,86.4672021713755,0.843664488490205
2040,37,men,1.29589652478818,0.7101088652917,1.40292050018583,257.783099488963,68.1815613802749,0.928523243228121
2040,37,women,1.01631954380619,0.749689810775452,1.32412306023995,292.316615505376,88.6972093510317,1.02605844639829
2040,38,men,1.22959790878097,0.692647091348243,1.34726213542008,201.908249134693,75.168262162909,0.904807440374917
2040,38,women,0.899079529033048,0.774800447080899,1.20470972789501,228.155811619879,93.6252780610683,0.883908141124146
2040,39,men,0.977281897472554,0.693442162667684,1.26785086804846,211.858468024028,76.3239621273859,0.966127772372585
2040,39,women,0.918625172042008,0.726026159549937,1.30038056769827,268.528073953471,69.0453047452304,0.899924349200801
2040,40,men,0.969622738864058,0.669519536992989,1.33218715494246,213.561760583311,80.8724605919672,0.902935719984858
2040,40,women,0.791145153696688,0.700780751261131,1.02473450875224,410.38551227017,70.5380022736647,0.999302316515011
2040,41,men,0.882145359886671,0.64656874877761,1.24858046867972,243.142765692941,57.0505399376607,0.917941557205037
2040,41,women,0.799361846586936,0.686724546919875,1.24291443803296,238.636537131556,62.9867464601077,0.907845692320232
2040,42,men,0.876756058976833,0.648655868356826,1.28592156469702,229.132478110874,59.965995527065,0.874824353223299
2040,42,women,0.838969984643732,0.709785150761493,1.30059419831188,384.676948276639,58.3644155550446,0.841666560304767
2040,43,men,0.89332474413986,0.63570266053907,1.53513431423503,283.760970065393,54.789469714006,0.862160388298055
2040,43,women,0.769604222293765,0.691475492858228,1.09672405923794,358.118197519706,60.230841463453,0.889901689992515
2040,44,men,0.864221277610778,0.630623425699155,1.61991635579103,318.720819348131,41.8990597687484,0.879365542138839
2040,44,women,0.766554723320351,0.676838102352722,1.25118512509799,344.275862797705,61.7227421119133,0.882685836475858
2040,45,men,0.789858257373257,0.622634312593639,1.54422058135092,348.093082375742,43.0607868044562,0.917052417175542
2040,45,women,0.711547309257757,0.65606093269608,1.37655949946834,376.711763393894,56.4337202966573,0.871754570731724
2040,46,men,0.794895096157259,0.611218964290678,1.36493090988892,297.468587644199,37.8328763212753,0.87888978403816
2040,46,women,0.704361538179407,0.621508540845661,1.50306822742793,471.722575855942,44.738474213222,0.909697039132513
2040,47,men,0.740949870664514,0.607900371371712,1.48144485121963,438.55414103371,39.226072217399,0.874108248585551
2040,47,women,0.725743919104314,0.627332330853692,1.49070674920419,454.718564591846,44.9312148493859,0.963479091781831
2040,48,men,0.779882751790672,0.60777529555507,1.63681079940816,581.714880037158,34.7198353219331,0.945790913211655
2040,48,women,0.666422291862391,0.633693376759329,1.70429902292267,627.375626744163,44.7164672423159,0.909081753501342
2040,49,men,0.715644108995667,0.597783699527278,1.62305298902791,788.65816386476,32.4351901063797,0.889264225734314
2040,49,women,0.683908755940505,0.60530553911566,1.33015529028827,715.798311553573,39.3990084116732,0.914166008024536
2040,50,men,0.731561479970775,0.575681574889253,1.85185185089617,960.62052197855,28.3846463361859,0.89041713043035
2040,50,women,0.648608550208236,0.575209574664538,1.39299805873726,1081.24677963699,35.51932483117,0.895550276802656
2040,51,men,0.705939059129499,0.566243650673382,1.63839480010986,1687.38586435403,32.09233192105,0.852698284355746
2040,51,women,0.660846893535921,0.590802600016291,1.46291244553094,933.370358945208,36.9445261848761,0.860189168570545
2040,52,men,0.701870829926058,0.56558242337204,1.69171245791596,1687.6917992679,28.4771212360361,0.844191658540807
2040,52,women,0.614390616996933,0.581298138088913,1.14026683836849,1559.05325770716,33.1177158617002,0.816539140136015
2040,53,men,0.718104283494052,0.561669647919048,2.07802330625158,1536.29923061497,24.1106486328073,0.867689732870874
2040,53,women,0.604000648317001,0.582069203548389,1.5155823249817,1090.84830937454,31.3558442535316,0.890956211925099
2040,54,men,0.679188486002831,0.564374512921383,1.90500310439712,1338.43305043729,24.1649718886386,0.889338221706413
2040,54,women,0.596581609274757,0.555856882710857,1.271880815751,1223.02246927877,27.0896827779198,0.901779482241638
2040,55,men,0.64578226033839,0.546079860819051,1.66691923093129,1216.90323354824,20.6790147449238,0.838595515783657
2040,55,women,0.55084091277724,0.562367400377439,1.26404752560357,1236.27170018378,32.1128435070253,0.873817062626656
2040,56,men,0.640025452392609,0.559491374572622,1.66781525348292,1135.87814278744,22.2765067357785,0.898048337514121
2040,56,women,0.53413571699363,0.55281624994109,1.41772968389498,1488.64989809263,25.2708708236056,0.910814575552107
2040,57,men,0.635955317094322,0.558093817006883,1.94098369286426,880.298235886982,21.8913303489057,0.859528373235925
2040,57,women,0.517751375565472,0.545820140325923,1.26214621476542,1227.01483642081,26.8400783303123,0.862956966573097
2040,58,men,0.649059062700916,0.546063520458589,1.84612817095371,929.271107710674,19.3017428300475,0.881458513591986
2040,58,women,0.511645174158398,0.542407632948231,1.44653132775541,967.046359176612,23.3043502956826,0.878991366037002
2040,59,men,0.634699868697122,0.547943949243235,1.76979553324418,875.772148610743,18.1442438367924,0.867613808012613
2040,59,women,0.521643144228057,0.515480575326212,1.76018606337578,857.025704555563,23.2556522342415,0.863757188459291
2040,60,men,0.742324661982431,0.708911659988489,1.50447878655822,678.86996488352,19.3980539140507,0.847728124870495
2040,60,women,0.621116082721333,0.692198391501588,1.39881215395878,687.343199313321,24.1884752968383,0.873328135667968
2040,61,men,0.723286475279438,0.707550604789813,1.81265506074388,576.898620628542,17.338121879141,0.839731669839613
2040,61,women,0.623521526653563,0.678447509478783,1.34479862918217,493.105449942701,23.1857397024546,0.886373551029898
2040,62,men,0.722799807213852,0.710602659681404,1.57575129997551,505.22833209346,16.3316240950627,0.89309182870158
2040,62,women,0.624239974008245,0.676501353200996,1.39400697603609,386.909272047453,21.2143622838186,0.830927746554652
2040,63,men,0.714259619189364,0.714273058360588,1.64092456954352,507.573311371802,16.2072031643719,0.863722496802271
2040,63,women,0.629725770995364,0.661688041804889,1.21873195661412,293.1137126894,20.5160093038275,0.83730605334437
2040,64,men,0.71738731652121,0.708133426661038,1.43112556815627,441.860440699055,14.281534831509,0.868261192263526
2040,64,women,0.61108208787494,0.662750770059144,1.14176306354996,218.882029983317,19.6539372103504,0.841673971829887
2040,65,men,0.689334862384726,0.711462722935963,1.45406223115945,407.02286124214,12.9620348070694,0.85850014907122
2040,65,women,0.606708802663265,0.656090901788815,1.56026255690369,161.775247317934,17.512155239018,0.896476791784362
2040,66,men,0.690808342906041,0.711336440158942,1.48891712802878,356.1631786829,13.0250194714835,0.863476389225865
2040,66,women,0.57701317684331,0.653009709162575,1.14647555312618,139.185957787813,18.163619513631,0.814120231868199
2040,67,men,0.682339156177314,0.719833697845365,1.40239100048972,291.687692350293,13.6924343029261,0.920171409523055
2040,67,women,0.609315402773901,0.661094485394707,1.1063836516905,121.567515905045,16.6410226370274,0.878305979608599
2040,68,men,0.696009707693134,0.729326194444875,1.29947641007804,264.392312853045,11.239340488133,0.840201712755249
2040,68,women,0.60339918905446,0.667608214334202,1.18876671857073,116.244326078793,16.2499430676059,0.849559593579838
2040,69,men,0.688312095569292,0.743804783118271,1.14542164611366,233.07880535849,11.2226931917507,0.855594166307719
2040,69,women,0.605353768193452,0.671142459935159,1.19371031539867,85.2504044518985,14.1788769958133,0.836988338291834
2040,70,men,0.730332160511618,0.803935117487159,1.11171251674358,206.598562099667,11.4658542530352,0.893200941747849
2040,70,women,0.648254878530689,0.7226739789059,1.19008098103029,77.636427787688,15.857657256424,0.846594843394496
2040,71,men,0.733110090559826,0.813285819470311,1.22556420189849,171.212629165219,9.99290332208843,0.88653345459729
2040,71,women,0.659918435319836,0.71951231541517,1.02042898079119,66.0439626657756,15.2588794247034,0.865951507521808
2040,72,men,0.723956479911234,0.830929326272224,1.22683270005063,143.199837563323,10.2268494834591,0.851083037603335
2040,72,women,0.650543340846612,0.73440151870055,1.00823265463113,57.2098961592483,13.2091321078325,0.815457485702324
2040,73,men,0.686226825768972,0.845683178754618,1.29876801389873,97.960021122969,9.34294362087748,0.872329271748777
2040,73,women,0.657004350817509,0.724117319915595,1.03744625626993,44.2199956956682,11.7014605845946,0.825282387165366
2040,74,men,0.683379910996069,0.850014298959388,1.20808293285562,84.4142274877538,8.71457218902274,0.878061129827468
2040,74,women,0.634444751455292,0.731459776437056,0.984187238371954,38.6943246120463,10.745933008697,0.849264362435986
2040,75,men,0.643346701912883,0.856347611842391,1.24983032879209,57.3494394827593,7.79308190910408,0.914008737118468
2040,75,women,0.605288053910232,0.732289085786376,1.0950448428822,32.8011589001676,10.2786040926313,0.826767585410736
2040,76,men,0.633789779854459,0.860983672552047,1.22614781231465,44.0037861161767,7.63961054669119,0.853831796936724
2040,76,women,0.605511682108528,0.739772915410874,1.19893762995603,27.5436966446272,9.99350203344446,0.82227202017655
2040,77,men,0.611978887460072,0.877790359920223,1.24641943781194,35.2122882718533,7.02103978736353,0.884289653429605
2040,77,women,0.582141083899906,0.744009172829831,0.995373679785362,26.188793595311,8.91530190745009,0.859440408748892
2040,78,men,0.608247582761824,0.884048139194397,1.07103117214176,29.9610059887815,6.48317868291765,0.882543902894681
2040,78,women,0.578598786826411,0.748675486543475,0.994965082462996,21.1400368287604,8.77391667207147,0.859249812823811
2040,79,men,0.597629028360985,0.895497273210052,1.07109588523358,25.0504253126295,6.23103898631263,0.898975606643887
2040,79,women,0.572865060608327,0.754127132327931,0.953721337764347,19.6268473733448,8.175266553729,0.864256490558171
2040,80,men,0.614443857768391,0.90056674847143,1.02460717041965,21.7755596733985,5.56829506078671,0.847466954587576
2040,80,women,0.571573633527018,0.765039987933977,0.920043987196502,17.0867448279869,6.704574218514,0.854260674052937
2040,81,men,0.619021722516021,0.922360874741921,0.971577775613883,18.700044477616,5.19439627478823,0.888712283798741
2040,81,women,0.580063610615538,0.773222397858089,0.876989519048581,15.6963921060646,6.76414605255889,0.897867693126794
2040,82,men,0.619499641282666,0.941755587001511,0.859770496757023,15.4000836261669,4.95249276990754,0.894452656770402
2040,82,women,0.587228917700615,0.78996320628681,0.805088296930021,12.7729237492773,5.79838962744795,0.888962308883435
2040,83,men,0.646661090989201,0.969853831986482,0.865060405852128,13.7180679404488,4.47542148757934,0.917513508921931
2040,83,women,0.618190651985692,0.817062053520261,0.820534598512068,12.1050392061198,5.87130661843074,0.856149596499852
2040,84,men,0.68405732129478,1.00730308206287,0.942940859526907,12.4013287231711,4.61320341592504,0.913341048219189
2040,84,women,0.639923565266264,0.841574813401982,0.887406262966995,11.3695566514922,5.13082666455623,0.884005333016541
2040,85,men,0.720942220431486,1.04832254660395,1.07221886904806,11.250142746285,4.25800320396281,0.922759726740518
2040,85,women,0.662168113749722,0.885092235020319,0.902877153089972,9.99511620635787,5.01591408051446,0.904011575880509
2040,86,men,0.764072178247465,1.0849613116136,1.00298082930544,9.29263530749053,3.79790024131676,0.926662982360941
2040,86,women,0.707730026166816,0.927029625949256,0.944711832808022,8.99763023524927,4.15924759480905,0.932266765985191
2040,87,men,0.822531494199697,1.1288104074919,1.05320382735133,7.28970462979029,3.67766567669005,0.966173607646808
2040,87,women,0.756654713405932,0.976348523492726,0.914022811660242,7.61651295690119,4.4437821822563,0.944045611046737
2040,88,men,0.892488536679336,1.16681831267047,0.990699858026161,7.05646377474505,3.30014802342173,0.902690813454539
2040,88,women,0.806185299920358,1.0438567158268,1.09685771505266,6.72391726715417,3.77800949664004,0.913068464252952
2040,89,men,0.953803364597902,1.23636976156699,1.17134992387008,5.6759268856525,3.03359343329569,0.905312616407696
2040,89,women,0.873441611063827,1.08899417730723,0.983073174952262,5.66669194221262,3.3719573586803,0.915247450316758
2041,30,men,1.5807068563157,0.855197062839488,2.4382866752504,215.640891783192,85.7106698782488,0.903857557887724
2041,30,women,1.10195990593857,0.860080492238231,2.21045866069262,238.074399259533,120.696326921055,0.940334353271486
2041,31,men,1.45956627100671,0.831472386685356,2.40190644480724,237.225910481645,92.9508138848815,0.932138507109617
2041,31,women,1.0965720519568,0.826428343273871,2.21473203152486,265.245259421126,119.725158313177,1.02307574559838
2041,32,men,1.27853372842707,0.789798560422716,2.4173824126529,144.092837195461,100.091937589323,0.960908136995715
2041,32,women,0.864859600328318,0.788822239907542,2.22406732859377,157.091670831574,129.567010062677,1.0683538056548
2041,33,men,1.01840759060871,0.755401741538281,2.40669926858229,162.00319515304,106.890479835627,0.914579199786512
2041,33,women,0.818868990458818,0.781178678400839,2.2328150417026,333.817696408981,138.347847416246,0.960192318628204
2041,34,men,0.958603278537692,0.737577039427807,2.36578019622053,189.419615294196,107.495166754918,0.938263244949264
2041,34,women,0.793975973189421,0.7391910901988,2.13943150848962,217.481205844875,76.1547814769968,0.96800769252573
2041,35,men,1.05534382930208,0.749940183729205,1.43017684814193,201.233960860631,115.060233764223,0.936281711802751
2041,35,women,0.844623720921556,0.764699100495026,1.21286251820083,231.395449620253,78.725775630843,0.937714090401174
2041,36,men,1.16618413439855,0.707880689426073,1.36646113904688,221.635332618446,124.862101873525,0.926214530859292
2041,36,women,0.91995571276351,0.755438566868353,1.2860382847628,263.479397519849,117.175191141047,0.971514796183073
2041,37,men,1.29670261298638,0.703262106472898,1.40796534997493,180.395921519891,68.5856630725113,0.915638230970721
2041,37,women,1.00905863381921,0.743097695659686,1.32290785635367,297.087407386934,89.1703470117761,0.948495010151116
2041,38,men,1.23069205024446,0.685315932066623,1.35348067764052,206.793261185448,71.8679109761328,0.915116675815788
2041,38,women,0.894770189881449,0.768228936717584,1.20425238076363,324.899613972728,95.1659416578974,0.928033032350534
2041,39,men,0.974156007097781,0.686322570109415,1.27292649413882,235.8689749949,79.0565828069651,0.885421901275783
2041,39,women,0.917195660878072,0.719402789538964,1.29867329824202,267.883302385402,97.1629251959815,0.930898238401281
2041,40,men,0.969255765108342,0.661485537262656,1.33773319764084,219.507311792388,66.1336751649275,0.902214110006067
2041,40,women,0.784356791313442,0.69364729342143,1.0246337578203,323.337129607379,70.9929481931621,0.909284355718205
2041,41,men,0.880205200587223,0.639130746007044,1.25465810951541,256.901336367215,58.7510962912132,0.900527056266845
2041,41,women,0.794117556931959,0.679038249775697,1.24449698412559,327.838721841521,74.3676388120197,0.930211094858966
2041,42,men,0.874699114319978,0.640188989817809,1.29294057659768,241.292808233105,50.5040899973589,0.90435923207894
2041,42,women,0.833645089095503,0.701913959421703,1.30328191714143,275.327754107234,75.9534693910934,0.977349892429958
2041,43,men,0.891915840358903,0.627324612616506,1.54430959741536,264.852649270666,47.9857811586107,0.927558455012736
2041,43,women,0.761648917213029,0.684167835007691,1.09909218163369,356.174336801469,60.4394698398566,0.90351198393925
2041,44,men,0.861240315242244,0.622506715096364,1.63118472410787,341.013694718515,48.9199475259915,0.845626841038696
2041,44,women,0.758758282986202,0.669466907027509,1.25645068694772,450.243472341163,59.5962245395789,0.940572413189385
2041,45,men,0.786328291594551,0.614592732919583,1.55848352055858,344.06484034738,42.4730746693366,0.904537260326597
2041,45,women,0.70505187158576,0.648144326849305,1.38196893996305,348.259139213795,49.1182330238573,0.899689897500259
2041,46,men,0.790631009416467,0.602985490939599,1.37945502405079,427.874392162146,40.0775073639847,0.885328497170217
2041,46,women,0.697778063651135,0.613801734012257,1.51039908143137,454.508760880453,43.6195306536076,0.892046635441734
2041,47,men,0.736733228476293,0.599177240088889,1.49732935862675,364.18872481826,34.4260417226467,0.860874446350259
2041,47,women,0.718385592339595,0.619544555335525,1.49893564576589,564.750976108276,45.7800664592421,0.85555026166838
2041,48,men,0.775267107301103,0.59941706965827,1.65550789636264,610.447168119321,34.7867456789086,0.854728169764408
2041,48,women,0.659137216934414,0.625832410985466,1.71510157697624,590.366327199308,47.1800441259387,0.821541337017334
2041,49,men,0.710536985494929,0.588881594377031,1.64222855946009,798.372495596858,31.2032285444861,0.885818441762733
2041,49,women,0.67467272407559,0.597296635582731,1.33890557491373,871.375780404222,39.2637492135678,0.88632123532416
2041,50,men,0.726496464126517,0.56742374568913,1.87385643581681,1616.23972478402,30.4859152843859,0.878656964851673
2041,50,women,0.640294049312745,0.567081522716101,1.40271978533939,841.935520518051,40.2000263409196,0.91740595402435
2041,51,men,0.69942281758171,0.558102555301479,1.65921182720852,1730.62592801295,29.4639253319799,0.932181664888106
2041,51,women,0.650959154008796,0.582633775046779,1.47210423797908,1812.99181077641,36.0474137026108,0.868249301981791
2041,52,men,0.695048863749526,0.55656681716475,1.71191053482112,1551.53341771053,24.552695439861,0.886309304450854
2041,52,women,0.606139483894426,0.573001199244538,1.1473156578176,1161.27434441032,30.7719196249113,0.916349862423368
2041,53,men,0.71146990874932,0.552730017196756,2.10377697721501,1409.93592999378,25.3491992254894,0.882356496689883
2041,53,women,0.594474896009839,0.573232024362167,1.52488865265469,1916.37783042513,33.0838849144877,0.8454493110376
2041,54,men,0.673008759061955,0.556049835445604,1.9274471021467,1620.51899296696,22.2909495217976,0.861732971530892
2041,54,women,0.587803037261955,0.547278046701517,1.28019426634637,1637.87541470722,31.0944287207463,0.853320376667638
2041,55,men,0.637639660705681,0.537576952663493,1.69104835435725,1477.14983141916,21.5416517891803,0.886153298033069
2041,55,women,0.540635785567702,0.553635496536887,1.27246752614043,1413.74854111181,29.4300714425841,0.852955898449005
2041,56,men,0.632534637678979,0.551003033844273,1.69221326525493,1123.21344506305,21.4969767376339,0.860128949886467
2041,56,women,0.524313891235354,0.544233031130274,1.42590120183248,1274.09613690209,24.1550965586549,0.834902773530319
2041,57,men,0.628638808465795,0.549668721122751,1.96831706030319,989.366953678764,18.9016036323057,0.828130756426381
2041,57,women,0.508550169434642,0.537396313550927,1.26966622145927,1281.53261677967,23.1093762124573,0.819239047005926
2041,58,men,0.640781269626072,0.537481490490083,1.87165404374238,890.77983699542,18.1675709461169,0.810637296525005
2041,58,women,0.502133960226571,0.533783111492723,1.45446714136672,1182.08605645401,24.5755897639124,0.841230624674392
2041,59,men,0.626499162547685,0.539506207671608,1.7937612467869,877.857696283693,17.5871464516362,0.852522255540995
2041,59,women,0.511623779254797,0.507273741632015,1.76884406897887,942.940845166024,23.4098888195107,0.871982299020619
2041,60,men,0.73538118471632,0.701418292688729,1.52325336607267,735.213330115481,17.8072287033645,0.866100123482024
2041,60,women,0.612352380770788,0.684288030925663,1.40614301982232,809.998101380232,24.0877242767189,0.862262692786937
2041,61,men,0.716682599697481,0.700358603093068,1.83300952705913,681.695372945277,16.3867406099126,0.85727226013991
2041,61,women,0.614336457127229,0.671270767606264,1.35180181550735,696.294845431775,23.399941925517,0.90046412201691
2041,62,men,0.716038502762003,0.703390834525545,1.59279292852183,520.668972703733,16.7825777372299,0.832451704562432
2041,62,women,0.61526423313865,0.66880696901035,1.39843011042442,540.886379255103,20.7885345635205,0.846283809529781
2041,63,men,0.706892050022701,0.707389877601668,1.6560702871506,451.267488063419,15.0475570417553,0.885203854627114
2041,63,women,0.62041817918765,0.65375725707234,1.22216192349056,377.252451710139,20.840163713986,0.879385192730896
2041,64,men,0.710430973789455,0.701121420240922,1.44443889208031,456.516433127096,14.3439419340146,0.850692848868332
2041,64,women,0.601694060478879,0.654718542618519,1.14246310333171,264.904889425234,19.215660559642,0.89592562623644
2041,65,men,0.681292169627148,0.704707790276847,1.46865507632435,378.728803267563,13.5663864355907,0.81453753515634
2041,65,women,0.596433172789845,0.648149181140611,1.56427032777748,218.884344634936,20.0111450618383,0.90798055807214
2041,66,men,0.683021331955696,0.704260093655202,1.4983978128613,362.862685989869,12.7574842291976,0.840321355697011
2041,66,women,0.567474849900648,0.645142471633666,1.14726434456639,159.242257337547,17.6683349880636,0.866521686515663
2041,67,men,0.674625849015284,0.712558895742225,1.41048308768287,291.23087134044,12.8040295654726,0.822397865226448
2041,67,women,0.600523727977264,0.653759178608041,1.10631732243988,135.949535725741,16.3918692885783,0.853748536693038
2041,68,men,0.687925774964364,0.722306996084522,1.30516241901771,295.340096089606,12.0704835943047,0.851955661294369
2041,68,women,0.59386730732306,0.660025290173854,1.18514632523676,111.970157982308,16.8577627633518,0.838412264736654
2041,69,men,0.679954489723388,0.737394445148819,1.1472717219763,235.036821047227,10.2390856113408,0.854605730188454
2041,69,women,0.59619237552297,0.663905529198791,1.19020515658656,104.542077510186,15.4529276644194,0.839113316665566
2041,70,men,0.722934033100219,0.798520785287865,1.11268146894918,219.808943917419,10.6658819054873,0.87036089608687
2041,70,women,0.639553686176634,0.715986469655329,1.18437293280805,80.7699316641905,14.4114578681506,0.848794390781813
2041,71,men,0.724964035193877,0.808138022346241,1.22814596475535,187.668197330983,10.4350673260078,0.860377745227841
2041,71,women,0.650551245968025,0.712983889123306,1.01556324217447,74.3603240977247,15.0662571608339,0.832409260976417
2041,72,men,0.71527179225011,0.826230110992165,1.22703726660856,175.14673389342,9.6072265226057,0.841140872304891
2041,72,women,0.641603021809656,0.727953508816339,1.00176564285911,62.5249714992469,13.8398417173818,0.850358841073476
2041,73,men,0.677878771274385,0.841636175326994,1.29806278000284,127.526722947074,9.79755495133076,0.849587639124434
2041,73,women,0.647564621608102,0.717627823776493,1.03158620792595,51.3534322638979,12.6318041436682,0.852205974598607
2041,74,men,0.674511203537091,0.845502066288978,1.2081051522428,95.2698038525528,9.21453436903674,0.850130434356869
2041,74,women,0.624947352719239,0.725221460257254,0.97839942068108,44.8741893844668,11.206118669896,0.84672500965475
2041,75,men,0.633016070888509,0.85167544442208,1.24482793566648,78.3670458332069,8.10008764083085,0.868356473950474
2041,75,women,0.59466972112206,0.725454481680628,1.09270849947706,33.8225665450211,11.5483938383417,0.876638573450389
2041,76,men,0.622775873148395,0.856192636867572,1.2247937660371,58.3701094104992,7.54580607303963,0.870159078910853
2041,76,women,0.595114709308782,0.732362315548101,1.18963202702064,31.6141993374138,10.43887919034,0.877764804431288
2041,77,men,0.60120958750789,0.873799521654055,1.25110020919271,40.8748999512272,7.24476901486305,0.87932169434731
2041,77,women,0.57162406464722,0.736712603449834,0.986499986195172,25.8190049206752,9.53217750416695,0.86810402088604
2041,78,men,0.596527685747165,0.879069175955029,1.06443158928642,32.6649871014432,6.41151288623379,0.876756965524127
2041,78,women,0.567583590812707,0.741122549721117,0.989439523755937,25.2164783817336,8.47128847487074,0.854305266774633
2041,79,men,0.585152383244127,0.8911557389955,1.05979261745126,28.1616342517343,5.94448545497935,0.887120548618097
2041,79,women,0.561390465041516,0.746950893290075,0.943908312908635,21.3419758262037,7.69436887892092,0.818384251833112
2041,80,men,0.602565121319513,0.896087883830839,1.01691055533878,24.0317785854614,5.61698280909501,0.910600673266371
2041,80,women,0.560187076770881,0.757988966638301,0.909876714139001,19.4559530343831,7.11923355314996,0.887816654417305
2041,81,men,0.606056168233389,0.918545578377195,0.959059469143142,21.5979174364696,5.53300549151181,0.879213689347248
2041,81,women,0.568284971614357,0.766176738244526,0.864081594890472,16.344163827364,6.9020304049546,0.861086422538979
2041,82,men,0.606371878276623,0.937120145943088,0.848366324180073,18.6929241260746,5.06388568329211,0.90324418384727
2041,82,women,0.574985541130846,0.783411158444653,0.793187674368202,14.0717775049535,5.90921555926144,0.863703827207169
2041,83,men,0.633822721156293,0.967113189689909,0.848049950997075,14.2680245019563,4.54123623708732,0.936976022752665
2041,83,women,0.606306869368101,0.810692192005277,0.804805635259918,12.9929837580107,5.61467246244668,0.86720488456127
2041,84,men,0.671169531046222,1.00520273714225,0.929980851102206,14.3604547981459,4.13735206934139,0.863340441559003
2041,84,women,0.627926617372951,0.835957575810391,0.875659689386625,11.9135353469034,5.08869251471665,0.874047971918859
2041,85,men,0.70860326265586,1.0466310815623,1.06627407274521,11.6095743424528,4.17616283866965,0.924884155142803
2041,85,women,0.650515942856635,0.880146024087836,0.896407953297255,10.1369928555487,5.04709555887041,0.877318838739945
2041,86,men,0.752441862255395,1.08523812393177,0.994416806746012,9.93902012719706,3.9809659335142,0.92503282142764
2041,86,women,0.697237741311042,0.923213838086856,0.939902631887758,9.84002497248742,4.65434785250244,0.890767494889494
2041,87,men,0.811636765135301,1.1308698617739,1.05710881980108,8.0200467931062,3.53157374103172,0.975334554254649
2041,87,women,0.746369431066513,0.974100514511304,0.906694686034367,8.31050210439831,3.93476287203223,0.888601674087297
2041,88,men,0.881508060345853,1.16781332681584,0.965828268459722,7.04050589769436,3.18090148300964,0.956686525028547
2041,88,women,0.796173658750139,1.04347948343351,1.08401304538336,6.51669327547723,3.87071392585254,0.945662142040926
2041,89,men,0.94362229358215,1.24226845938622,1.18438795906225,5.98430908170098,2.92170529735843,0.959481942257417
2041,89,women,0.863375399440252,1.08949287149451,0.975286213799024,5.41343467056169,3.51751789352771,0.947927723376834
2042,30,men,1.59563238524323,0.850054836456823,2.51671462207861,206.863870943534,176.1772704849,0.991402896477747
2042,30,women,1.10395643811512,0.855733146911549,2.27557856774331,254.20409013486,115.953649004274,0.985591656600001
2042,31,men,1.48092750899954,0.826973785849582,2.48066282276157,245.705380409837,90.5237151186655,1.01430289200616
2042,31,women,1.09888074807993,0.821183142664013,2.28082819096352,270.74012225828,122.947957435621,0.957465113616246
2042,32,men,1.29997271507871,0.784220105007025,2.49592651633691,148.32009053682,100.817311280552,0.899332128623953
2042,32,women,0.862861747140478,0.782879092385112,2.28790510132162,305.915546909729,126.438877374889,0.903429909186657
2042,33,men,1.0289725263255,0.748752961142142,2.48512612003192,169.089843467069,105.914981943931,0.891704631463534
2042,33,women,0.818067911039372,0.775679058316254,2.29614695787007,350.171947969811,132.808935068026,0.914745758152805
2042,34,men,0.959917814021947,0.731858754775962,2.4434815741988,186.571515247739,111.166753169585,0.907641645362589
2042,34,women,0.789089183454558,0.732459502716462,2.20093243333852,202.646374081154,145.556738659834,0.871542458431147
2042,35,men,1.05632655329628,0.744472183524172,1.4339815911811,211.652928311376,117.777256277347,0.984513658174253
2042,35,women,0.839251760603997,0.759091185695042,1.21171277200861,247.708391618936,81.8740040205142,0.912853116697733
2042,36,men,1.16688050799845,0.700820845912573,1.37028651756861,238.019623288854,127.248377880474,0.914462348947979
2042,36,women,0.913671973511194,0.747954086522415,1.28536122074772,262.60388974765,163.131127078271,0.918405660614842
2042,37,men,1.29750880737731,0.696484668429142,1.4130258563694,254.304447174022,127.74398518985,0.959156633560325
2042,37,women,1.00185311668853,0.736566732381335,1.32169436214301,309.617856057955,93.3832115988809,0.941030855272362
2042,38,men,1.23178662865011,0.67806590190182,1.35972485554106,204.228595872687,74.6049243817234,0.956769035091708
2042,38,women,0.890483601348201,0.761716341054985,1.20379543115361,284.388421557575,93.8561107503373,0.936442029171377
2042,39,men,0.971041638890326,0.679279508487898,1.2780199384734,243.276964969642,75.3531763525917,0.933401013413072
2042,39,women,0.915769072828713,0.71284304307794,1.29696910489545,277.433304871763,99.0766277815785,0.938605406567033
2042,40,men,0.968889109896323,0.653551807421107,1.34329959550085,273.368191984589,57.1472976569027,0.89287321840649
2042,40,women,0.777629958445986,0.68658989019296,1.02453306613814,311.535790999254,68.273421576978,0.913899923216976
2042,41,men,0.878270255631993,0.631781889295382,1.26076233531825,250.930976496563,58.5077786458702,0.880068338718709
2042,41,women,0.788910216542376,0.671441684978238,1.24608076853317,379.020744679961,73.5050331004982,0.90083163373335
2042,42,men,0.872647999453168,0.631836695525611,1.29999443438869,293.930556776097,52.5585790339277,0.864671300133975
2042,42,women,0.828356573893297,0.694133847604891,1.30597386960303,334.503953740742,75.6657029792334,0.897019681662016
2042,43,men,0.890509847125136,0.619061003594546,1.5535351852569,289.86557090792,60.1521164819272,0.869493902433296
2042,43,women,0.753779681673782,0.676940928967968,1.10146425369335,317.640161919886,60.3223827711761,0.948155661665152
2042,44,men,0.858271087755266,0.614498373445353,1.64252589947144,277.255952450343,47.3386347197869,0.88572682236913
2042,44,women,0.751044899192249,0.662179540529949,1.261735813145,436.057460743931,54.7626471987095,0.940761475277827
2042,45,men,0.782815819157801,0.606658876547965,1.57287111357965,359.931027453788,41.8491768707781,0.865882093888272
2042,45,women,0.698618866456744,0.640327057550672,1.38739697246791,523.437559379519,56.3206361244885,0.960649861793317
2042,46,men,0.786391868601246,0.594866879059464,1.39412645984279,412.211956276658,43.7920738912425,0.860386460756975
2042,46,women,0.691259302769004,0.606194197894131,1.51776207270279,412.594589706195,44.5565734369829,0.99068681735364
2042,47,men,0.732542630466251,0.590583463550258,1.51337627838722,562.627977145927,39.5778138537338,0.958485470679106
2042,47,women,0.7111054214312,0.611857202061455,1.50720590269431,556.072486303111,43.1918013898057,0.907666562400224
2042,48,men,0.770681020828248,0.59117779743625,1.67440925224717,441.939900760338,34.7899525398362,0.883415887525241
2042,48,women,0.651935289802957,0.618072739628429,1.72596726024672,659.281113855899,40.2863560682367,0.896447348561609
2042,49,men,0.705468783396887,0.580116321545497,1.661621120048,839.820366687232,36.0457325027647,0.867935218493102
2042,49,women,0.665565855500559,0.589397544685321,1.34770909379975,708.664977151081,40.944313520189,0.930723020615032
2042,50,men,0.721468971569481,0.559288328655104,1.89611151846108,1415.11543212068,28.8278727793773,0.855267016867057
2042,50,women,0.632090126514075,0.559072222257186,1.4125045478523,1362.78958393079,38.0180748069579,0.816822735595414
2042,51,men,0.692969872650115,0.550082409572263,1.68028295837045,2020.68999081399,28.9103475889966,0.867264131937243
2042,51,women,0.641224092108394,0.574581816283627,1.48134923947206,1302.59188992811,37.1927983534586,0.899207963389137
2042,52,men,0.688296498000381,0.547699234232351,1.73233969381352,1669.12668308646,27.2207244564203,0.838269912299646
2042,52,women,0.598003122264468,0.564826661032607,1.15440456633159,1937.70701291319,29.7098869515401,0.879255957710804
2042,53,men,0.704900032050372,0.543936945970723,2.12983697225384,1493.50300288982,23.9659852274939,0.872137479653254
2042,53,women,0.585103931336933,0.564533244871971,1.53424752457299,1596.84329102079,30.9076717604916,0.86539848691685
2042,54,men,0.66688824538338,0.547851937041522,1.95014433761556,1480.23053435799,22.864045929988,0.84423674967562
2042,54,women,0.579157845551873,0.538835717737979,1.28855794431067,1908.34699451336,27.3351476219925,0.854873452286933
2042,55,men,0.629603643568586,0.529210509816689,1.71551467688941,1267.5674153432,23.9660746057128,0.846773705549057
2042,55,women,0.530624583666589,0.545043351301631,1.28093944781683,1625.80319429225,24.469048321767,0.869945732275705
2042,56,men,0.625135099986625,0.542647537847596,1.71695597477654,1098.03877453465,18.9019926820137,0.882261264977755
2042,56,women,0.514677350698251,0.535787185188473,1.43411578146106,1613.80170604972,26.2230227002307,0.862769622540504
2042,57,men,0.621409996669111,0.541374845964448,1.9960216698312,943.067899874233,18.7024993681729,0.844305645136349
2042,57,women,0.499516869748471,0.529106525656276,1.27722731665627,1315.92221826147,24.3595011312644,0.885629630952522
2042,58,men,0.632613025043579,0.52903844225712,1.89752009172416,1046.26414915555,18.1923602967631,0.812179342553465
2042,58,women,0.492804084328822,0.525299847960477,1.46244257236554,1130.53550279354,24.4797796875672,0.844968053697649
2042,59,men,0.618408353865379,0.531202436138205,1.81803951401523,802.932252942805,17.8757513191739,0.848880672909867
2042,59,women,0.50180162646998,0.499201491183143,1.77754038926961,1052.2070313598,20.1403256837885,0.863219316215044
2042,60,men,0.728506008159021,0.694007744558943,1.54225286686344,710.888435948616,17.8505733095072,0.826594682782016
2042,60,women,0.603716533406618,0.676471877543886,1.41350868595794,913.650975879438,26.6428954274221,0.891725851605417
2042,61,men,0.710142210575514,0.69324317486793,1.85358241682708,631.096781383545,16.9822895256462,0.872294871140562
2042,61,women,0.605291092579734,0.664173402408463,1.35883801445811,846.210514916203,22.0342504222035,0.854575170255804
2042,62,men,0.70934371131366,0.696255680321951,1.61001037764193,538.064866799483,15.6745845719479,0.858476025847146
2042,62,women,0.606421853622017,0.661203803985819,1.40286510233269,722.307024450949,20.817370151309,0.84066551068338
2042,63,men,0.699604030336879,0.700576350471349,1.67134827775731,469.951958033413,15.9804372198948,0.859738032432234
2042,63,women,0.611252615669129,0.645925343369372,1.22559985635775,513.281356426384,21.134109056943,0.825472638277553
2042,64,men,0.703545443161059,0.694182231230745,1.45786945327316,444.161168899819,14.0421539764418,0.83602731967073
2042,64,women,0.592454753938545,0.646787525146846,1.14316322910315,355.238607332489,18.3759339696868,0.878829172307818
2042,65,men,0.673347184410193,0.698020253642678,1.48338711811702,388.394551998596,13.6936789253969,0.876908633837043
2042,65,women,0.586336483924728,0.640307411586215,1.5682864225011,265.625897724822,17.5158155315354,0.849929495097127
2042,66,men,0.67532584870006,0.697257557012501,1.50793417759527,327.26540615139,12.8806854551475,0.864303261342375
2042,66,women,0.558098753257076,0.637373800103037,1.1480532919292,212.959198191701,17.7321743035084,0.879018159045265
2042,67,men,0.667003449081756,0.705361124004044,1.41861786975773,307.06263565923,12.8346676282921,0.864356791902294
2042,67,women,0.591863119864653,0.646508795645147,1.10625102965332,164.572236299655,17.448580021849,0.834898580813575
2042,68,men,0.679939625561357,0.715358740792724,1.31087050423874,273.787580323853,12.1784852616206,0.893981101353585
2042,68,women,0.584490559316655,0.652532146754364,1.181538723128,139.051155396557,16.9053687659754,0.815441791893611
2042,69,men,0.671702382896317,0.731042452945868,1.14912387763699,244.542228202281,10.5356352420741,0.856671409116469
2042,69,women,0.587174016963462,0.656750122022258,1.18671199956612,116.678532011444,15.2650810188126,0.817239415869463
2042,70,men,0.715614416266016,0.793145542852103,1.11365079043109,228.876643856228,10.6384500122868,0.85641658098413
2042,70,women,0.630973462073612,0.709364075957232,1.17869503831463,98.3945413970681,14.9843292119023,0.845838651942833
2042,71,men,0.716912419761089,0.803025306538315,1.23073189769383,190.873126023351,10.2490807923493,0.824192408914145
2042,71,women,0.641321509877053,0.706517852313592,1.01072307137554,73.11141774221,14.3689570585965,0.842070753696826
2042,72,men,0.706695465110839,0.821559753872865,1.22724176704754,170.421756125688,9.52815024731638,0.827215499721479
2042,72,women,0.632789857533882,0.721565229105859,0.995343249176682,64.3518303512549,13.579422575344,0.815162615000811
2042,73,men,0.669636286915191,0.837610506925276,1.29735827421811,156.738932566061,9.0196847772361,0.855297759757548
2042,73,women,0.638265045457864,0.711199622262291,1.02576210642826,55.8912153665986,12.4387058180821,0.848205343570961
2042,74,men,0.665761851509501,0.841015979121342,1.20812736115447,124.260094597662,8.69309940108649,0.886587414641313
2042,74,women,0.615596674532564,0.719039364821416,0.97264845015262,48.2108306375162,11.8580411130799,0.826412929379012
2042,75,men,0.622856264324213,0.847031037883396,1.23984800006437,85.5348291056471,8.12248532753795,0.856607296579966
2042,75,women,0.584242726547679,0.71868696740621,1.09037828156447,40.4099735468008,10.4583745957306,0.877103267507329
2042,76,men,0.61195861945748,0.851430588673455,1.22344187720756,71.4802508924108,7.95768028485368,0.880318146456839
2042,76,women,0.584901220487147,0.725029526179138,1.18040315514979,33.5481310178372,9.89860597684915,0.85470928112384
2042,77,men,0.590634936851674,0.869828769112279,1.25579625288731,55.3203659898793,7.06435626776001,0.905345556517748
2042,77,women,0.561302059514907,0.729491113893737,0.977709689677332,27.9406501163563,8.89313910883019,0.857367675945469
2042,78,men,0.585039186869532,0.874120672560431,1.05787587525437,42.0576878682878,6.69013258266518,0.911060885366546
2042,78,women,0.556783341145748,0.733649453785567,0.983947335452722,25.8259569902513,8.06152319964744,0.887874211919646
2042,79,men,0.572942132924061,0.886837364524311,1.04861408230198,31.8171108544814,6.03218381933875,0.844930851821707
2042,79,women,0.550151160372288,0.739846408130931,0.934200988946998,22.9669219192251,7.98495808708575,0.86425183654581
2042,80,men,0.590921681208274,0.891633471868748,1.00927548314932,29.244689412075,5.51397693585312,0.889609083244188
2042,80,women,0.54903276800507,0.751006337559728,0.899826696103238,19.689777887611,7.01752923093387,0.885514506654161
2042,81,men,0.593368332932911,0.914747921067627,0.94670846872035,24.5846599995261,5.44190742793676,0.908899472339617
2042,81,women,0.55675110165404,0.759198683350827,0.85136983898966,18.6444949009161,6.87940554439383,0.883141406012255
2042,82,men,0.593528531604026,0.932509774978829,0.837118894267885,19.6934989936353,4.80039048960644,0.893284885180751
2042,82,women,0.56300324233174,0.776916623638269,0.781468664508785,16.3398803506724,6.29439785909039,0.863098767272781
2042,83,men,0.621245337871056,0.964381628762429,0.831382075579595,17.7389246573885,4.4602922824102,0.859581378955562
2042,83,women,0.594657188540382,0.804375074055835,0.789385667161009,13.8571410344502,5.41731944304806,0.878634617564075
2042,84,men,0.658530684874937,1.0031077972954,0.917205186005704,13.869751096507,4.34683957791724,0.916875321695789
2042,84,women,0.616160293900332,0.830380555470802,0.86407424489777,12.049120768881,5.39834174938685,0.939257164738991
2042,85,men,0.696481376200392,1.04494317223013,1.06036512448431,12.1056335004506,4.20237644816005,0.925122982956855
2042,85,women,0.63907437280157,0.875229856896192,0.889988240778724,11.12400204592,5.15704860958709,0.894673391707022
2042,86,men,0.740994144321409,1.08551487123014,0.98593005004555,10.4722850847144,3.77919490762307,0.90273629264735
2042,86,women,0.686906032956552,0.919415614140664,0.935120250699081,9.93326801287705,4.49282396299866,0.87941304518086
2042,87,men,0.800891571654802,1.13293206186411,1.06102636744659,9.16750279252352,3.61634032178201,0.925374520572028
2042,87,women,0.736228893290568,0.971858778848532,0.899428859731046,9.16303901028156,4.22796472177598,0.897404958041426
2042,88,men,0.870667958807018,1.16880870145077,0.941592808761723,7.67448737238334,3.6858351269188,0.942727997318529
2042,88,women,0.786291160483466,1.04310257204754,1.07132497381871,7.28004391388753,3.6424529100395,0.92683186305774
2042,89,men,0.933554804582738,1.24819238969582,1.19756462434761,6.22879736608636,3.36014899559209,0.945498255368645
2042,89,women,0.853430044352214,1.08999154960779,0.967564702570688,6.2232479618994,3.22391404712401,0.929061853080858
2043,30,men,1.6106914345072,0.844946024779878,2.59762495502019,210.323392929545,89.6594927949542,0.959083835829578
2043,30,women,1.10595560745931,0.851409887914458,2.34258360096017,249.279456646863,118.493461051964,0.99203527655185
2043,31,men,1.50259068713993,0.822501708905284,2.56196108369826,239.150222599287,93.1390237109517,0.922183549298465
2043,31,women,1.10119317097638,0.815973776073313,2.34886309677742,285.985491297699,119.243642668242,1.00431324361311
2043,32,men,1.3217604382043,0.77868375329011,2.57698228459263,147.290050346677,95.6418199698787,0.929807190317052
2043,32,women,0.860869483811166,0.77698359866582,2.35354261152293,308.544455183712,130.848978137146,0.942726411567296
2043,33,men,1.03964180921687,0.742165913303406,2.56606837136634,167.03243188034,107.082450481574,1.01056686224193
2043,33,women,0.817268006926286,0.77022082062461,2.36124289611563,183.899577562817,133.644591834418,0.994693662185724
2043,34,men,0.96123350721709,0.726187569974732,2.52369503643101,187.802767427022,114.510982579192,0.954544523894519
2043,34,women,0.784234841594127,0.725792468582647,2.2641698705508,206.144535085257,148.172649088824,1.03388159872179
2043,35,men,1.05730971058181,0.739046699751807,1.43779458587021,210.490564084378,119.382375382215,0.934945238079237
2043,35,women,0.833916571968692,0.753527111958865,1.21056467784186,242.26933337259,154.272827944998,0.914330621238707
2043,36,men,1.16757695618275,0.693834816595344,1.37412072439634,199.636018328821,123.380746088357,0.897814954674641
2043,36,women,0.907434200241607,0.740547368439913,1.28468484441455,290.214070571521,86.0609354521157,0.950657199239017
2043,37,men,1.29831510792295,0.689775815881273,1.41810206025616,184.191116019049,71.5176359789547,0.897417238884576
2043,37,women,0.994702543009887,0.730096324133362,1.32048257436709,307.094853569266,91.3903977181679,0.91159470179388
2043,38,men,1.23288164395829,0.670896063978732,1.36599476217202,209.984214904061,72.2302800529439,0.916450457110116
2043,38,women,0.886219632271019,0.755262103448487,1.20333887852516,357.350587136312,97.2603841195409,0.842682104162297
2043,39,men,0.967938744767554,0.672312118270208,1.28313125483243,241.593989470923,75.03573573534,0.925875033075483
2043,39,women,0.914345400489478,0.706346278294662,1.29526798061351,285.212535423122,67.1059683065934,0.90765394024825
2043,40,men,0.968522772795711,0.645717047843314,1.34888641320725,220.084192500134,54.6467832435294,0.832505707089992
2043,40,women,0.770964067669367,0.679607694055101,1.02443243364201,329.100073458746,70.0028025791873,0.887713647910258
2043,41,men,0.876340508463723,0.624521067334285,1.26689324927218,250.265151358844,56.9369373789705,0.889958632457921
2043,41,women,0.783739547183986,0.663933761786719,1.24766579161744,356.805430278561,55.5439144352775,0.897334531850657
2043,42,men,0.870602695010818,0.623597379806482,1.30708329387071,250.262237602646,59.2885115020158,0.915008814540008
2043,42,women,0.823104172848278,0.686443717576027,1.3086700602873,378.497723039911,76.4366980150625,0.922891877563658
2043,43,men,0.889106757004973,0.61091021541124,1.56281132872363,295.639916733694,47.5268693726568,0.925253920988127
2043,43,women,0.745995543010404,0.669793843515582,1.10384028006522,396.312442512102,60.4551418952008,0.856150299619241
2043,44,men,0.85531354324137,0.606596901864986,1.65394031630106,350.288650754121,43.1896887745013,0.898278821768192
2043,44,women,0.743413647100014,0.654975009163802,1.26704056674729,366.799433741012,61.5505333909859,0.942098467814586
2043,45,men,0.77932074486861,0.598831248742953,1.58738438800444,341.612190337406,50.2496329001574,0.899268484328916
2043,45,women,0.69224766365007,0.632607830604146,1.39284365173136,524.80267119239,49.566823591438,0.872101802162346
2043,46,men,0.78217751566259,0.586861471193363,1.40894663833837,439.085314179951,40.307487286113,0.871045772645926
2043,46,women,0.684804588191457,0.598684606115677,1.52515732628482,544.466465296079,43.7027215070591,0.896897223092004
2043,47,men,0.728377903135677,0.582117061619743,1.52958719034023,451.006096005728,38.1459836209427,0.868561282182119
2043,47,women,0.703902538587264,0.60426892787101,1.51551770746865,509.238549845138,52.7712434812053,0.838715465694962
2043,48,men,0.76612428875002,0.583055728934639,1.69351699684432,716.453524474931,40.3376132540217,0.874397049608692
2043,48,women,0.644815521441693,0.610413008784313,1.73689641046951,660.509098770816,39.6644369393218,0.87534761537487
2043,49,men,0.700439187238456,0.571485712343311,1.68123301817396,562.79015729213,31.521119195449,0.86611492460684
2043,49,women,0.656586281972487,0.581606708072676,1.35656614450065,941.233094785203,39.2829662488564,0.85433418822463
2043,50,men,0.716478706142983,0.551273450558401,1.91861982569463,1472.26353087906,27.1285690376461,0.879215259869488
2043,50,women,0.623995258111889,0.551179881434592,1.42235272383198,932.945200492473,41.4103400295077,0.883506043095064
2043,51,men,0.6865795789455,0.542181358660017,1.70161116860624,1876.21623089943,25.8362830904772,0.855553499130551
2043,51,women,0.631639277280126,0.566644995788747,1.49064773174011,1675.01108870457,32.3962499852409,0.869131794139129
2043,52,men,0.681612989023088,0.538977173534717,1.75300246354531,1750.59458851716,27.2268131295582,0.858626406921343
2043,52,women,0.589979880624129,0.556772659117379,1.1615337721109,1640.61228805933,34.7399449680862,0.909690529151786
2043,53,men,0.698393995234039,0.535287961477901,2.15620678220973,1622.41463952282,22.4471602281455,0.872477378082278
2043,53,women,0.575885165132658,0.555970631399975,1.54365921145563,1972.08440249866,29.7311147810792,0.865950186905096
2043,54,men,0.660826349012195,0.539778826279082,1.97309754199027,1444.67266202751,22.4937354890587,0.862813123431779
2043,54,women,0.570643943749043,0.530527658450345,1.29697212828239,1915.36270786048,26.7660099070584,0.870245534463197
2043,55,men,0.621672762642783,0.520978276886089,1.74032274220694,1400.12239454164,21.8031896469498,0.833143307829749
2043,55,women,0.520803529689622,0.536588660958355,1.28946358513746,1647.75265493156,31.4489542451721,0.873457815178998
2043,56,men,0.617825683202218,0.534422743993467,1.742048079583,1024.82314192463,23.0625838524838,0.846926949667038
2043,56,women,0.505222511862131,0.527476447822923,1.44237362844918,1740.80769524053,25.2844196534479,0.793011241432346
2043,57,men,0.614267788379503,0.533210085006222,2.02410237814513,993.347752353835,18.6242577687353,0.876367922492549
2043,57,women,0.490648332512982,0.520948579751838,1.28482970457271,1362.96536952952,25.5843647400029,0.86780357124212
2043,58,men,0.624552826600232,0.520732058604577,1.92373067837718,893.287401967858,16.6751863785908,0.865763462100741
2043,58,women,0.483652002851186,0.516955461255656,1.47045779898433,1161.77826109416,22.9703775304614,0.88079433141872
2043,59,men,0.610425917176706,0.523030443486339,1.84263425509646,828.926447539666,15.9333210422056,0.884848364121915
2043,59,women,0.492172710386158,0.491261552666457,1.78627517491578,1014.47193892409,21.7842535362056,0.887110061890322
2043,60,men,0.721698427503243,0.686679060367028,1.56147987137746,764.479784606919,18.8722223125642,0.875745055917477
2043,60,women,0.595206614097602,0.66874876409752,1.42090930040177,935.001380637954,23.0735908600113,0.809524773485838
2043,61,men,0.703664666942414,0.686203467932276,1.87437596525538,609.211157244063,15.7727677258566,0.829600258201658
2043,61,women,0.596383241236796,0.657154497729367,1.36590736537277,874.243035763112,22.9188968745594,0.839844364441931
2043,62,men,0.702714746467192,0.689196345010278,1.62740537386081,590.002571368095,16.4477147693159,0.837741261272229
2043,62,women,0.597710790119598,0.653690732818247,1.40731197771841,755.992630351682,20.8946253175592,0.863726657429097
2043,63,men,0.692394662888896,0.693831738522998,1.68675963092505,514.983360022416,16.5355740714199,0.823725469534152
2043,63,women,0.60222684520569,0.63819102058059,1.22904576980176,571.406225874808,18.9136499741664,0.827309427879011
2043,64,men,0.696729969654429,0.687315068339556,1.47141822595486,419.93384703814,14.8652056221476,0.860428315476305
2043,64,women,0.583361741178991,0.638956393719151,1.14386344083263,521.6468090533,18.1700451974015,0.835772875931316
2043,65,men,0.665498672743498,0.691399408090571,1.49825961514696,371.994927884787,13.1090433143053,0.842003969253276
2043,65,women,0.576415534617749,0.632564287157567,1.57231085427343,354.170594578961,18.0307970930208,0.831441082467798
2043,66,men,0.667720773297831,0.690328024774996,1.51752652172993,314.204634838372,13.3720748388579,0.837806045194476
2043,66,women,0.548882050230186,0.62970241230515,1.14884239516898,267.13789555986,17.9702125048515,0.816164674753999
2043,67,men,0.659470841231524,0.698239529857505,1.42679555090398,299.924343797749,12.1335195164021,0.857691400600923
2043,67,women,0.583331561732816,0.639342312440067,1.10618477329295,211.378197982743,16.5213742899968,0.841376313640763
2043,68,men,0.672050029676296,0.708480677330993,1.31660074057947,292.493179828387,11.8934897682761,0.867288796505162
2043,68,women,0.575266346071702,0.645127677896091,1.17794386082073,164.565331273281,15.7613546855818,0.823139755064052
2043,69,men,0.663554392672575,0.724748247272897,1.15097811441353,248.863655488836,11.4833522522977,0.848813028787469
2043,69,women,0.578296390953965,0.649675280797256,1.18323079739549,129.422146625511,15.198890942754,0.897678186685854
2043,70,men,0.708372438999791,0.787809089028223,1.11462048114908,221.51854529225,11.1837088241395,0.853803830001768
2043,70,women,0.62251246645274,0.702806132365046,1.17304712360796,119.028207426745,14.8376986845112,0.818237047440497
2043,71,men,0.708954103941145,0.797947415969087,1.2333220054023,198.106281376689,10.2840525516264,0.85573432331486
2043,71,women,0.632227144233986,0.700113578639234,1.00590832162171,92.2766006942976,13.9428158074028,0.848789435294827
2043,72,men,0.698226094382594,0.8169180636923,1.22744620142132,190.007757474381,10.1704451158999,0.817526808282769
2043,72,women,0.624101978599619,0.715236097422239,0.988965144124225,71.4030011269262,13.295912025481,0.834446909673256
2043,73,men,0.661497986921686,0.833606050709708,1.2966544954368,161.485996638482,8.49017606586256,0.865699954924365
2043,73,women,0.629103474381456,0.704832106839968,1.01997371382883,66.1432436132351,12.6405606063997,0.846602228913381
2043,74,men,0.657130191348862,0.836555873267275,1.20814955960074,147.541475180739,8.7192106770214,0.847144606189365
2043,74,women,0.606390380090558,0.712912956297969,0.966934074332708,51.778156025416,11.3567336917628,0.851132788776832
2043,75,men,0.612864375925301,0.84241421380397,1.23489041024208,117.190255909482,8.67616994877212,0.846786739129786
2043,75,women,0.574003531167708,0.711985852023655,1.08805417009649,45.2072489831507,11.2534729500826,0.822084486790176
2043,76,men,0.601334413811606,0.846697338517918,1.22209214133451,80.2942430811444,7.03564805045711,0.852834427738508
2043,76,women,0.574867890063767,0.717773692795841,1.17125034453069,37.5732345515718,9.57082036770098,0.872209973359967
2043,77,men,0.580251324560763,0.865877991442137,1.26050761121018,70.0832425057062,7.24227587596772,0.87689143965589
2043,77,women,0.551171359554286,0.722343895407723,0.969001966179874,30.2328833035763,8.83835311104008,0.828770420863558
2043,78,men,0.573777407415548,0.869202427886144,1.05136371717087,51.4821088747724,6.55624633637097,0.882135707761304
2043,78,women,0.546193741248577,0.726255316270586,0.978488299825854,26.2082487799251,8.40274407584523,0.842684693859196
2043,79,men,0.560992463178081,0.882542015000639,1.03755884327411,41.0247591796103,5.93186656575926,0.863827328007416
2043,79,women,0.539142210173672,0.732812924783522,0.924598176394126,23.5606091791262,7.82031450062916,0.868076989924311
2043,80,men,0.579508764818176,0.887203367207076,1.00170143197045,31.5827448619238,5.41905914125409,0.883327076421552
2043,80,women,0.53810585986854,0.744091404313206,0.889892524403675,20.6117494192901,7.3384666604772,0.860625813754598
2043,81,men,0.580952136286852,0.910967812685229,0.934522458019975,26.0006394747792,5.37604853023108,0.890400894185078
2043,81,women,0.545456798099442,0.752287551862463,0.838851176193162,18.656240174531,7.10875046251388,0.83669573427557
2043,82,men,0.580963304532785,0.927924326343086,0.826025977516093,22.7087348171183,5.6963038748468,0.881973412058717
2043,82,women,0.55127633029594,0.770479069230629,0.769928408891326,16.126525485427,6.22222648994973,0.872627302480393
2043,83,men,0.60892351170241,0.961659114686889,0.815049717551398,18.616087556988,4.75326379709413,0.902444692112338
2043,83,women,0.58323688659775,0.798110237436762,0.774268477130595,15.0739337074399,6.00075307524313,0.883709886158487
2043,84,men,0.646135855713512,1.00101824597605,0.904611153779181,16.1510978284937,4.44868472865864,0.89519405285533
2043,84,women,0.604620051720342,0.824843444959333,0.852647641985015,12.8302674462448,5.27874142815953,0.86311307523257
2043,85,men,0.684572638759705,1.04325880939704,1.05449179069933,13.5679205888801,3.76097804319576,0.889903576592998
2043,85,women,0.627839496843522,0.870343536377868,0.883617613015626,11.1823091177801,5.1863294729641,0.90028397930172
2043,86,men,0.729726070299919,1.08579155355579,0.977519824772828,10.6361383280558,3.99477307032704,0.926890390970534
2043,86,women,0.67673236676296,0.915634864722678,0.93036452665059,10.2961262054478,4.61266671944871,0.885111891019631
2043,87,men,0.790293789580633,1.13499701007609,1.06495650447677,9.15247741638588,3.64997651699873,0.949571135943626
2043,87,women,0.726230993698435,0.969623295938686,0.892224772998112,8.92607957659445,4.23307524769782,0.889702346251066
2043,88,men,0.859966370076933,1.16980443652924,0.917976909271838,7.89800017843001,3.73708410238097,0.938990281282696
2043,88,women,0.776536077247178,1.04272598123875,1.05879151587442,8.01411824399504,3.59279568894831,0.87378104355782
2043,89,men,0.923599575761848,1.2541416479951,1.2108813247701,6.27957724932665,3.41079028902348,0.941763898524041
2043,89,women,0.843604036654316,1.09049021165545,0.959908059507663,6.63969678184193,3.20750625289311,0.875893061331557
2044,30,men,1.6258851323161,0.839870394479979,2.68109497292984,209.102109118545,86.4408708078716,0.880930488154572
2044,30,women,1.10795741616115,0.847110570105587,2.41152736895272,253.396305500324,115.095516114162,0.946114051465849
2044,31,men,1.52455992240319,0.818055986598601,2.64588196272304,235.598643174582,94.4042461361418,0.990280897385968
2044,31,women,1.10350932483341,0.810799981331449,2.41889262569661,280.689046432173,126.996262519651,0.988884157245108
2044,32,men,1.34390239563538,0.773189167116096,2.66062874605631,142.875094759933,101.598676348246,1.01241097824553
2044,32,women,0.858882791975725,0.771135353602861,2.42102967963905,325.35870949884,129.535654549938,0.927096602858853
2044,33,men,1.0504164180596,0.735639995051256,2.64960540863401,172.634942127787,103.292705463111,0.958491336800512
2044,33,women,0.81646927582118,0.764803633912819,2.42815109107505,353.598220351504,73.7128284936417,0.884232397685013
2044,34,men,0.962550358575291,0.720563074306325,2.60650050891252,191.330194550282,111.818763348862,0.866391901965321
2044,34,women,0.779412716432424,0.719189337611518,2.32919196530838,215.978822787408,73.3629810316048,0.921000902089219
2044,35,men,1.0582933011375,0.733663381257083,1.44161584605288,212.901712182805,61.0242818002637,0.889084947296824
2044,35,women,0.828617885494882,0.748006515341706,1.20941823252009,248.130735584208,106.650630234089,0.966301674424274
2044,36,men,1.16827347892293,0.686921794144916,1.37796377556822,172.203158825367,123.945725478566,0.983586632638728
2044,36,women,0.90124203445761,0.733217567215301,1.28400915472868,276.443135305213,162.301259028183,0.940454823397175
2044,37,men,1.29912151458529,0.683134821703449,1.4231940026089,197.601077483125,129.735507609531,0.939150884335097
2044,37,women,0.987606467242385,0.723685880221118,1.31927248979265,321.826507698881,90.9050533406941,0.99833747793036
2044,38,men,1.23397709612942,0.663805492692085,1.37229049087528,212.738156065316,72.892347632414,0.873012632886779
2044,38,women,0.881978152307462,0.748865672781553,1.2028827223392,242.810014068269,97.0547388643648,0.967534020610012
2044,39,men,0.964847276870884,0.665419549990739,1.28826049713151,243.843870590474,76.5778241366708,1.00566817387112
2044,39,women,0.912924636478425,0.699911860102042,1.29356991837113,290.561797526151,70.4589786671065,0.883149897152786
2044,40,men,0.968156753374996,0.637979976373017,1.35449371561835,215.477019461972,65.1464192535431,0.858059321432619
2044,40,women,0.764358537450292,0.672699867339649,1.02433186026826,328.924552701283,69.4977866449004,0.849967246593279
2044,41,men,0.8744159425858,0.617347183203152,1.27305095491091,258.759377965806,55.0838348508052,0.881086220628445
2044,41,women,0.778605272852446,0.656513403243149,1.24925205374023,373.207003546652,73.4637835680144,0.934646461351308
2044,42,men,0.868563181701082,0.615469460256762,1.31420731146446,299.877906574172,47.3340440630899,0.894857869926565
2044,42,women,0.817887621848194,0.678842485358294,1.31137049378736,341.570790963017,56.6306725648186,0.893193275849329
2044,43,men,0.887706562587389,0.602870653658038,1.57213827990773,300.097702968723,47.0029066324621,0.850314652224677
2044,43,women,0.738295540017437,0.662725658613956,1.10622026540084,432.24018951676,59.6640671555417,0.930175298043698
2044,44,men,0.852367630046896,0.598800822924216,1.66542841139329,357.371826901104,57.0432543717076,0.938177702955993
2044,44,women,0.735863612614427,0.647852331489831,1.27236501098429,478.730006092395,62.4201754117329,0.832838778487897
2044,45,men,0.775842974096848,0.59110837622591,1.60202437938511,361.207179830041,41.4284865180908,0.868611282466382
2044,45,women,0.685937639610705,0.624985369296309,1.39830903263561,426.203589422396,50.3384511963532,0.93673391917533
2044,46,men,0.777987793629496,0.578967634595579,1.42391699361308,421.236312476904,36.585224421628,0.881473069604131
2044,46,women,0.678413259780434,0.591271650659678,1.53258496764528,626.770471888086,51.0196412612831,0.887292414965035
2044,47,men,0.724238874225816,0.57377608542012,1.5459636889079,506.585626094404,37.4809363092514,0.895359004006409
2044,47,women,0.696776086069079,0.59677840821312,1.52387124832558,871.234481515934,44.0461792388291,0.921250041353455
2044,48,men,0.761596708945699,0.575049140780974,1.712833281084,704.611261372285,39.4028452908336,0.920913399768162
2044,48,women,0.637776935064108,0.60285188329516,1.7478893670195,654.855460285283,38.8457346991228,0.915894028842837
2044,49,men,0.695447884265999,0.562987633489788,1.70106662544617,1194.01725784759,36.6018140835351,0.924772139168923
2044,49,women,0.647732163166006,0.573922590255422,1.36547702608721,937.49609208293,40.0610336585673,0.868690943640079
2044,50,men,0.711525374171095,0.543377267731674,1.94138411271026,1027.83659409632,29.2837402146359,0.839791311265291
2044,50,women,0.616007942132161,0.543402736289993,1.43226469290947,1307.09501084912,36.3415012642573,0.870012042693122
2044,51,men,0.680251297970406,0.534397577071051,1.72319946627558,1931.71741541175,27.5272117197177,0.838208407240859
2044,51,women,0.622202318824425,0.558821611999965,1.4999999978664,1454.03112776868,34.6268717182838,0.831326268119011
2044,52,men,0.674997601466091,0.530398177483574,1.77390139908019,1654.41447293909,27.0217910991784,0.82884456495221
2044,52,women,0.582068132045388,0.548837358451624,1.16870348433446,2008.56503020063,30.0746506523619,0.865319641303523
2044,53,men,0.691951147170672,0.526780633856027,2.18288993596741,1511.49119880505,25.4945351007106,0.823728945747003
2044,53,women,0.566816052776891,0.547541987385627,1.55312398528273,2233.06079055936,30.707443098772,0.847988131228351
2044,54,men,0.654822480278866,0.531828543961545,1.99630947455474,1528.44162572099,23.3814555620085,0.830056303429691
2044,54,women,0.562259275219139,0.522351669208133,1.30543709830796,2039.99233646767,30.0593659609362,0.822076915711514
2044,55,men,0.613845591963259,0.512878036831531,1.7654771529439,1256.5473363824,21.992928380205,0.866048447237988
2044,55,women,0.511168921626127,0.528269160867139,1.29804023413215,1994.74028786842,26.0974280198277,0.950551653219113
2044,56,men,0.6106052464111,0.526326545273334,1.76749433888064,1288.21319902679,20.6447504509819,0.872675281104906
2044,56,women,0.495945862217911,0.519298593144117,1.45067494934649,1507.18171535888,25.5165840987839,0.867018366260574
2044,57,men,0.607211104428124,0.525172366545653,2.05256410305358,899.974558110551,19.8288499930135,0.847883807794364
2044,57,women,0.481941474100809,0.51292031600366,1.29247359033914,1336.95364652546,23.2925502140959,0.846555291027616
2044,58,men,0.616599193266686,0.512560062116023,1.9502902209733,908.106853096257,16.8883473414016,0.886237253384317
2044,58,women,0.474674243111517,0.508747611555437,1.47851300016938,1343.05045706121,24.3450394205734,0.839763311013414
2044,59,men,0.602550348914433,0.514988075443516,1.86754943741023,855.664050318823,17.1900118025245,0.834159364995734
2044,59,women,0.482733137543307,0.48345169418501,1.79504857710344,1026.31295033968,21.604733677899,0.843623037142098
2044,60,men,0.714957745554488,0.679431296358088,1.58093699042592,764.100891555512,16.3475336110203,0.857482288781225
2044,60,women,0.586820726263671,0.66111753835144,1.428345011747,923.665250940492,22.3245110173289,0.820090113661335
2044,61,men,0.697249334607503,0.679238639998148,1.89539242931399,692.638101866327,16.9408228121004,0.834452096681474
2044,61,women,0.587610746757886,0.650213148427946,1.37301000810934,911.878099752428,22.6850670646582,0.831030186067831
2044,62,men,0.696150929235398,0.68221198640953,1.64497965980006,614.043541309354,16.2910649522884,0.821785709035721
2044,62,women,0.589129029640118,0.646266644621427,1.41177076258304,725.005312934903,22.4583690234341,0.854547404160185
2044,63,men,0.685263060987789,0.687155311494591,1.70230544465022,576.072407513623,15.8749193069465,0.870910448624322
2044,63,women,0.593338668809887,0.630553025779266,1.23249967842828,656.857455536387,20.1319195172582,0.871863579461795
2044,64,men,0.689983806701194,0.680519149256325,1.48508619195796,441.691294012944,13.7656437487052,0.860301186502404
2044,64,women,0.574412635893669,0.631223842364208,1.14456373848869,536.796779190738,18.0071655485973,0.827843077869329
2044,65,men,0.65774541681399,0.684844556390886,1.51327383677929,377.117708423053,14.3563603625009,0.854763359540475
2044,65,women,0.566667182221858,0.624918519577423,1.57634363630801,484.987608180864,17.7778586374292,0.83911070588108
2044,66,men,0.660205000147205,0.683470700664364,1.52717514622781,379.461806280144,13.2075355888875,0.852214141292836
2044,66,women,0.539821955091088,0.62212704327134,1.14963165424026,349.189031270487,17.3896995429196,0.835763372965357
2044,67,men,0.65202692453467,0.69119327038065,1.43501633618706,312.19860736563,12.0662549445343,0.853505564532348
2044,67,women,0.574927068873887,0.632258717768078,1.1061185533209,270.64353246079,16.8252378184617,0.855944461412848
2044,68,men,0.664255773559372,0.701672062777986,1.32235320309526,273.097990436186,12.2729993762004,0.837234635828969
2044,68,women,0.566192113405838,0.637810791580164,1.17436168712313,210.628878204312,15.9583787218955,0.819866600573088
2044,69,men,0.65550915541479,0.718511274523472,1.15283443362396,246.532161905092,11.4386510342086,0.837078175010347
2044,69,women,0.56955723406768,0.642680059624562,1.17976150333918,144.069386607396,14.4572368196001,0.806218057978326
2044,70,men,0.701207240374895,0.782511125130385,1.11559054106294,240.676503665436,10.8801627119076,0.856165946209401
2044,70,women,0.614168985400032,0.696311980553519,1.16742901583375,120.269823580624,14.8279625921744,0.879176094896744
2044,71,men,0.701087961730759,0.792904096554334,1.23591629257223,197.992023577931,10.0495210535944,0.855689077688647
2044,71,women,0.623266098783181,0.693770448343618,1.00111884705409,106.169037604116,15.0699806457561,0.829111594934804
2044,72,men,0.689862294822868,0.812304850588257,1.22765056978357,183.145077251064,9.20791600342043,0.856590176822221
2044,72,women,0.615537543966503,0.708965537573305,0.982631000834308,89.6280151954055,13.9323689578852,0.827250667957294
2044,73,men,0.653462504379699,0.829622684607404,1.29595144255341,161.592917995953,9.18462301257844,0.832316011298721
2044,73,women,0.620077794341218,0.698524675311569,1.01422079387009,67.9671151169041,12.7308606877501,0.877297830242036
2044,74,men,0.648614583474833,0.832121585648253,1.20817174759164,148.454909618535,8.80919378030441,0.881711217550073
2044,74,women,0.597326170923507,0.706841706181909,0.961256042619507,60.017178645615,11.4261776476979,0.819818954368973
2044,75,men,0.603037550229606,0.837824794994661,1.22995505506632,130.472217599836,8.11158618400233,0.852726549972436
2044,75,women,0.563948663105822,0.705350452042352,1.08573614609364,48.8914008292023,11.2456291460056,0.824079299225219
2044,76,men,0.590899719042275,0.841992698279247,1.22074455393792,104.491666164735,7.66510782598406,0.873095598498273
2044,76,women,0.565011454317877,0.710593970685638,1.16217293152124,39.2170518043344,10.273858211172,0.864966029906932
2044,77,men,0.570055208409627,0.861947078456471,1.26523432657222,79.4349468273013,6.90104492762424,0.853878859247795
2044,77,women,0.541228328121069,0.715270148339379,0.960376000190992,33.9201111255032,9.3034862190339,0.833084661877366
2044,78,men,0.562737765493885,0.86431424223321,1.04489480454414,65.4896342779577,6.31339195091966,0.88141978234639
2044,78,women,0.535810582469637,0.718939264888582,0.973062200674006,28.3105259691233,8.62353696448334,0.855812185161976
2044,79,men,0.549297689436237,0.87826955647867,1.02662548109111,50.7237088572022,6.41698577809598,0.86269639055913
2044,79,women,0.528358783926676,0.725849699425874,0.915098699722901,24.6889324200284,7.55761351351697,0.847809011162953
2044,80,men,0.568321698603611,0.882797425402604,0.9941878845992,37.7414884895782,5.67295098356313,0.87084924814025
2044,80,women,0.527401608471104,0.73724347794022,0.880072807955801,22.9239486129179,7.27211502930152,0.866779127550239
2044,81,men,0.568801633968529,0.907205163606298,0.92249915389615,29.897939505005,5.30887795474802,0.865020176719193
2044,81,women,0.534396971365286,0.745442669659686,0.826522581024711,21.3333749981904,6.83097116001331,0.85379531996347
2044,82,men,0.568670042716056,0.923363653212853,0.815085377201129,24.6307140835211,5.11559378617048,0.877236083758053
2044,82,women,0.539799240765126,0.764097967774631,0.758564095412271,18.1797089005906,6.3249619536268,0.851084036568203
2044,83,men,0.596851928746085,0.95894561309413,0.799045963794769,19.8924170033137,4.69345279561384,0.891568741807249
2044,83,women,0.572041338160693,0.791897224187205,0.759447976126237,17.6025017330728,5.61198637143305,0.884359950086453
2044,84,men,0.633980216351465,0.998934066696629,0.892196085115085,17.055524206178,4.3303450201387,0.919715078399432
2044,84,women,0.593301439360094,0.819345939350853,0.841377626704582,14.7981633939052,5.34960268232023,0.889375163633572
2044,85,men,0.672873200769919,1.04157798388094,1.04865383945922,14.2543913228517,4.03910374662708,0.908826428461722
2044,85,women,0.616807482573173,0.865486866853541,0.877295670957939,11.6484242603834,4.90977850717049,0.851289039700517
2044,86,men,0.718634735250119,1.08606817095578,0.96918540383202,11.9646739494449,4.07295414447947,0.925229411679145
2044,86,women,0.666714249600323,0.911871500943244,0.925635298215465,10.4520404051444,4.61705787150656,0.85410133507195
2044,87,men,0.779841325927332,1.13706470872419,1.06889926515678,10.2860526377693,3.61318188495069,0.959375798774734
2044,87,women,0.716373657572168,0.967394045293537,0.885081871383047,9.11536247508574,4.27252839884918,0.904285808337161
2044,88,men,0.849401457761335,1.17080053200524,0.894964439727133,8.60042292954634,3.46579059161132,0.914045867792476
2044,88,women,0.766906705115312,1.04234971057773,1.04641071316771,7.93845959505439,3.6398918541409,0.905080444326168
2044,89,men,0.913755301300847,1.26011633009789,1.22433947891553,6.78635615237061,3.22236683641423,0.916758401157232
2044,89,women,0.833895886771146,1.09098885764586,0.952315708302435,6.71069978637441,3.2933875428122,0.907278720827457
2045,30,men,1.64121461585243,0.834827713970731,2.76720434206078,218.178105322952,87.8953384360937,0.967980597102581
2045,30,women,1.10996186641134,0.842835049288511,2.48246497747515,260.333100412691,115.438499545858,0.947752960663325
2045,31,men,1.54683938584389,0.81363645083774,2.73250871784098,236.621610617638,92.5321639874515,0.881621086923161
2045,31,women,1.10582921384097,0.805661498313054,2.49097423634446,295.226366504815,126.086262599658,0.929924893761727
2045,32,men,1.3664041691225,0.767736011208547,2.7469473754617,273.890076010811,98.5821566395534,0.992514907973476
2045,32,women,0.856901653338737,0.765333955689688,2.49041747984555,325.332130413023,131.468109844962,1.00289522040437
2045,33,men,1.06129734032565,0.729174609595099,2.73581908260862,168.412022009493,107.705641346593,0.947178104787773
2045,33,women,0.815671715431343,0.759427169582147,2.49692107171265,204.369711519441,137.079536137825,0.882460662354959
2045,34,men,0.963868368548679,0.714984860832809,2.69198041962026,193.32236401907,109.211089760295,0.89837399485999
2045,34,women,0.774622578552681,0.71264946647941,2.39604817308329,217.031968092336,107.199996637793,0.899721870228395
2045,35,men,1.05927732494215,0.728321879954958,1.44544538558967,216.146155543612,119.852870778957,0.852344338499135
2045,35,women,0.823355433767745,0.742529035095869,1.20827343287016,250.765892844773,79.7112123798485,0.96397830326118
2045,36,men,1.1689700761905,0.680080980450476,1.38181568714332,243.845922256252,126.703992795657,0.828411939205583
2045,36,women,0.895095120631435,0.725963847040979,1.28333415065766,275.535648994542,86.4476518577177,0.889212657567964
2045,37,men,1.29992802732637,0.676560966828868,1.42830172448819,202.729727152069,133.308445895473,0.865004417654943
2045,37,women,0.980564447673478,0.717334815996872,1.31806410519441,309.575040857526,90.9304509976325,0.833791511572473
2045,38,men,1.23507298512393,0.656793273565367,1.37861213528574,227.229808063728,71.5484298905679,0.935905028310755
2045,38,women,0.877759031929405,0.7425265034081,1.20242696205776,363.165206873573,94.1122289837038,0.913095882155087
2045,39,men,0.96176718756462,0.658600964128465,1.29340771942289,253.393617165323,78.0110577594033,0.910037629500559
2045,39,women,0.911506773435755,0.693539160123092,1.29187491116252,411.040289967249,68.3369473551056,0.930550685042582
2045,40,men,0.967791051203494,0.630339328079556,1.36012156776658,247.685896417272,80.1022986207081,0.825320357566983
2045,40,women,0.75781279208526,0.6658655821116,1.02423134595322,340.778678670264,70.151767880368,1.00424899412099
2045,41,men,0.872496541561995,0.610259154175855,1.27923555611878,252.124677077663,58.2821732081521,0.907568316796881
2045,41,women,0.773507119754294,0.649179545991597,1.25083955526327,382.083378173541,71.154027283742,0.951181338965909
2045,42,men,0.866529440305567,0.607451377394416,1.32136664421215,308.764837201242,57.8033911591008,0.862398488982609
2045,42,women,0.81270665884016,0.67132908055402,1.31407517469934,342.988371124531,59.673926909915,0.855400174120961
2045,43,men,0.886309256483958,0.594940747222667,1.58151629203406,298.856578780148,62.9148142977636,0.893831412361387
2045,43,women,0.730678722809146,0.655735465273574,1.10860421435505,411.511834934114,57.1182676423128,0.896518715188425
2045,44,men,0.849433296771715,0.591108680324906,1.67699062393426,356.100845494476,48.0055364180091,0.957545237442848
2045,44,women,0.728393892253774,0.640810538168809,1.27770920925819,545.212689061315,50.2922059159415,0.85412118543125
2045,45,men,0.772382412773009,0.583488806856996,1.61679213129293,391.556811431468,42.2793843445049,0.847396764894138
2045,45,women,0.679688177375579,0.617458414151812,1.40379317019787,576.979431455371,51.7077178764013,0.891233592261452
2045,46,men,0.773822546601088,0.571183760851312,1.43903897285668,418.940652232874,37.2819256668034,0.831307167600117
2045,46,women,0.672084664520094,0.583954041604439,1.54004512267823,523.922620258664,44.5355255932098,0.897022551259022
2045,47,men,0.720125372708299,0.56555861682458,1.56250738322238,492.592767669346,38.318248218296,0.925647848555565
2045,47,women,0.689725216069877,0.589384336879363,1.53226671426169,783.714218066025,44.0950197477876,0.907637317618023
2045,48,men,0.757098080784198,0.567156335768248,1.7323602772439,712.840494540983,38.6656776228635,0.890233737615148
2045,48,women,0.630818565966277,0.595388046480442,1.7589464709197,1144.76350249012,43.903948630907,0.840241900097409
2045,49,men,0.690494564410751,0.554619986517972,1.72112433793683,1281.6262435878,33.0050417008522,0.862149014108094
2045,49,women,0.639001686242744,0.566343678259137,1.37444203915326,820.58892409599,34.773280807027,0.816767729533201
2045,50,men,0.706608684436651,0.535597965588508,1.9644071633082,2025.60140562814,30.0833700728784,0.874364268460873
2045,50,women,0.608126698007006,0.535739050312524,1.44224083680089,1288.36631734385,35.085402131826,0.865004491138579
2045,51,men,0.673984398042167,0.526729268165818,1.7450508934439,1821.11374115592,25.8471440709205,0.883927621972198
2045,51,women,0.612910865224073,0.551109989315782,1.50940632229225,1818.40282756113,33.4215745985557,0.906906319438635
2045,52,men,0.668449608185092,0.52195983116683,1.79503908215647,1927.66832407333,29.715153916777,0.85128206375798
2045,52,women,0.57426627377825,0.541018952802485,1.17591391316382,1791.76632911517,31.4439476542102,0.878651692908469
2045,53,men,0.685570843685522,0.518412575378882,2.20989000084996,1848.79609601531,25.2523027782197,0.84180526363965
2045,53,women,0.557894093407397,0.539245152751202,1.5626421193011,2225.51208718661,28.261929921248,0.860899836579608
2045,54,men,0.64887605572998,0.523999162588251,2.01978292296463,1623.63830627903,24.080812049511,0.86790600857048
2045,54,women,0.55400181652753,0.514305587465639,1.31395313584852,2217.84560932199,26.7808846644058,0.827511815201194
2045,55,men,0.606120725588982,0.5049076102947,1.79098257142529,1435.68341673121,19.9225601940227,0.859817367804615
2045,55,women,0.501717131299205,0.520082624780144,1.30666969236283,1723.08744848558,27.6562005911397,0.819677238898556
2045,56,men,0.603472663690122,0.518356869651276,1.79329957432554,1140.08511202085,20.0011175360127,0.859726519107854
2045,56,women,0.486843958826795,0.511251432996114,1.45901995158659,1458.19164812449,25.4219514496217,0.814237033716541
2045,57,men,0.60023887961194,0.517259653111339,2.08141182421588,1104.78267720705,17.0111175637374,0.855396082668726
2045,57,women,0.4733932700633,0.505019610991257,1.30015918000419,1421.02389584699,21.2878184696814,0.860475179142472
2045,58,men,0.608750665024477,0.504520214413252,1.97720319121376,944.949424088712,18.0078180318582,0.880994897867316
2045,58,women,0.465867401905945,0.500673999575011,1.48660835558339,1414.19985271629,26.1759308910061,0.877828331942537
2045,59,men,0.594780167092545,0.507073213982995,1.89278907609412,824.935354219772,16.051811073029,0.858032314885869
2045,59,women,0.473479094777414,0.475769722555146,1.80386074753865,1032.1434405798,21.7151055498307,0.862493014763365
2045,60,men,0.708283272645124,0.672263520111029,1.60062686348179,668.276491978701,17.3955043437285,0.873857872401953
2045,60,women,0.578557002796115,0.653577062893605,1.43581596914521,1091.53108682517,27.1086569658521,0.794306867742327
2045,61,men,0.690895586085524,0.672347858552168,1.91663408793671,641.309848205139,16.0180710563008,0.836450310882116
2045,61,women,0.578971487646493,0.643348460240409,1.38014608304679,912.629698995295,21.9307126132442,0.828917121626469
2045,62,men,0.689651587961883,0.675301772098766,1.66273499431936,617.516061256194,16.6972125981646,0.822506015513939
2045,62,women,0.580674591012669,0.638930442740356,1.41624148297217,755.000078033731,19.6476358638569,0.838790590903091
2045,63,men,0.678208348365289,0.680546347214029,1.71798682542523,597.223231722969,15.0959027183518,0.863753642408805
2045,63,women,0.584585923135798,0.623010112988325,1.2359615968625,644.906129354567,21.1255221539233,0.857907506287739
2045,64,men,0.683306216048332,0.673793700543682,1.49887434078348,465.011742611174,14.0255272533511,0.851489851420271
2045,64,women,0.565605091840156,0.623588582812473,1.14526412203976,616.882834145768,19.3319516233066,0.819757067057871
2045,65,men,0.650086214766153,0.678355008939114,1.52843106322158,393.238325620198,13.3783879267882,0.85342631092635
2045,65,women,0.557088341784807,0.617368838011178,1.58038478183281,505.66966202826,18.13144110856,0.80120183192848
2045,66,men,0.652777437697982,0.676684797470825,1.53688035352094,363.179986465817,12.9548908129045,0.838463827796619
2045,66,women,0.530915732124804,0.614646445088192,1.15042106909754,442.898646771964,16.8212008089316,0.818127727307488
2045,67,men,0.644670612088507,0.684221512384269,1.44328043155169,298.59293991891,11.9835709531906,0.870227088430482
2045,67,women,0.56664768805245,0.625257013078453,1.1060523696994,344.847010999144,17.0980529836933,0.801696898798638
2045,68,men,0.656555659301253,0.694932162433318,1.3281279670588,292.102844024221,11.6305025337967,0.88527779326434
2045,68,women,0.557265351124916,0.630580409760356,1.17079215107394,247.081892069922,15.866659593298,0.853878078967799
2045,69,men,0.647565325999762,0.712330986661855,1.15469283658644,252.344150748966,11.3781007632563,0.833860777211747
2045,69,women,0.560954320361859,0.635763524165187,1.17630407086729,190.795377445062,14.933629492091,0.850694213862253
2045,70,men,0.694117969425511,0.777251354917251,1.11656097013255,232.574416209082,11.6004294987938,0.856139205389617
2045,70,women,0.605941330459811,0.689880969239102,1.16184054321825,144.009613321172,16.3697908102705,0.86461077875525
2045,71,men,0.693312881257153,0.787895096186626,1.23851476389795,207.932023238619,10.7133185885671,0.86160842920596
2045,71,women,0.614436355301785,0.68748784818771,0.996354502721451,115.74182912265,13.7986817904655,0.823242729731641
2045,72,men,0.681602699794807,0.807719926047958,1.22785487218788,199.507741270904,9.89997406338858,0.862881793877665
2045,72,women,0.607094740528931,0.70275297925771,0.97634049501009,93.0500224083812,13.7367211750198,0.831280051035173
2045,73,men,0.645528490964998,0.825660287307249,1.2952491144646,163.753359382113,8.91683864273757,0.854642649313029
2045,73,women,0.611185924694271,0.692276731745124,1.00850311197202,84.70143089861,12.8037016423615,0.864282303255897
2045,74,men,0.640213411933912,0.827712954288445,1.20819392513717,159.622604542609,8.51624140130931,0.843956104529171
2045,74,women,0.588401786249433,0.700825091239041,0.955614106248684,61.2144768169846,10.8625799752989,0.835298684975292
2045,75,men,0.593372981694194,0.833262605490516,1.2250418240104,135.147684031295,8.50471024005771,0.850186120498012
2045,75,women,0.554074716322966,0.698780091336689,1.08342419064476,50.3122326046283,11.6518493807648,0.856977184310882
2045,76,men,0.580651064475193,0.837316481155799,1.21939911054928,117.625488727085,7.2415975620187,0.870925646019521
2045,76,women,0.555328710207668,0.703489524814664,1.15317025859027,43.8211323896394,9.95288746243454,0.840795345374186
2045,77,men,0.560043113537942,0.858035920629451,1.26997644148089,98.9344234580597,7.06870364003481,0.854108793585536
2045,77,women,0.531469399431468,0.708269082030932,0.951830984646136,37.8911781758347,9.54328930757678,0.872014885536919
2045,78,men,0.55191577398559,0.859455917317438,1.0384688292461,69.6475234444396,6.89878541777641,0.903542824293811
2045,78,women,0.525629742241749,0.71170043740832,0.967668823310568,32.8740227289225,8.45708786211814,0.881063026359061
2045,79,men,0.537852253828765,0.874019855856752,1.01581259349655,62.9069273111864,6.13499342876818,0.867078342510112
2045,79,women,0.517796154697832,0.718955996386652,0.905701397193937,27.6682381279936,7.81772612111326,0.868118855689376
2045,80,men,0.557355905986511,0.878415502940512,0.98673432846617,48.6506331497644,5.48543624308673,0.878833681577037
2045,80,women,0.516915371135969,0.730461876825942,0.870366173047859,24.0638808850539,7.0487171119313,0.879165294640152
2045,81,men,0.556911014546333,0.903459884708392,0.910636305891726,36.3932285599228,5.64204342400599,0.87838351311227
2045,81,women,0.523566642406153,0.738663369738068,0.814381076858563,21.6279004719707,6.90182933935079,0.864306151055084
2045,82,men,0.556642730905144,0.918827609701347,0.804294928882552,27.7378645999088,4.89438684576342,0.874454419272134
2045,82,women,0.528566533346962,0.757772796960142,0.747372957550928,17.5479987313424,6.25812661372942,0.858894089841637
2045,83,men,0.585025388111676,0.956241089762286,0.783364046911266,23.7876205736764,4.85670074095007,0.92407498594676
2045,83,women,0.561066013315009,0.785735580578995,0.744918200449979,17.1735856806284,5.96536694974486,0.869121622241185
2045,84,men,0.622059037363901,0.996855243028065,0.879957351212008,20.1811046102472,4.57373272456297,0.918194544934033
2045,84,women,0.58220009510911,0.813887736197471,0.830261978175438,15.8105143825657,5.70362503025642,0.854816720966835
2045,85,men,0.661379284024886,1.039900686528,1.04285104045573,16.0151382300111,4.32342354213581,0.894192047567479
2045,85,women,0.605974570463055,0.860659654021583,0.871022018992737,13.2386794841979,5.17201974135694,0.869498887517712
2045,86,men,0.707717282592908,1.08634472347709,0.960926067385961,13.468221868161,3.97711855216186,0.897557513459569
2045,86,women,0.656849228859325,0.908125434408042,0.920932404923974,11.0210624533066,4.63250967827298,0.904883119794841
2045,87,men,0.769532118428749,1.13913516012357,1.0728546838282,10.5727517376967,4.13654685967713,0.936499368613429
2045,87,women,0.706654841364498,0.96517100650194,0.877999605680353,9.6597520283804,4.40462599480468,0.861277066328612
2045,88,men,0.838971410693651,1.17179698783279,0.872539697403513,9.25988949166424,3.50725732733718,0.917966260379298
2045,88,women,0.757401363765734,1.04197375963591,1.03418063306149,7.97562991886016,3.69004907651559,0.899616847867199
2045,89,men,0.904020691198284,1.26611653213323,1.23794051903559,7.42105184654122,3.18361182841255,0.920701717273653
2045,89,women,0.824304124433981,1.0914874875874,0.944787078045879,6.48049142610232,3.24160071778911,0.901812853699334
2046,30,men,1.65668103133955,0.829817753394153,2.85603516735869,225.784648810229,167.525836889456,0.914427307664136
2046,30,women,1.11196896040137,0.838583182205194,2.55545307047475,263.553060501179,123.066984382116,0.956202565637312
2046,31,men,1.56943330327928,0.809242934684436,2.82192720750308,125.928884458521,94.2917333314153,0.947159332778471
2046,31,women,1.10815284219169,0.800558068920819,2.56516701321563,299.935024650832,125.515028847843,1.09848344911649
2046,32,men,1.3892714255744,0.762323953144408,2.83602216809914,281.526085638104,97.8000298612029,0.914806569017341
2046,32,women,0.854926049673787,0.759579007025478,2.56175857614708,334.539993925008,129.587320295757,0.956112929132467
2046,33,men,1.07228557225518,0.72276916625826,2.82479378404987,170.629602098247,106.343351897704,0.92856256263454
2046,33,women,0.814875323469579,0.75409110182298,2.56760369539465,192.446625200854,140.234622609685,0.952880213928378
2046,34,men,0.965187537589346,0.70945252635956,2.78021977555389,194.774077563609,114.491595006314,0.869679513035388
2046,34,women,0.769864200282802,0.706172218648927,2.46478929463029,251.078848465408,148.071752176842,0.987718890824603
2046,35,men,1.06026178197461,0.723021850802084,1.4492832183572,221.376416497518,119.154969355383,1.0031260807395
2046,35,women,0.818128951460873,0.737094313641213,1.20713027572695,268.05670249608,154.739716378692,0.950335584266248
2046,36,men,1.16966674795696,0.67331158651011,1.38567647520235,208.667072196469,128.014876606596,0.942506197889493
2046,36,women,0.888993106178609,0.718785381593696,1.28265983117106,285.157485519131,85.9759776962222,1.00433339017876
2046,37,men,1.30073464610828,0.670053540156419,1.43342526704149,197.332935732047,69.8880562896328,1.01115387936294
2046,37,women,0.973576046384145,0.711042552794912,1.31685741735467,331.989098674204,90.0176275722131,0.938665789532539
2046,38,men,1.23616931090227,0.64985850311164,1.38495978933161,221.401112435991,73.6803251489912,0.956919215459911
2046,38,women,0.873562142417558,0.736244055095535,1.20197159714401,251.453332605874,97.0611855594322,0.991721091094901
2046,39,men,0.958698429434807,0.651855530985713,1.29857297589492,271.113957643745,75.6718467943133,0.840855931068255
2046,39,women,0.910091804023973,0.687227556616825,1.29018295200146,292.547355372477,67.5048649084558,0.907678838416081
2046,40,men,0.967425665851281,0.622793855018096,1.36577003485891,223.553659192038,54.9098205629672,0.840253020733341
2046,40,women,0.751326261639158,0.659104020051308,1.02413089063334,465.300646482937,71.0832439670896,0.922818918217641
2046,41,men,0.870582289016226,0.603255911530281,1.28544715713208,269.810883965452,82.8431529190633,0.899843098349392
2046,41,women,0.768444816288121,0.641931140099793,1.25242829654805,314.056139824655,73.2540241774041,0.807102323722073
2046,42,men,0.864501451679031,0.599541594316035,1.32856144978051,279.368807338095,45.3228167018405,0.865311144364622
2046,42,women,0.807561023813585,0.663902446168069,1.3167841076219,467.932800535546,57.0176764451908,0.845977353390769
2046,43,men,0.884914831328637,0.58711894793759,1.59094561946485,293.901383927811,59.2401217985402,0.867913319456631
2046,43,women,0.723144152680617,0.648822365414065,1.11099213158583,436.189546243568,60.013234467182,0.914978460093213
2046,44,men,0.846510492267789,0.583519038589375,1.68862739551114,378.520008278064,50.1543130239883,0.874118304841455
2046,44,women,0.721003593021465,0.633848671806409,1.28307322514457,499.978215087566,57.137120550534,0.903027439112673
2046,45,men,0.768938967384641,0.575971109321797,1.63168869537691,381.781204195606,50.5312411853407,0.938012440703687
2046,45,women,0.67349866650052,0.610025722692243,1.40929611956995,659.286146777049,51.755774943931,0.896168175425041
2046,46,men,0.769681619738748,0.563508265502459,1.45431403648709,521.944367377333,37.127783284348,0.84579124148993
2046,46,women,0.665818156436536,0.576730506864659,1.54753791770502,673.211946841276,48.4445044821763,0.916588391276753
2046,47,men,0.716037228775817,0.557462767956764,1.57921989725439,544.110648837501,37.6245472710374,0.871145233853451
2046,47,women,0.682749090595022,0.582085425741137,1.54070429503661,687.798893550501,44.2478537259874,0.90722898408965
2046,48,men,0.752628205112281,0.559375642445011,1.75210017915022,737.366121098818,34.2691434265446,0.886776713196678
2046,48,women,0.623939461371489,0.588020199872403,1.77006806484695,1260.03271969047,39.0333656066049,0.896287059640939
2046,49,men,0.685578920264454,0.546380707189844,1.74140857642211,1165.50753793811,31.7063450975386,0.8951157919611
2046,49,women,0.630393065427614,0.558868481283522,1.38346148582294,1778.21546213121,39.2937853643351,0.864233783431875
2046,50,men,0.701728348159428,0.527933758150651,1.98769179017871,2163.35562201177,30.0983123092205,0.859978793137416
2046,50,women,0.600350066259292,0.528187113998378,1.45228153931811,1164.61791178303,33.7503928392445,0.900030811411698
2046,51,men,0.667778254216892,0.519174663689052,1.76716852624379,2043.51892023993,31.3828349287007,0.846824693632033
2046,51,women,0.603762603483366,0.543508477686889,1.51886699082374,2191.34444167088,31.0878022392918,0.903990623769953
2046,52,men,0.661968290147435,0.51365976158717,1.81641812145222,1714.01642361914,27.2539674569619,0.897739727792414
2046,52,women,0.566572726879867,0.533315664285186,1.18316526974746,2382.64421838592,32.6807778522209,0.827554661776413
2046,53,men,0.6792524474811,0.510181439705463,2.23721058301912,1727.40206370678,26.018481298541,0.869344121766013
2046,53,women,0.549116829146379,0.531078003278371,1.57221388802904,2099.4802710239,33.9890065157188,0.920924824916618
2046,54,men,0.642986498059641,0.516288785826739,2.04352070352609,1413.72190180196,20.3908834717926,0.867518490178144
2046,54,women,0.545869576887474,0.506387287119076,1.32252052378648,2046.22111279005,26.8030859510629,0.909992386239904
2046,55,men,0.598496777312255,0.497064854940702,1.81684372041157,1285.51376483582,21.1925663289951,0.888279093174737
2046,55,women,0.492444602858104,0.51202686417232,1.31535225893102,2356.48604831807,25.6604312498899,0.866479162552064
2046,56,men,0.596426823903459,0.510511679466855,1.81946867081172,1202.25635728845,20.5390766650024,0.858147587017071
2046,56,women,0.477913426909104,0.503332816298879,1.46740884349082,1762.14561162548,25.7973891155822,0.876400310740519
2046,57,men,0.593350062506261,0.509469940880923,2.11065058388913,1057.8869597219,18.5917696213146,0.85283550202968
2046,57,women,0.465000753966661,0.497244377076263,1.307886680538,1615.58344727604,24.2253060723714,0.837519508773877
2046,58,men,0.60100580255799,0.496610315468473,2.00447411587348,1024.79637591457,17.0848441381198,0.823510658778565
2046,58,women,0.457228144085819,0.492732365845829,1.49474404560837,1420.06920069927,23.6493112314647,0.852732847794415
2046,59,men,0.587113910986123,0.499283776696552,1.91835723459478,951.232131571191,17.8198298599556,0.821749027185287
2046,59,women,0.464406847526302,0.468213482616541,1.81271183844875,965.237810748524,20.5813586564883,0.796572593597234
2046,60,men,0.701674326549513,0.665174810396978,1.62055215898022,683.401861640564,17.0132488390675,0.835247209423778
2046,60,women,0.570413605585361,0.646126214937185,1.44332232230866,953.766177947277,23.3441705572005,0.798901078816081
2046,61,men,0.684602800522589,0.665530300737297,1.93810324222395,709.927960187077,15.5838707938023,0.81681876852471
2046,61,women,0.570463376670402,0.636559549644258,1.38731573108711,888.092168279143,20.1332656642023,0.887915279263548
2046,62,men,0.683216058238225,0.668464879299295,1.68067315266036,570.70731263754,16.168576054728,0.856805730808008
2046,62,women,0.572345524368512,0.631681044562051,1.42072416497565,721.666622490948,21.1330381148381,0.820592617559226
2046,63,men,0.67122965904835,0.674004131505637,1.73380488829999,517.062891766031,15.1862595810602,0.811015681275721
2046,63,women,0.575966479884301,0.615561052944685,1.23943153974923,723.895427519658,20.0076998315577,0.826100641409467
2046,64,men,0.676696467661577,0.667137957533009,1.5127836696569,521.643849577928,13.7036726571915,0.859132956495508
2046,64,women,0.556936802148359,0.616049344247582,1.14596459145444,574.46817417638,19.1542095225005,0.892833064892927
2046,65,men,0.642519880485124,0.671930083668791,1.54373258561087,407.530263425497,13.9694571757273,0.834718375704674
2046,65,women,0.547675984962653,0.609913988822316,1.5844343040901,514.925418654678,18.2290481472185,0.811417399195554
2046,66,men,0.645437008266199,0.669969536945438,1.54664244751746,378.356509033863,12.8379399812817,0.841636467255529
2046,66,women,0.522160694708515,0.607259386659321,1.15121063969538,451.671479830548,17.2378199107804,0.816462071246344
2046,67,men,0.637400830832157,0.677323432294889,1.45158804382503,345.595387950012,12.5857432603527,0.8625778764518
2046,67,women,0.558491496991491,0.618336212329471,1.10598622239077,423.361534234482,15.8459096586781,0.852121297400226
2046,68,men,0.648948504618822,0.688260249722647,1.33392510796062,269.586681254427,11.171008937216,0.846475061231405
2046,68,women,0.54848359224446,0.623435468177594,1.16723520194131,320.153552049759,16.4185562278388,0.869117979941575
2046,69,men,0.639721577558029,0.706206841164229,1.15655332461936,262.230820931847,10.7665633121542,0.852953460222508
2046,69,women,0.552485460739268,0.628924751493559,1.17285845365418,235.45312969508,14.8245353289701,0.853506107977304
2046,70,men,0.687103785026759,0.77202948457073,1.11753176831777,229.263705161654,11.3676089864053,0.841395749766663
2046,70,women,0.597827838244259,0.683512454101205,1.15628153506084,180.662712285346,15.787836285405,0.816278423527192
2046,71,men,0.685627764593841,0.782920164718958,1.24111742407686,213.411586719014,10.3952692728768,0.828411955741816
2046,71,women,0.605735927083898,0.681265171378426,0.991615144574113,134.723180577265,15.4032209128577,0.82895151320309
2046,72,men,0.673445961008398,0.803163102897832,1.22805910868777,189.143355308846,9.75511856345938,0.832863785785517
2046,72,women,0.598771782678877,0.696597858001875,0.970093304903875,111.937341362952,13.2721889165676,0.836788708123788
2046,73,men,0.637694616681432,0.821718738254693,1.29454751006933,179.171978804205,9.50267688894895,0.851564128671508
2046,73,women,0.602425817649072,0.686087686406491,1.00282043521954,92.7134493622803,12.2248947366769,0.851819903034351
2046,74,men,0.631925084047629,0.823329818306645,1.20821609224741,151.759533240723,8.44080531085885,0.861090444074053
2046,74,women,0.579615002338113,0.694862593450854,0.950008018279041,71.6825899464277,11.9210421750401,0.819619005161837
2046,75,men,0.583867913798847,0.82872747054162,1.22015060715076,139.841329640552,8.35465460773439,0.861523637656786
2046,75,women,0.544378349337518,0.69227410106306,1.08111828490654,56.7155439135886,10.5668539718394,0.801601063222059
2046,76,men,0.570585044648586,0.832668501656028,1.21805580671159,120.538491442585,7.53160486281189,0.861573135204274
2046,76,women,0.545816514213239,0.696459529712025,1.14424167425822,49.6027046331934,10.4370049068621,0.85116484047093
2046,77,men,0.550211631137434,0.854144409092231,1.27473399854044,112.225875194707,6.78096930229638,0.859774365044142
2046,77,women,0.521891077147641,0.701339914713719,0.943366120836626,41.2656670944622,9.72680293490209,0.839285086300795
2046,78,men,0.541307038538751,0.854627256258573,1.03208548549313,92.0865672341863,6.46390878480585,0.8578729393524
2046,78,women,0.515647182280332,0.704537981534143,0.962307954552231,34.7541782847814,8.82701833776887,0.83369647759506
2046,79,men,0.526650722302281,0.869792780871693,1.00511879504165,68.2517943126178,5.83374455117295,0.882440553340292
2046,79,women,0.507449696868841,0.712131088051969,0.89640512068719,29.7909653625477,7.92324126602965,0.872891166259134
2046,80,men,0.546606905298209,0.874057457227962,0.979340255591818,58.4105958987056,5.5056486110925,0.881574502096046
2046,80,women,0.506642604192026,0.723745926617465,0.860771263115345,24.4844091963063,7.74653527495789,0.89320653608087
2046,81,men,0.545274596449455,0.899731887367235,0.898931695754328,45.9531222825883,5.24215909537124,0.885259835933967
2046,81,women,0.512960940263259,0.731948992129965,0.802423735107364,22.019440633741,6.54205137671233,0.854807675848997
2046,82,men,0.544875489739942,0.914316050851468,0.793652499913042,34.6112023973386,5.2890400894621,0.860095563502603
2046,82,women,0.517572888699266,0.751503039561398,0.736352273608805,19.5385836013632,6.03047831849979,0.87205093564985
2046,83,men,0.573438799465661,0.953545510616085,0.767997342081024,25.3098539328933,4.6105030659955,0.880715318245543
2046,83,women,0.550306475595848,0.779624857075486,0.730673309108442,17.9585943477331,6.04518191999449,0.862004330641337
2046,84,men,0.610367685084322,0.994781758599519,0.867892363140589,21.7162527012256,4.64621696909228,0.89297916344296
2046,84,women,0.571311745166824,0.808468535507222,0.81929850807847,16.2525056746477,5.39124124934454,0.880419064647692
2046,85,men,0.650087180319624,1.03822690821254,1.03708316499129,18.0317988581326,4.82811653350364,0.899365461669207
2046,85,women,0.59533707244695,0.855861704947719,0.864796264912903,13.8480703355912,5.19630968918262,0.889761070077957
2046,86,men,0.696970903282633,1.08662121116667,0.952741102780037,14.6184367452822,3.95870407934543,0.924817909174908
2046,86,women,0.647134891773308,0.904396577215054,0.916255687356034,12.2791870038631,4.49645961823552,0.89822775976607
2046,87,men,0.75936413507235,1.14120836659027,1.07682279490921,11.9108766184959,3.98771215694321,0.940912604321919
2046,87,women,0.697072532215526,0.962954159229531,0.870977431879193,9.80870075764189,4.45534657266435,0.851617893572625
2046,88,men,0.828674442576237,1.17279380396595,0.850687395582584,8.75791263553546,3.23637514900205,0.923838986374088
2046,88,women,0.748018396141852,1.04159812798547,1.02209936831345,8.25175560443931,3.86076415060001,0.905693358229997
2046,89,men,0.894394471070864,1.27214235054634,1.25168589117271,6.7863214291206,3.05267521073622,0.92660208581685
2046,89,women,0.814827298421314,1.09198610148844,0.937321603174009,6.88311098186545,3.35424868821395,0.907915648424825
2047,30,men,1.6722855341091,0.824840284606954,2.94767206586564,216.009170079342,90.3860889395486,0.921690269208746
2047,30,women,1.11397870032344,0.834354826529441,2.63054987224375,268.586299298889,121.764091293995,0.927274864614314
2047,31,men,1.59234595598092,0.804875272345489,2.91422597049471,180.499359058731,93.2798885012811,0.970344145264597
2047,31,women,1.11048021408079,0.795489437068682,2.64153171185296,304.171303685318,127.755978512922,0.97256157785109
2047,32,men,1.41250991831436,0.756952663328532,2.92793971650291,144.509304089679,100.728935993511,0.890300917610079
2047,32,women,0.852955962823162,0.75387011328111,2.63510695941555,336.18666280154,126.697994365867,0.907020753034121
2047,33,men,1.08338211892998,0.71642308041245,2.91661652122402,167.448735807128,104.707612465336,0.853537650617554
2047,33,women,0.814080097654318,0.74879510758981,2.64025118284252,206.109011688392,74.0454000306288,1.05894781547298
2047,34,men,0.966507866149333,0.703965671398947,2.87130624210665,199.691591994116,113.873378688578,0.927877059741207
2047,34,women,0.765137355681335,0.699756964294266,2.53546751189593,235.797873019615,79.7785226558404,0.904607845653404
2047,35,men,1.06124667221373,0.717762951768732,1.45312935824891,150.018984033346,119.970525126434,1.00609475479283
2047,35,women,0.812938175319017,0.731701996535793,1.20598875793271,274.436550382036,80.9675321042475,0.859442749126118
2047,36,men,1.17036349419388,0.666612832322525,1.38954615584688,207.656258119375,125.274046632823,0.93339656071253
2047,36,women,0.882935641432265,0.711681353922381,1.28198619524047,292.834501053594,89.5242096507992,0.894417735039557
2047,37,men,1.30154137089311,0.663611838458768,1.43856467150329,202.869607579217,70.522105534765,1.07088595399802
2047,37,women,0.966640829214541,0.704808517867511,1.31565242306329,329.276261683825,170.062663403722,0.816909879734323
2047,38,men,1.23726607342492,0.643000288696279,1.39133354723552,229.291276445792,72.6800812807897,0.895893175888039
2047,38,women,0.869387355856007,0.730017792968531,1.20151662706186,378.153794783349,96.0051913167426,0.924312367379052
2047,39,men,0.955640955288107,0.645182430568534,1.30375632087273,264.650790114256,78.5905660845821,0.874085544599035
2047,39,women,0.908679720927655,0.680976434404938,1.28849403392102,297.809392139114,69.4010872956961,0.87726396914956
2047,40,men,0.967060596889249,0.615342325993484,1.37143918227743,243.424384788402,81.2792233851853,0.963877524964777
2047,40,women,0.744898381884851,0.652414372338251,1.02403049424507,359.671251441939,69.2248298689933,0.891378984211352
2047,41,men,0.868673168632301,0.596336400360529,1.29168586253963,252.346325654891,57.2016376819638,0.952763744935948
2047,41,women,0.76341809302615,0.634767148883287,1.25401827795618,395.260025345229,72.0749091792478,0.903833559851147
2047,42,men,0.862479196749024,0.591738596359211,1.33579188646244,263.377204763626,58.9008649627586,0.8887749220283
2047,42,women,0.802450458783237,0.656561538433564,1.31949729715646,377.799948224399,58.0015524239898,0.909311301702678
2047,43,men,0.883523279777804,0.579403730233938,1.60042651770423,299.902447565962,62.810880238369,0.828996168933403
2047,43,women,0.715690901970904,0.641985471728013,1.11338402175424,578.517950184961,59.3353601554642,0.901397408061074
2047,44,men,0.843599165637822,0.576030482752774,1.70033917012438,348.521613230722,46.9879457027843,0.872453837316975
2047,44,women,0.713691832279235,0.626965786800403,1.2884571223918,539.461525387296,50.6205614110975,0.941042497627567
2047,45,men,0.765512544972747,0.568553872822685,1.64671513142208,470.062459767656,41.8155645453246,0.845650130153828
2047,45,women,0.667368502988517,0.602686069198787,1.41481793603863,490.071081323967,48.2538297478316,0.929167393062864
2047,46,men,0.765564859258452,0.555939587679368,1.46974365826401,517.964596747065,36.6969980955795,0.819858237064726
2047,46,women,0.659613096518539,0.569599791936396,1.55506347947572,838.929114402842,43.5838521455607,0.87990966965433
2047,47,men,0.711974273832807,0.549486680699392,1.59610286994326,682.311464090147,38.8053626908705,0.840143074114042
2047,47,women,0.675846881343709,0.574880404490815,1.54918418117535,933.042612462319,44.3728085978257,0.890579549210751
2047,48,men,0.748186884243042,0.551705414712365,1.77205520238087,868.962236317384,33.8654877208908,0.863656421226643
2047,48,women,0.617138680277128,0.580747062955513,1.78125449314046,799.634434042418,41.9346222865426,0.825148375270896
2047,49,men,0.680700647055268,0.538267764921668,1.76192178662446,1166.82877778996,27.4460786508246,0.937812002217911
2047,49,women,0.621904541591907,0.551495530366767,1.39253566975779,2251.11694654561,38.8852120133367,0.900943871719287
2047,50,men,0.696884078974636,0.520382887583472,2.01124083518799,1727.2491610643,25.7961359474824,0.894654691675596
2047,50,women,0.592676608192152,0.520745244418049,1.46238718637919,2851.4309980606,34.7635077013378,0.877070746483491
2047,51,men,0.661632248214366,0.511732023307814,1.78955547523896,1860.4333287551,28.7107798641073,0.906521039138007
2047,51,women,0.594755258478698,0.536015452214341,1.52838229063686,2153.78929397127,35.4713108929247,0.923052257902555
2047,52,men,0.655552936337795,0.505495636914573,1.83804115285311,1841.97416792395,26.4717978341782,0.868812037969268
2047,52,women,0.55898593584954,0.525725742904704,1.19045776622492,2159.98208576169,32.2997310979205,0.866376485519876
2047,53,men,0.672995328060475,0.502084921143105,2.26485532787807,1612.74941283595,22.6391728171094,0.870053602372551
2047,53,women,0.540481844341353,0.523038449995806,1.58183956726214,2359.29500339425,33.7028182047992,0.833768329443346
2047,54,men,0.637153236041828,0.508695547993915,2.06752566147524,1599.22409687543,22.6312968157831,0.854767351467941
2047,54,women,0.537860597617782,0.498594677875033,1.33113954643155,2141.24075511755,30.0643504492581,0.8622131090871
2047,55,men,0.590972380372198,0.489347664811498,1.84306538385172,1222.8806346631,20.5412256567054,0.872321134625236
2047,55,women,0.483347851302227,0.504099727584433,1.32408823448457,1855.10075242539,25.5481935591244,0.885741306877528
2047,56,men,0.589466630501348,0.502788970848511,1.8460065772691,1161.15367921413,20.857155177148,0.865567026645559
2047,56,women,0.469150958462838,0.495540628402395,1.47584183427152,1715.79277455127,25.7796641418442,0.854201888151864
2047,57,men,0.586543615279973,0.501801259109356,2.14028548768368,1043.01345857236,18.7493671641912,0.836610880909193
2047,57,women,0.456761016251654,0.48959256178242,1.31565629983573,1535.28828408235,23.8853456743189,0.874866414790937
2047,58,men,0.593363186950873,0.488828202929014,2.03210757745131,960.541759419293,18.4421109388005,0.874345443249015
2047,58,women,0.448753201164515,0.484920490007219,1.50292025134763,1356.53093426574,21.9398437712519,0.828874717616935
2047,59,men,0.579550140816184,0.491617716178606,1.94425802522494,829.956558361631,16.4946509857429,0.82670541594748
2047,59,women,0.455512738172295,0.460780856554942,1.82160200258384,1329.01987463473,19.5664190062808,0.831466884078635
2047,60,men,0.695130232400156,0.658164257039591,1.64071557462199,775.981781596381,18.1463457575734,0.839856808394935
2047,60,women,0.562388725056855,0.638763886125498,1.45086422151156,1096.7912850718,25.6018797739988,0.823341962774995
2047,61,men,0.678370363622791,0.658785153236286,1.95980221564671,683.628844652113,16.5346672802522,0.859341540070465
2047,61,women,0.562084360292009,0.629845543724119,1.39451909365644,816.87027964458,22.3243540895254,0.824356717151676
2047,62,men,0.676843682822409,0.661700494758362,1.69879592659094,612.817414862089,14.9702685770569,0.853270289485616
2047,62,women,0.564139910631602,0.624517381329054,1.42521883472741,740.025512001084,22.3782061034793,0.818642056602855
2047,63,men,0.664326137233289,0.66752795809779,1.74976075694399,513.862958923535,14.2718645185465,0.820402020562126
2047,63,women,0.567478245218697,0.608204632867089,1.2429095217528,697.088935797257,18.3509967646108,0.870418123535605
2047,64,men,0.670153839629928,0.660551164220817,1.52681518358464,512.032503129811,15.1123850399428,0.826750247052665
2047,64,women,0.548405498641055,0.608604873061632,1.14666514670123,629.831621710682,19.114334649845,0.807940514057041
2047,65,men,0.635045243383176,0.665569105965493,1.55917970610157,406.439697487675,13.0568126705428,0.835150288862632
2047,65,women,0.538427138954,0.602552735331527,1.58849221633682,536.302843029588,19.1615798821375,0.813934933073398
2047,66,men,0.638182647851373,0.663324149693868,1.55646173360803,387.194214154918,13.6352394698775,0.8212091010267
2047,66,women,0.513554204407286,0.599964653470785,1.15200036598834,471.020982173296,17.7257865317806,0.832456922843629
2047,67,men,0.630216521363525,0.670498216039168,1.45993938072014,337.922645130981,11.5561645806405,0.828397719508633
2047,67,women,0.550456603866849,0.611495341825824,1.10592011135735,370.188311792354,16.49293363736,0.868195459561752
2047,68,men,0.641433142643818,0.681655606103955,1.33974470150987,310.782054663814,11.624773572496,0.85429750410163
2047,68,women,0.539844412225299,0.616374916177032,1.16369078922176,356.220730973622,16.4576553878727,0.817567370418563
2047,69,men,0.631976601217608,0.700138300960653,1.1584158990413,271.140637646232,11.4564530439292,0.844003152241461
2047,69,women,0.544148502320596,0.622162829952636,1.16942460557775,298.339184476877,15.2657313057311,0.833350235431737
2047,70,men,0.680163855776102,0.766845222675049,1.11850293557844,232.494021295786,11.3133184143162,0.841777918899418
2047,70,women,0.589826870049411,0.677205797704462,1.15075182172693,231.544434473905,14.6971637999498,0.860442147331553
2047,71,men,0.678031527579052,0.777979053948571,1.2437242778093,216.556201317732,10.2928612141047,0.862031483587319
2047,71,women,0.597162858433463,0.675101817497788,0.986900629457986,167.907946657723,13.6055392944851,0.795984865926071
2047,72,men,0.665390748265396,0.798634195293368,1.22826327933671,196.54625242789,9.9974750940149,0.835182273129732
2047,72,women,0.590566911875817,0.690499615097636,0.963889111295889,112.249429429187,13.4633281410233,0.824644051011731
2047,73,men,0.629959569603156,0.817797917646756,1.29384662826869,175.222041982025,9.66017471838311,0.866525167203611
2047,73,women,0.593795457731067,0.679956955691889,0.997172532349771,102.266911325844,12.5249143963995,0.889693877907966
2047,74,men,0.623748030066185,0.818972017908404,1.20823824893232,158.530433654809,8.97212133342998,0.843471860370214
2047,74,women,0.570963631886273,0.688953699960047,0.944437533578276,89.0976361175771,11.9502844167486,0.838964392844414
2047,75,men,0.57451963816612,0.82421921660419,1.21528129516322,139.647825959796,7.97789877616729,0.820821391716627
2047,75,women,0.534856283971103,0.685831819578031,1.07881841010346,63.7991418414493,10.5049789028374,0.790341580000551
2047,76,men,0.560698318056928,0.828048575588752,1.21671463797925,126.880043906752,7.44830292896563,0.865902478665224
2047,76,women,0.536471781202262,0.689503169355838,1.1353865330385,51.324562066014,9.870970450509,0.800627717987167
2047,77,men,0.54055741716497,0.850272435628734,1.27950704045213,113.56082763564,7.13391359965179,0.850206350604421
2047,77,women,0.512489932992373,0.694481873403913,0.93498061831901,42.1336095307297,9.81284124009943,0.829570923036073
2047,78,men,0.530907255606851,0.849828063569782,1.02574446982729,104.171923103909,6.5633910823237,0.862201863445634
2047,78,women,0.505858946820634,0.697451054786633,0.956979382707798,39.086918955106,9.20392908730911,0.857295683935364
2047,79,men,0.515687781802791,0.865588200093092,0.994542716875921,89.2814820741884,6.28705151817813,0.87600277621143
2047,79,women,0.497314883917144,0.705374254773149,0.887208735535788,32.5545330106065,8.58216499109607,0.848763672084779
2047,80,men,0.536070307766421,0.869723146587702,0.972005162543156,66.4203674400659,5.96036336093222,0.87400176407151
2047,80,women,0.496578860815991,0.717094960142954,0.851286738518955,27.1435005193077,7.23613832793209,0.844699704725902
2047,81,men,0.533886825004867,0.896021083453732,0.887383136960325,57.0790902978626,5.5154794034378,0.914507640880073
2047,81,women,0.502575099667027,0.725298883826943,0.790647674424002,23.9432592475753,6.86852503422861,0.86951215251092
2047,82,men,0.533362572614895,0.909828832629576,0.78315598895639,42.593509437579,5.10963274583337,0.896079094791767
2047,82,women,0.506813105779303,0.745288183385191,0.725499365962077,20.948847128672,6.36905204754263,0.877168331103166
2047,83,men,0.562087180628722,0.950858841726134,0.752939363991351,32.4363144848682,4.69568211369448,0.8827184779055
2047,83,women,0.53975838001601,0.773564608290851,0.716707581230344,18.4228592438891,5.80038365436394,0.86117130796452
2047,84,men,0.598901619620348,0.992713597098161,0.855998571219802,23.5998216221323,4.31626100858355,0.891268567224329
2047,84,women,0.560632201829009,0.803088039722945,0.808485060163632,16.6181247565877,5.40900553032661,0.854596006490919
2047,85,men,0.638993250119982,1.03655663983693,1.03134998596687,20.8045074403583,4.22725698600523,0.90448358775925
2047,85,women,0.584891370527693,0.851092828054775,0.858618019886213,14.0820649102368,5.31705669034446,0.889859825594254
2047,86,men,0.686392834993514,1.08689763407137,0.944629804467258,15.8529576182368,4.16023054589083,0.924984443325997
2047,86,women,0.637568864752149,0.900684841951665,0.911604987133833,13.0358261710725,4.95783317780004,0.881943713399949
2047,87,men,0.74933537364092,1.14328433044107,1.08080363289465,12.1470515584544,3.61797606233809,0.911235592775593
2047,87,women,0.68762474747727,0.960743483218432,0.864014811111914,10.9974609820013,4.64740285413211,0.863044497420001
2047,88,men,0.81850879162711,1.17379098035881,0.829392652335364,10.1594042875116,3.70499453725772,0.923950863896661
2047,88,women,0.73875616811931,1.04122281519938,1.01016503673035,9.10947752475135,3.78457941636221,0.9041835661152
2047,89,men,0.884875381956689,1.2781938820996,1.26557705528585,7.82783936213956,3.35230368529222,0.926723509825936
2047,89,women,0.805463976303016,1.09248469935734,0.929918723415405,7.37441694468307,3.51992397740493,0.906413907002663
2048,30,men,1.68802928866879,0.819895081166927,3.04220224229587,226.698801355179,93.1219157410756,0.90993839651854
2048,30,women,1.11599108837051,0.830149840860342,2.70781523070581,267.062052307034,121.788778320006,1.04779961185789
2048,31,men,1.61558168137471,0.800533299164347,3.00949630823931,254.466945972293,92.8620834868711,0.882733015690463
2048,31,women,1.11281133370619,0.790455348665211,2.72013080525656,298.798969639176,130.578482619966,0.932814940990207
2048,32,men,1.4361254883549,0.751621814968125,3.02278928943283,156.629103026388,98.2028271413876,0.890677211665146
2048,32,women,0.850991374697499,0.748206883665344,2.71051808539737,341.719941415604,135.590825822634,0.897593753082938
2048,33,men,1.09458799434752,0.710135773412874,3.01137699974974,165.190203756651,105.381462708282,0.905716110090573
2048,33,women,0.813286035709568,0.743538866576437,2.71491715398664,205.716059489866,140.310740521486,0.942403814323057
2048,34,men,0.967829354680629,0.698523900134541,2.96533022484027,194.994377864214,57.2693194749144,0.903134640870067
2048,34,women,0.760441820523384,0.693403080227096,2.60813642486857,248.60041439478,78.8350658727438,0.977402711925387
2048,35,men,1.06223199563838,0.712544843811046,1.45698381917414,159.906566054119,117.683310340994,0.975908841753231
2048,35,women,0.807782844140868,0.726351732446769,1.20484887633754,271.275893421282,82.9339261466555,0.932601729013098
2048,36,men,1.17106031487283,0.659983946780001,1.39342474520038,170.393517996146,124.723115369258,0.858258548703499
2048,36,women,0.876922379617522,0.704650956337351,1.28131324183956,319.372956249054,87.5522624704789,0.881367913075663
2048,37,men,1.302348201643,0.657235166291308,1.44371997919544,239.418336977251,68.7371572748554,0.837871643526872
2048,37,women,0.959758365729883,0.698632144321564,1.31444911911775,353.71931657359,94.7498042959014,0.880478989048808
2048,38,men,1.23836327265239,0.636217748401384,1.39773350351485,238.213962565697,72.3372109484903,0.892690041228335
2048,38,women,0.865234545126898,0.723847187453224,1.20106205127644,260.351885665917,91.2116950662621,0.951754230316297
2048,39,men,0.952594718150661,0.638580852468513,1.30895780881853,261.794354764547,75.1159887047088,0.85631768793981
2048,39,women,0.907270516853452,0.674785184799428,1.28680814997366,302.405578942492,98.0645088242045,0.934378392928921
2048,40,men,0.966695843889059,0.607983526327397,1.37712907557895,313.407477422117,81.7266043434377,0.886661055406302
2048,40,women,0.738528594243142,0.64579583953618,1.02393015672523,349.40642123874,70.1574446156231,0.836565068854026
2048,41,men,0.866769164153662,0.589499579391593,1.29795177728393,289.427160030003,56.1095042351702,0.938245919415292
2048,41,women,0.758426682695508,0.627686548731907,1.25560949984904,332.482771832649,72.6726266461326,0.866775820874261
2048,42,men,0.860462656515609,0.584040890769982,1.34305811317933,292.082530671088,57.9912978883122,0.923116888958745
2048,42,women,0.797374707772571,0.649305326640055,1.32221474790735,525.583989202881,74.2614973098079,0.925683859855356
2048,43,men,0.882134594510116,0.571793590800872,1.60995924340256,356.320993293105,47.1160760384437,0.883287788415049
2048,43,women,0.708318053927722,0.635223907546606,1.1157798895246,440.891131878314,59.1673938245754,0.935174446431467
2048,44,men,0.840699266233963,0.568641618060187,1.71212639419948,319.673933105684,49.0376260966439,0.809461032684641
2048,44,women,0.706457737622031,0.620160949189667,1.29386096492262,685.045526965719,58.1399371961978,0.893429701551592
2048,45,men,0.762103053128255,0.561235706774931,1.66187250740842,397.718144464263,41.2115199019824,0.870143237462737
2048,45,women,0.661297089218284,0.595438244478011,1.42035867502629,638.021384080419,50.5933242212926,0.931126407597823
2048,46,men,0.761472112423021,0.548476189738351,1.48532932540519,565.324528743682,44.2802751343251,0.940061460353116
2048,46,women,0.653468852639136,0.56256065964559,1.56262193517031,676.341959571258,49.1339345858398,0.900131213451689
2048,47,men,0.707936340486219,0.541628526210856,1.61315795532623,611.939865183719,38.6770423319876,0.913253629919017
2048,47,women,0.669017769592193,0.567768020386595,1.557706563971,1146.63656449506,53.3213347746404,0.885649133885527
2048,48,men,0.743773921944381,0.544144031427188,1.79222758447051,1117.66146041136,38.6600854953018,0.853692888771937
2048,48,women,0.610415293303497,0.573567372909625,1.79250610180791,1328.62724906705,45.495190237302,0.871419815092072
2048,49,men,0.675859442623876,0.530279162219263,1.7826664394575,1576.74949292575,32.1918890584543,0.852100566355377
2048,49,women,0.613534381842924,0.544223378055193,1.40166489616374,1121.09456747113,39.8042391718954,0.86182737272599
2048,50,men,0.692075592911544,0.512943623739005,2.03505716966579,2114.33097512939,28.4691308269343,0.838315745431289
2048,50,women,0.585104905583142,0.513411784790448,1.47255816601885,2805.75711945027,33.884153861531,0.860840991568474
2048,51,men,0.655545768343764,0.504399634157215,1.81221488579311,2016.45070636878,26.4080866404853,0.831111580483151
2048,51,women,0.585886592320386,0.528629312754085,1.53795251028389,2763.42958378164,31.7752513068004,0.845761568638913
2048,52,men,0.649202843664905,0.4974651657526,1.85991083972231,2163.32869722455,26.2739845854505,0.854031497047201
2048,52,women,0.551504368269443,0.518247466104892,1.19779161573031,2208.59610811621,30.0575847422188,0.852999940722187
2048,53,men,0.66679886165145,0.494120753923789,2.292827920479,1826.41695840796,23.9624815489101,0.874019123230802
2048,53,women,0.531986764819545,0.51512443857763,1.59151943407821,2272.40078977347,27.1791474549525,0.854693864541506
2048,54,men,0.63137570446337,0.501217613546028,2.09180067126075,1451.27764116476,23.2382824752282,0.835344450459895
2048,54,women,0.529972951609808,0.490925704630342,1.33981048952752,2379.11950121852,27.7805904468429,0.864510078496555
2048,55,men,0.583546187172697,0.481753969690909,1.86965240764529,1269.92488986361,22.098612820019,0.882457165091717
2048,55,women,0.474423461035723,0.496299099977436,1.33287792122526,2144.26503295859,27.7743254778949,0.870030578912017
2048,56,men,0.582591001321613,0.495186773137028,1.87291830747128,1254.74598680544,19.4570103579411,0.904846891894571
2048,56,women,0.460553310910509,0.487872790452374,1.48431913403516,1757.84135212626,23.6369466639417,0.772614724178341
2048,57,men,0.579818513513235,0.494251669567118,2.17032170532781,1194.47415697151,20.3448922840675,0.868837060075627
2048,57,women,0.448671203116098,0.482062147186677,1.3234682467216,1652.50867855817,25.0525575564023,0.876283396895622
2048,58,men,0.585821419387287,0.481171751454174,2.06010821482881,995.071085539514,15.5718523335342,0.810355418027164
2048,58,women,0.440439369953438,0.477236190110853,1.51113715462847,1217.88142986285,22.7372509447766,0.794428674519308
2048,59,men,0.572087437439286,0.484073019421183,1.97049560972651,863.810207228098,16.7023873065046,0.817570607777875
2048,59,women,0.446793184420368,0.453469763237175,1.83053139321839,1132.67587211905,20.9498247815299,0.881551005254744
2048,60,men,0.688650322604742,0.651230960777103,1.66111983767964,796.913147025879,18.2056887424058,0.85307065576205
2048,60,women,0.554480579714408,0.631488982339699,1.45844181759248,1115.15214251135,20.7882744232908,0.801381146669314
2048,61,men,0.672197667575891,0.65211161215647,1.98173335425379,697.435060302941,16.7942514738033,0.871153194503258
2048,61,women,0.553832418108268,0.623205580039298,1.40175631270768,894.268171784577,21.3347187330058,0.830200848126434
2048,62,men,0.670533811558065,0.655007814634289,1.7171051245505,614.866472712272,14.2577723069444,0.815584993184847
2048,62,women,0.556055861017542,0.617438397955412,1.42972551840589,728.211847642895,20.8755091405977,0.86873441316303
2048,63,men,0.657496937161418,0.661117128531616,1.76585556370861,599.121926993722,15.7038003065878,0.818731943450027
2048,63,women,0.559119159190107,0.600939656227227,1.24639555755729,703.81461432585,20.0452106517235,0.90086366730305
2048,64,men,0.663677618071435,0.654032573166381,1.54096989541087,491.598486719231,13.1798890581971,0.833054869818673
2048,64,women,0.540008951166533,0.601253932613884,1.14736578774873,600.757985811552,18.449075427928,0.810898386487984
2048,65,men,0.627661148188859,0.659271408581865,1.57477373795409,455.293789090775,12.9930183012937,0.862794244049199
2048,65,women,0.529338885454964,0.595283857579115,1.59255853184427,547.346549468035,18.2194433515038,0.818648606533046
2048,66,men,0.631013305956158,0.656747875071351,1.56633851867245,408.065620339846,13.0379152144268,0.832889535937712
2048,66,women,0.505093670086802,0.592761047359729,1.15279024793102,459.073709977188,18.5931159546238,0.817240536271411
2048,67,men,0.623116637759061,0.663745058929717,1.46833465083929,334.5100392441,12.1364333867183,0.84785313455934
2048,67,women,0.542541146810322,0.604733440058015,1.10585403656152,408.882370762742,16.3434151885204,0.817924507030989
2048,68,men,0.63400842171452,0.675117520974813,1.34558682363449,307.064555372365,11.4886223400495,0.812883008608886
2048,68,women,0.531345428223058,0.609397716527636,1.16015886263893,347.96373184726,15.630954593403,0.829737979235319
2048,69,men,0.624329105851102,0.694124834377579,1.16028056117107,255.062162428231,11.653863923892,0.874563735599961
2048,69,women,0.535941327828079,0.615476859010915,1.16600248071836,321.614380009039,14.9463084821139,0.826895239349244
2048,70,men,0.673297359876298,0.761698280195878,1.11947447187452,237.520109571282,10.6704989683311,0.858794994361873
2048,70,women,0.581936811476929,0.670960369421786,1.14525123464074,271.322675772734,15.5107293156864,0.815933082524774
2048,71,men,0.670523099636584,0.773071517600929,1.24633532979854,229.306665520509,10.1183830167683,0.845682549284643
2048,71,women,0.588715224165312,0.668997192432828,0.982210815108423,195.431961412397,13.1175689176841,0.817184903867919
2048,72,men,0.657435749207899,0.79413301870899,1.22846738418807,205.638071548947,9.9068809227402,0.830651339633527
2048,72,women,0.58247839622333,0.684457697540615,0.957727597473029,153.064914849762,12.8596962061272,0.812680799362518
2048,73,men,0.622322055620416,0.813897706426885,1.29314646796604,177.81515796521,9.11174312709273,0.865313133729065
2048,73,women,0.585292861257221,0.673883962061207,0.991559173739595,115.067103631513,12.0451230793522,0.831533701327751
2048,74,men,0.615680702827462,0.814639394378166,1.20826039520193,170.153285029589,9.00253480734584,0.856123912272866
2048,74,women,0.562445523403411,0.683097903016617,0.938902408808866,85.3066653119526,11.8552100473412,0.851235596068841
2048,75,men,0.565325493697673,0.819737671331627,1.21043377931974,137.177047971623,7.8860349294805,0.855365724451699
2048,75,women,0.525505304119225,0.679452592357324,1.07652454752731,74.1325273515615,10.7956714741486,0.832538871834494
2048,76,men,0.550987605919449,0.823456520053385,1.21537559991808,134.953548993145,7.28815771035933,0.861441785054456
2048,76,women,0.527291483317768,0.682619637060487,1.12660419537964,58.1483945432042,10.3752862353296,0.858354382491744
2048,77,men,0.53107719108127,0.846419892671375,1.28429561001427,120.628543076564,6.85557912108847,0.857246617216783
2048,77,women,0.503262605391823,0.687694193799724,0.926673694825663,47.2228270471757,9.45291962754119,0.809858949787175
2048,78,men,0.520712210529314,0.845058145147107,1.01944548109736,104.018418849228,6.87790709673954,0.898405968534715
2048,78,women,0.496261160892171,0.690438824385004,0.951682897567044,41.8648390087026,8.51813229605216,0.827512506997427
2048,79,men,0.504958237524434,0.861405982917675,0.98408300654027,99.6524837210321,6.46189160840852,0.852793864822321
2048,79,women,0.48738728624603,0.698684784775837,0.878111120361928,36.0449183423257,8.14571447970302,0.853358711101817
2048,80,men,0.525741815545588,0.865412430251769,0.96472855039083,84.9624623690192,5.87542210328316,0.852760166245078
2048,80,women,0.486719788922099,0.710508317331708,0.841911276325148,31.0828237469031,7.26425304971072,0.834451125835118
2048,81,men,0.522742269542986,0.892327385330934,0.875988474245663,61.3018531101291,5.75428076945615,0.891071460075826
2048,81,women,0.492404458693889,0.718712398702954,0.779050059917036,26.7934904876073,6.77094153306089,0.85677105077338
2048,82,men,0.522098362618805,0.90536581191905,0.772803325512639,51.8270943747703,4.98541611307756,0.910025866475461
2048,82,women,0.496282099157073,0.739127721219281,0.714811600326807,23.2710292330208,6.42467340955528,0.879294119184131
2048,83,men,0.550965655226896,0.94818104930824,0.738183763832939,38.8139076729053,4.68305220162979,0.885102487159337
2048,83,women,0.529417471136097,0.767554392949718,0.703015413538905,19.5173003024947,6.01353428912417,0.891571296857586
2048,84,men,0.58765639291153,0.990650742268928,0.844273464403173,28.371895570539,4.64688618637342,0.910281578436103
2048,84,women,0.550157361712562,0.797745953701315,0.797819509764565,17.8905227290288,5.53618964804819,0.857187232586423
2048,85,men,0.62809392125845,1.03488987233148,1.02565127787015,22.86671115158,4.34762426459117,0.876114097613599
2048,85,women,0.574633915412573,0.846352833112413,0.852486898424696,14.3546343577281,5.32297688333652,0.907578316237742
2048,86,men,0.675980361320399,1.08717399223802,0.936591473933771,17.4303673963239,3.98060922447238,0.918765374273517
2048,86,women,0.628148812727304,0.896990141691627,0.906980146914556,13.6269868594104,4.9237305611214,0.880888692944722
2048,87,men,0.739443861261562,1.14536305399359,1.08479723235619,13.1463969276699,3.64488522178632,0.918165719106638
2048,87,women,0.678309534245852,0.958538958286848,0.857111209602867,11.7468419739933,4.36900104771155,0.890009737266576
2048,88,men,0.808472720231598,1.17478851696549,0.808640979613528,10.4223316614784,3.4914316453539,0.904446450547319
2048,88,women,0.729613068177726,1.0408478208514,0.998375780826916,9.70378775639878,4.19421432805958,0.895939381162084
2048,89,men,0.875462180121463,1.28427122387328,1.27961548537769,8.11598769628437,3.18101543002863,0.907169026834942
2048,89,women,0.796212744187946,1.09298328120243,0.922577883739151,7.92818028521525,3.64486090324224,0.898161342967087
2049,30,men,1.70391346877094,0.814981918319417,3.1397155668467,230.96618227096,86.8250289643981,0.909831519603766
2049,30,women,1.1180061267363,0.825968084715846,2.78731066186572,270.043131911803,122.871879586319,0.921446408095463
2049,31,men,1.63914487374971,0.796216851612778,3.1078323695865,258.545594413608,96.8697394451357,0.93089680805438
2049,31,women,1.11514620526846,0.785455551597096,2.80102853155955,297.994302198098,127.596319279391,0.937336719671633
2049,32,men,1.46012406569046,0.746331084047604,3.12066291321699,157.111609180078,99.9195401362978,0.952744060403328
2049,32,women,0.849032267275598,0.742588930891347,2.78804891371289,343.116490921556,136.266415308724,0.975041224900162
2049,33,men,1.10590422149573,0.703906672534122,3.10916770484062,178.463116557115,104.703679839767,0.964832107508187
2049,33,women,0.812493135364841,0.738322061191407,2.79165666474686,399.363156249083,143.803155002918,0.924799574569171
2049,34,men,0.969152003635188,0.693126820385571,3.06238495373316,130.576941861325,111.902907887927,0.847990557329799
2049,34,women,0.755777372286802,0.687109949823485,2.68285108939232,249.74848642409,151.883311751703,0.86654820027716
2049,35,men,1.06321775222742,0.707367190843516,1.46084661505936,229.827787697878,116.280667452919,0.871753088710504
2049,35,women,0.802662698762052,0.721043173121707,1.2037106277988,284.678366004856,80.3776839305523,0.928067161215957
2049,36,men,1.17175720996541,0.65342416756275,1.39731225940704,184.045276047268,126.631628482553,0.919953971123162
2049,36,women,0.870952976826169,0.697693390300855,1.28064096994401,308.572336700945,89.4255959271294,0.956344036947831
2049,37,men,1.30315513832012,0.650922835902281,1.44889123152724,288.084522056706,69.3414720893622,0.878674491435555
2049,37,women,0.952928229186703,0.692512871055875,1.31324750232342,364.826868986013,90.022133403479,0.84671632238907
2049,38,men,1.23946090854519,0.629510010891958,1.40415975298324,228.067462472562,71.584613287812,0.819235839108643
2049,38,women,0.861103583904898,0.7177317142222,1.20060786925367,284.729772568382,95.0238891510308,0.848791725745696
2049,39,men,0.949559671266934,0.632049995746171,1.31417749433154,271.738985736329,75.4755173959181,0.867141331033223
2049,39,women,0.905864184530038,0.668653205530976,1.28512529323107,299.425100259778,96.9635514207912,0.899638539700781
2049,40,men,0.966331406423172,0.600716257628844,1.38283978049632,248.351573507574,80.2111453258723,0.951647406239354
2049,40,women,0.732216345723624,0.639247631479732,1.02382987801053,369.544857545705,54.8393055104168,0.904799005011066
2049,41,men,0.864870259383163,0.582744420796774,1.30424500666225,278.28144878606,59.215967717315,0.90904885309774
2049,41,women,0.753470320160219,0.620688328938636,1.25720196258818,320.222481497461,72.9100154688219,0.96207717534832
2049,42,men,0.858451812051054,0.57644700637547,1.35036028948331,278.936342154982,59.8403132724405,0.961536272906844
2049,42,women,0.792333516797088,0.642132792963883,1.3249364644812,538.32852843022,57.6030186587667,0.923017611249974
2049,43,men,0.880748768226435,0.564287048250143,1.6195440543612,326.489132620155,53.151373253683,0.925669128523135
2049,43,women,0.701024702574001,0.628536806706917,1.1181797395646,513.895882416364,59.688667284022,0.873874649601346
2049,44,men,0.837810743656406,0.561351069668277,1.72398951659894,389.189234621501,49.7920727238266,0.906638526091328
2049,44,women,0.699300446754541,0.61343323650535,1.29928481683343,533.02656253235,48.6545551086637,0.924816825293551
2049,45,men,0.758710399988524,0.554015240507407,1.67716189957023,362.224428176123,42.0594956239596,0.894821081982155
2049,45,women,0.655283833874073,0.588281055631201,1.42591839209085,737.701518296692,40.9301186034907,0.924893040910345
2049,46,men,0.757403227534505,0.541116556905007,1.50107253870157,522.284825084496,35.947208326129,0.853123374068178
2049,46,women,0.647384799478052,0.555611889900376,1.57021341239989,804.210052252512,51.0619635449007,0.86715543642071
2049,47,men,0.703923262536337,0.533886504450038,1.63038682267141,713.878348773937,39.2238693817931,0.895263099861741
2049,47,women,0.662260946078492,0.560747038001265,1.5662716354875,850.827794591413,42.7336116037506,0.809554429555523
2049,48,men,0.739389123427561,0.536689896011957,1.81261958511679,1018.9377474727,39.6430246814763,0.847378651599845
2049,48,women,0.603768382544712,0.566479884356984,1.80382323853331,1688.21085500043,39.0547446593482,0.855974037656468
2049,49,men,0.671055007399822,0.52241293412304,1.80364503127317,1946.70197404221,35.0263740793098,0.842914807031333
2049,49,women,0.605280879120167,0.537050598078121,1.41084947179801,1932.43961164356,34.9800819384898,0.945608673493251
2049,50,men,0.687302608372271,0.505614263706595,2.05914369469662,2142.7980274146,26.117426554923,0.837930689523879
2049,50,women,0.57763356038309,0.506185104064183,1.48279486839895,1975.68044148575,35.6271242630457,0.865211318795331
2049,51,men,0.649518209430291,0.497175810393813,1.83514993844147,2144.82496219674,28.3239964873385,0.793851468332793
2049,51,women,0.57715440372564,0.521348483528146,1.54757793969904,3139.63773757773,36.9057344358188,0.873170803087048
2049,52,men,0.64291731686943,0.489566096417983,1.88202987317368,1984.41335634043,26.7022899163922,0.864513959430526
2049,52,women,0.544126514451145,0.510879138325118,1.20516703239767,3403.45370702902,32.6062718668987,0.848778291929059
2049,53,men,0.660662431131542,0.486286711493892,2.32113208593541,1817.93565198562,25.3816077926812,0.868465400840738
2049,53,women,0.52362925715589,0.50733394875221,1.60125376684284,2282.94944594986,32.4742212816534,0.804061274088511
2049,54,men,0.625653344057786,0.493853176577423,2.11634863683029,1475.95983768202,24.2087137882836,0.901382041049471
2049,54,women,0.522204742803352,0.483378346862831,1.34853364025888,2016.99005996043,29.7352180038458,0.854082416588591
2049,55,men,0.576216869004496,0.474281734480925,1.89660970041415,1452.5965388438,19.2687802009512,0.833341537622851
2049,55,women,0.465668084452422,0.48862290209877,1.34172162291609,2028.05295644916,26.462679545243,0.835118029941405
2049,56,men,0.575798868393965,0.487703148319357,1.90020894085229,1280.01213676769,22.4526983970194,0.801008896828253
2049,56,women,0.452117305774201,0.480327258767295,1.49284095378599,2076.72168489365,26.2031074914632,0.825628036539792
2049,57,men,0.5731737460178,0.486819265988225,2.20076447144076,1248.25758557105,18.4492084698614,0.824841892389339
2049,57,women,0.44072851541994,0.474651149320931,1.33132273095244,1354.10134959857,24.0512954370792,0.802163842627611
2049,58,men,0.578379120857404,0.47363887206411,2.08848072393542,970.527957920183,15.789596889232,0.844813996877659
2049,58,women,0.432283511226518,0.469677321937901,1.51939493800512,1325.7704864072,23.559150332407,0.833895176113385
2049,59,men,0.564724402041915,0.476647707219602,1.99707419984056,906.717276700223,15.441178575025,0.820577274946807
2049,59,women,0.438244677711355,0.446278157558351,1.83950016415319,1232.9286636278,20.3851865411033,0.852355839596615
2049,60,men,0.682233936764272,0.644374033126294,1.6817677053075,845.796177234312,17.7076939361567,0.836730636817769
2049,60,women,0.546687415691111,0.624300423508994,1.46605526195586,1167.17524138783,23.6368893374551,0.802596251321176
2049,61,men,0.66608411098571,0.645508882916039,2.00389902687944,681.159749006004,17.8290656718255,0.816223869170256
2049,61,women,0.545705562300271,0.616638806493083,1.40902753072115,1004.83694174559,21.1997285425323,0.816563296459375
2049,62,men,0.664285801294632,0.648386044383006,1.73560257179757,624.268186610129,15.0365274350098,0.817991335740615
2049,62,women,0.548091516541085,0.610443052845302,1.43424424223359,876.710417480499,20.6927631452247,0.815032200299287
2049,63,men,0.650741222996382,0.654770952070829,1.7820904496899,565.740430205753,14.5173336009943,0.855067537636584
2049,63,women,0.550887195172963,0.593764942524096,1.24988966186625,805.998291264919,20.8795222065078,0.790986766177957
2049,64,men,0.657267097040021,0.647581445390645,1.55524882587486,474.349403399017,14.6368629058411,0.829397871301765
2049,64,women,0.531744966942879,0.59399530299297,1.14806651456558,667.441727152233,21.0424892186818,0.8193256228612
2049,65,men,0.620366454739369,0.653036331553574,1.59051600562404,466.447010800437,13.234727741121,0.82889575388023
2049,65,women,0.520408359634157,0.588106152090985,1.59663326389837,556.016965999113,17.6530323146017,0.832464094056932
2049,66,men,0.623927945408597,0.650239961079014,1.57627311108582,365.074670436442,12.8670711676783,0.800409838327444
2049,66,women,0.496776547042942,0.585647386286478,1.15358028547815,506.893588819681,18.1015316670719,0.800059013244034
2049,67,men,0.616100147395697,0.657063165552436,1.47677406367736,364.034861027764,12.1570352009392,0.823992421473563
2049,67,women,0.534743293421042,0.598049557544047,1.10578799796574,372.645069337377,17.6593672966004,0.836061094467776
2049,68,men,0.626673205170219,0.668645291580906,1.35145155048202,341.661916010932,12.2258618505846,0.865915597328088
2049,68,women,0.522984298351308,0.602502845244265,1.15663937214251,397.318355235409,15.5455343859222,0.831031847403248
2049,69,men,0.616777817826787,0.688165915081061,1.16214731232752,296.852156246825,10.6936789031051,0.837544486887101
2049,69,women,0.527861854979788,0.608865949121301,1.16259203335777,321.100690548681,15.408437669134,0.830436970289405
2049,70,men,0.666503485019859,0.756588370459783,1.12044637716594,250.105867719279,10.7661019575354,0.816254798290171
2049,70,women,0.574156072062078,0.664775545358418,1.13977960627814,319.92522573012,15.7933734407567,0.853216135857987
2049,71,men,0.663101423599009,0.768197311313737,1.24895058475087,224.33662585539,10.6418895989224,0.838905864098576
2049,71,women,0.580391129114707,0.662950708306388,0.97754556014442,238.130777485908,13.9008378293758,0.795448833600186
2049,72,men,0.649579669070514,0.789659389928151,1.22867142329519,209.034196898432,9.97578463116071,0.838905825049921
2049,72,women,0.574504530052854,0.678471557969217,0.951608449208226,176.963009143242,13.7719022135357,0.835647266947381
2049,73,men,0.614780798189056,0.81001798628004,1.29244702806689,174.027354335679,8.93318939855292,0.849593292417038
2049,73,women,0.576916075819458,0.667868133972127,0.985980131393196,146.048845788289,13.4552996184328,0.852530311533266
2049,74,men,0.607721577421077,0.810331790071423,1.20828253106619,167.890061585487,9.27216785431069,0.833810527476016
2049,74,women,0.554058560608439,0.677294699924533,0.933402402414066,101.233871960463,11.8938839853536,0.80765941154159
2049,75,men,0.556282865726334,0.815282663565697,1.20560795148454,148.372566581437,7.98428023220016,0.85458515636355
2049,75,women,0.516322254546395,0.673135771915787,1.07423667853707,77.7512848269539,11.8048334673295,0.833912808180476
2049,76,men,0.541449690972889,0.818892153430224,1.21403868810526,132.466624035548,6.97191144993434,0.877341737617998
2049,76,women,0.518272648887563,0.675808135365296,1.11789402760763,66.479943848014,10.2614432276374,0.851179665200621
2049,77,men,0.521767734614844,0.842586673296928,1.28909975012252,127.010205710611,7.22123057279266,0.855892451613386
2049,77,women,0.494205798146056,0.68097612017959,0.91844457617618,53.0189572114762,9.52613621282795,0.835847452110443
2049,78,men,0.510717775653409,0.840317308258942,1.01318822044019,114.560226142156,6.43445850829185,0.856530631632046
2049,78,women,0.486850028630381,0.683500467130632,0.946418290389557,45.2037298696032,8.70051559266959,0.87772328024288
2049,79,men,0.494457010221681,0.857245999563705,0.973738327762878,103.542603793874,6.47224468731947,0.854554298936732
2049,79,women,0.477662569063304,0.692061974069958,0.869111166914838,38.0303322316314,8.33815883160203,0.858283983078491
2049,80,men,0.515617219790102,0.861125168355217,0.957509924666715,87.9170545455531,5.64414686995205,0.868832450215123
2049,80,women,0.477061129098959,0.703985345135133,0.83264357008989,34.4366627584781,7.25831141545707,0.857466060987118
2049,81,men,0.511835620570973,0.888650705851083,0.864745583144099,83.2391389701437,5.1755463101745,0.869776328606437
2049,81,women,0.482444456476047,0.712188897438576,0.767628102379517,30.9741272475748,7.44427754452704,0.828152033748155
2049,82,men,0.511077369546422,0.90092684651404,0.762592469450994,57.3210835944673,5.43954957419629,0.89658648020131
2049,82,women,0.485974896390589,0.733021150781793,0.704286385036809,25.5433128362224,6.52528248243098,0.844028935372179
2049,83,men,0.540069450394239,0.945512099722731,0.723724326362117,45.241690049146,4.90509138869303,0.901739173076762
2049,83,women,0.519279581176749,0.761593773847254,0.68959131787919,23.145595897871,5.86938989467915,0.856345729929985
2049,84,men,0.576627646828308,0.988593177914315,0.832714569674931,35.6470734139868,4.59309200922408,0.884502608292909
2049,84,women,0.539883204017712,0.792441984692139,0.787299763320848,17.8896809406968,5.38777924354686,0.890316986839056
2049,85,men,0.617385687655053,1.03322659665436,1.01998681676358,27.0301007268249,4.51285521894852,0.886882612689512
2049,85,women,0.564561225176043,0.841641531227064,0.846402518354133,17.6626791404399,5.14451753841742,0.876400188054181
2049,86,men,0.665730810993338,1.08745028571337,0.928625419625471,19.7066974469034,4.1261262318508,0.916520909653401
2049,86,women,0.618872438508389,0.893312389992112,0.902381010383033,13.9827868326223,4.53697420718796,0.867158264553162
2049,87,men,0.729687653961468,1.14744453956627,1.08880362794247,15.0122685987296,3.81291665574925,0.934933061035859
2049,87,women,0.669124968900922,0.956340564328842,0.850266098617839,11.7324790835963,4.29582571083876,0.880377728510004
2049,88,men,0.798564514599425,1.1757864137401,0.788418272639578,11.2860295259764,3.80585428340386,0.931692307375677
2049,88,women,0.720587507077132,1.04047314451604,0.986729767489678,10.1127019303092,3.91735407067597,0.893133332832053
2049,89,men,0.866153636866786,1.29037447326648,1.29380266962263,8.55310401273423,3.54858889474715,0.934505441788579
2049,89,women,0.78707220647512,1.09348184703206,0.915298534303264,8.3543091723348,3.48486321560286,0.895360573826713
2050,30,men,1.71993925748105,0.810100572983961,3.24030465531021,230.159538985154,89.4971676833639,0.875875175685034
2050,30,women,1.12002381761524,0.82180941852631,2.86909939545321,271.9859401936,123.262116119435,0.885745092257827
2050,31,men,1.66303998497484,0.791925767282569,3.20933123815952,139.623999971966,91.6940386041153,1.00821142404917
2050,31,women,1.1174848329708,0.780489795712778,2.88429094300135,305.326083292016,132.010069040214,0.941841249179068
2050,32,men,1.48451167060833,0.741080149303722,3.22165545552579,158.47638159545,102.646310959357,0.956398408636043
2050,32,women,0.847078622604038,0.737015871143646,2.86775794787486,350.437445028534,70.1863943116111,0.966132305538738
2050,33,men,1.11733183242823,0.697735210906807,3.21008398601192,181.192870643277,106.309908422493,0.969125646270915
2050,33,women,0.81170139435525,0.733144376533744,2.87052624475895,219.063305183991,97.9789715410995,0.893417613177796
2050,34,men,0.970475813464916,0.687774043571787,3.16256656997484,200.72962737729,109.216121067504,0.906157843510301
2050,34,women,0.751143790138435,0.680876962951588,2.75966805597003,251.960216240566,81.5965075184536,0.960736539432238
2050,35,men,1.06420394195974,0.702229659711759,1.464717759847,149.84427659551,120.263906159639,0.935843354530402
2050,35,women,0.797577482038285,0.715775973360012,1.20257400918164,278.964065400116,112.395125896491,0.896465227292324
2050,36,men,1.17245417944323,0.646932741034538,1.40120871463283,178.5038348237,120.267313064358,0.90953138326698
2050,36,women,0.865027091991632,0.690807866319025,1.27996937853159,316.076053301856,86.5479920362394,0.86783151386291
2050,37,men,1.30396218088666,0.64467416714403,1.45407846999536,205.937054113208,67.6472889273734,0.950297639987699
2050,37,women,0.946149996499434,0.686450142699268,1.31204756949295,347.416131860404,63.5083703740501,1.01108244071283
2050,38,men,1.24055898106387,0.622876215283858,1.41061239075047,219.069275583312,73.4312049964105,0.859494086047101
2050,38,women,0.85699434665208,0.711670854139938,1.20015408046063,309.092199388849,76.9566502679052,1.0514108453817
2050,39,men,0.946535768098637,0.625589068815741,1.31941543214884,264.768318969516,52.1054995157509,0.854447164657649
2050,39,women,0.904460716707934,0.662579900678187,1.283445456784,332.982277910955,98.6294422310484,0.896351346177824
2050,40,men,0.96596728406485,0.593539337568016,1.38857136293849,244.110001453963,54.3157162065333,0.894704862044788
2050,40,women,0.725961088865981,0.632768967162491,1.02372965803785,365.841707971152,68.8696759096806,0.877732209441871
2050,41,men,0.862976438182797,0.576069910017524,1.31056565632786,250.08005832932,55.5411201704008,0.822363612545645
2050,41,women,0.748548742402914,0.613771491530774,1.25879566653477,380.707237979509,72.6635072422414,0.888941317480535
2050,42,men,0.856446644499497,0.568955493261613,1.35769857555928,285.361124547004,58.139995632085,0.853410568610716
2050,42,women,0.787326633847779,0.635042932300899,1.32766245148798,508.013304026846,57.1792009865234,0.884170546854734
2050,43,men,0.87936579364976,0.556882642785993,1.62918120953724,345.047992747126,61.1778711353077,0.864697252128493
2050,43,women,0.693809952575985,0.621923313421029,1.12058357654475,514.904220940003,47.0655193082288,0.906401674294957
2050,44,men,0.834933547752071,0.554157482351517,1.73592898863482,351.698032411607,49.0674866307214,0.875527141386439
2050,44,women,0.692219107369066,0.606781737623918,1.30472874239547,699.795700464407,58.6594344913006,0.86578977122727
2050,45,men,0.755334494233808,0.546891122967969,1.69258439245587,437.680039308934,46.8802051612693,0.862710626505213
2050,45,women,0.649328151875995,0.581213325826977,1.43149714292596,605.347692250433,48.7317426030185,0.917402721734608
2050,46,men,0.753358053926598,0.533859196923202,1.51697481263526,463.753252122426,42.5036666214321,0.884255418181997
2050,46,women,0.641360318445341,0.548752279447082,1.57783803920801,1099.02844017886,41.9835898775123,0.891780368039416
2050,47,men,0.699934874967732,0.526258843709049,1.64779115660942,746.102756829135,37.4238095651032,0.860427152190315
2050,47,women,0.655575610888465,0.553816238974575,1.57487958856293,1198.32914314119,44.774180327939,0.868240433459414
2050,48,men,0.735032295335919,0.529341436070725,1.83323348638954,1115.85124206891,35.4322031429766,0.842208643778606
2050,48,women,0.597197041421498,0.55948336911296,1.81520625268428,1242.62428087279,35.9779161686191,0.890916522574224
2050,49,men,0.666287044378113,0.514667147662591,1.82486008411049,1816.8002860207,31.9590328052354,0.788707551373965
2050,49,women,0.597142351797905,0.529975785027713,1.42008970497656,2893.2193841248,35.2378000995711,0.833048370040769
2050,50,men,0.682564846110852,0.498393131371225,2.08350334141322,2332.06654697067,28.5387770864845,0.886600635826937
2050,50,women,0.570261194419538,0.499063596505713,1.49309768581933,2624.3723823683,32.781424163251,0.827617431952093
2050,51,men,0.643548972742608,0.490058892756422,1.85836384926702,1850.60429050546,25.9191946114037,0.849423740053584
2050,51,women,0.568556527402199,0.514171412741896,1.55725887020453,2751.74489311849,32.1531722024746,0.846857615038814
2050,52,men,0.636695668432973,0.481796216233472,1.90440097234707,1757.08676920443,25.440129055748,0.828632310390837
2050,52,women,0.536850887087497,0.50361909056444,1.21258423136421,3039.71209807756,29.1096080360149,0.914997848801149
2050,53,men,0.654585425953988,0.478580605816842,2.34977158983672,1788.37476145872,23.7810338135243,0.87182641493548
2050,53,women,0.515407027954315,0.499664993721483,1.61104284521466,2328.30893584735,27.5688204166723,0.803170558599964
2050,54,men,0.619985601439898,0.486600460327863,2.14117249191761,1554.37369684145,23.4374134115368,0.866959077463518
2050,54,women,0.514554105671734,0.475950618032966,1.35730928725717,2281.46529315192,27.7062123490727,0.979430324953551
2050,55,men,0.568983115771446,0.46692895858935,1.92394223428273,1473.54051710632,19.4474469667843,0.833084676724991
2050,55,women,0.457078440550302,0.48106908985975,1.35061964488816,2199.1211989595,27.6071557428855,0.836051015191574
2050,56,men,0.569089177747162,0.480336190472227,1.9278836233343,1358.15497986917,21.0323920489706,0.842679957071824
2050,56,women,0.443839827378143,0.472902024226478,1.50140750542936,1837.20301739588,23.7149567168406,0.848785034558008
2050,57,men,0.566608314659663,0.479502173527943,2.23161908631513,1169.67455398846,17.0579243513997,0.819665394908091
2050,57,women,0.432930207612282,0.467357617584581,1.33921996322144,1532.30594972888,21.3215510884769,0.819067888943037
2050,58,men,0.571034931867681,0.466227511500465,2.11722985842202,1025.34217538554,17.4420061185675,0.831708052097404
2050,58,women,0.424282548412675,0.462241778328755,1.5276937847606,1460.85489302313,21.5771608888755,0.790139279924046
2050,59,men,0.55745965583957,0.469339833588748,2.02399805788304,796.306930471045,16.188291557515,0.817216458063897
2050,59,women,0.42986378166931,0.439204029801119,1.84850846971602,1277.86113759159,21.6308235863982,0.863749845325912
2050,60,men,0.675880421592084,0.637592596248021,1.70266196485353,878.140943090788,16.9896373782164,0.823048460508728
2050,60,women,0.539007506307649,0.617197143423589,1.47370470657377,1102.20697277013,23.4071294044474,0.83002708921444
2050,61,men,0.660029098799273,0.638976180131698,2.02630162535356,751.493156167787,14.89312981487,0.813286066097868
2050,61,women,0.537701837092209,0.610144381203708,1.41633289070704,918.301270920289,20.9250036630221,0.834971574342537
2050,62,men,0.658099015808539,0.641834398646154,1.75429011055698,651.304365537743,15.1737893660762,0.835234090752989
2050,62,women,0.540245047531739,0.60353031771405,1.43877503247769,872.59865309821,22.1234781881208,0.821583851270549
2050,63,men,0.644058168702967,0.64848874561266,1.79846656479166,591.857822055382,14.6959261687972,0.834067204580851
2050,63,women,0.54278035931,0.586679327061713,1.25339184940297,794.425372916906,21.3565119116302,0.799626620980221
2050,64,men,0.650921578433378,0.641197050276376,1.56965300366866,492.689789255419,13.1574717044011,0.852478463361982
2050,64,women,0.523611389914101,0.586827780782641,1.14876732712032,625.351684346169,19.4449245773259,0.814092261190865
2050,65,men,0.613160037775644,0.64686322211636,1.60640784485217,466.63232024429,13.660157921201,0.78999535262034
2050,65,women,0.5116327491276,0.581018431648033,1.60071642579945,612.994399706822,17.7555349195499,0.85214789397123
2050,66,men,0.616925542186588,0.643799664261438,1.58626582072547,385.833151944697,13.6509192960695,0.797943677640068
2050,66,women,0.488600336147707,0.578622504109801,1.15437047858431,488.773103763171,16.694977921298,0.832586922880561
2050,67,men,0.609166030775384,0.650451749655169,1.48525782962512,321.900674717596,12.1904929784797,0.821519296055343
2050,67,women,0.527061240284995,0.591442756673233,1.1057219955325,444.066449864936,16.4915172292505,0.815569404764812
2050,68,men,0.619426371148731,0.662238222925545,1.35733895841998,326.242620385028,11.9501095797323,0.817711335820639
2050,68,women,0.514758720958065,0.595689291412094,1.15313226790716,328.592354705994,16.411930172637,0.854695353925932
2050,69,men,0.609321480763057,0.682261022020531,1.16401615382985,292.537467968719,10.8897407155882,0.831081105070985
2050,69,women,0.519908035894498,0.602329221581894,1.15919321797825,334.463379851025,14.7832067561692,0.781155525405348
2050,70,men,0.659781428274861,0.751515209133788,1.12141865141266,257.45109912895,11.6088071718605,0.818591242481597
2050,70,women,0.566483084907488,0.658650708276786,1.13433677015962,296.000890195359,14.6960429490859,0.825604699631774
2050,71,men,0.655765455533324,0.763356192621243,1.25157004737556,230.077920875932,11.0329577193735,0.791758320704676
2050,71,women,0.572188707654858,0.656961783408671,0.972904724062584,273.189414867079,14.8285342750286,0.819238376498177
2050,72,men,0.641821230436155,0.7852131270333,1.22887539671127,189.356854186526,10.0986709663069,0.806453892893004
2050,72,women,0.566643633513847,0.672540654604349,0.945531354739459,203.822532609697,13.4625859792714,0.798706406054308
2050,73,men,0.607334538083708,0.806158639627649,1.29174830747896,195.524123909607,8.95785580108124,0.817154962083821
2050,73,women,0.568663179776556,0.661908905814928,0.980435178929772,165.192044645344,11.5276843357224,0.829565650295365
2050,74,men,0.599869150857848,0.806049048407011,1.20830465653508,178.000048482057,8.56647055482057,0.826163271178099
2050,74,women,0.545800661836685,0.671543592989012,0.927937274604015,125.780088993022,11.8468738844411,0.828084651997007
2050,75,men,0.547389185184041,0.810854023327778,1.2008037041107,156.343879704819,7.99008893176681,0.825312241400215
2050,75,women,0.507304039705257,0.666880717728321,1.07195478455855,80.3338901905086,11.0276381696728,0.809011601483968
2050,76,men,0.532081416288114,0.814355295370924,1.21270389812934,133.401747188813,7.19445507180986,0.852144531770877
2050,76,women,0.509412361355073,0.669067875924625,1.10925540186931,69.2846211682205,10.0100064814732,0.823899709533794
2050,77,men,0.512625890550518,0.838772671222302,1.29391950376997,128.439884110185,7.56585325930241,0.857704561123618
2050,77,women,0.485316279126737,0.674326905301799,0.910292496189965,58.4242150647299,9.82658556593545,0.828793528353425
2050,78,men,0.50091990849706,0.835605361535764,1.00697239126236,120.375078500736,6.77473674895905,0.855290396088399
2050,78,women,0.477621831624241,0.676635169292292,0.94118535389384,47.8052997230912,9.33908857758491,0.857150362593788
2050,79,men,0.484179133584271,0.8531081210654,0.963507360257601,113.558608741863,6.11251822797138,0.87553818190408
2050,79,women,0.46813649030756,0.685505126360896,0.860207779910848,41.782481364608,8.12586748900434,0.851784126440471
2050,80,men,0.505692398769069,0.856861221929882,0.950348795321828,98.7352604519715,5.56011541170439,0.861723388847261
2050,80,women,0.467598712592413,0.697525397448712,0.823482329645228,35.8397138456371,7.79068385552023,0.821858969553805
2050,81,men,0.50116168701157,0.884990958352611,0.853652369532392,85.8160559931356,5.55385138703018,0.872060963552898
2050,81,women,0.472690630963272,0.705727747446051,0.756379057531102,31.8292376410681,7.19246767929165,0.880507689899713
2050,82,men,0.500294226980562,0.896511795113255,0.752521410549767,75.3958189847161,5.04023009328913,0.881541209707019
2050,82,women,0.4758866354624,0.726967974670705,0.693921170333867,27.3098951606283,6.6475326215684,0.866386179491065
2050,83,men,0.529393894527107,0.942851959473733,0.709554967027728,50.2519979805327,4.74935371651177,0.893526497535449
2050,83,women,0.509340628171346,0.755682317809688,0.676429918798269,23.2263809410372,5.87971336987388,0.845222544531867
2050,84,men,0.565811111311135,0.986540887894119,0.821319451455809,43.5992295787861,4.49198011585963,0.903376927130681
2050,84,women,0.529805788826853,0.787175842317785,0.776923757907856,19.3690943341265,5.5806342979496,0.855342165137181
2050,85,men,0.606865108063496,1.03156680379148,1.01435638027272,31.5157262259893,4.10540062599266,0.902094444252822
2050,85,women,0.554669883949179,0.83695873483185,0.840364500784091,16.463389016057,5.22272967150969,0.859166248464918
2050,86,men,0.655641557106361,1.08772651454415,0.920730956875304,22.2360000757646,3.89429801428961,0.90360665251515
2050,86,women,0.609737482150659,0.889651500890864,0.897807422244647,14.8622282255784,4.69635950678551,0.888882144383524
2050,87,men,0.72006483623084,1.14952878947837,1.09282285437918,16.7418294275035,3.65142477034366,0.935580303734763
2050,87,women,0.660069156652708,0.954148281313934,0.843478954414036,11.9254331249583,4.40407398104485,0.917572743547819
2050,88,men,0.788782484426594,1.17678467063684,0.768710799588,11.944665289817,3.51148435628952,0.914833971686797
2050,88,women,0.711677917539316,1.04009878576863,0.975225187645601,10.1686065818394,3.84862995430012,0.876971028318627
2050,89,men,0.856948538341293,1.29650372799806,1.30814011049612,9.13986793189239,3.22902538794246,0.917604791135546
2050,89,women,0.77804098560847,1.09398039685456,0.908080130403684,8.0868881717132,3.42589665536321,0.879170323000299
